// Auto-generated | InterDisplay-SemiBold.ttf | 14px | 4bpp | 2025-11-27 04:00

const uint8_t interdisplay_semibold_14_bin[] PROGMEM = {
  0x30, 0x00, 0x00, 0x00, 0x68, 0x65, 0x61, 0x64, 0x01, 0x00, 0x00, 0x00,
  0x03, 0x00, 0x0e, 0x00, 0x10, 0x00, 0xfb, 0xff, 0x0e, 0x00, 0xfd, 0xff,
  0x00, 0x00, 0xfb, 0xff, 0x10, 0x00, 0x00, 0x00, 0x10, 0x00, 0x00, 0x01,
  0x00, 0x04, 0x05, 0x06, 0x07, 0x01, 0x00, 0x00, 0x01, 0x00, 0x00, 0x00,
  0x7c, 0x01, 0x00, 0x00, 0x63, 0x6d, 0x61, 0x70, 0x11, 0x00, 0x00, 0x00,
  0x1c, 0x01, 0x00, 0x00, 0x20, 0x00, 0x00, 0x00, 0x5f, 0x00, 0x01, 0x00,
  0x5f, 0x00, 0x02, 0x00, 0x1c, 0x01, 0x00, 0x00, 0xa0, 0x00, 0x00, 0x00,
  0x0d, 0x00, 0x60, 0x00, 0x0d, 0x00, 0x02, 0x00, 0x1c, 0x01, 0x00, 0x00,
  0xae, 0x00, 0x00, 0x00, 0x52, 0x00, 0x6d, 0x00, 0x52, 0x00, 0x02, 0x00,
  0x1c, 0x01, 0x00, 0x00, 0x00, 0xe0, 0x00, 0x00, 0x01, 0x00, 0xbf, 0x00,
  0x01, 0x00, 0x02, 0x00, 0x1c, 0x01, 0x00, 0x00, 0x02, 0xe0, 0x00, 0x00,
  0x5d, 0x00, 0xc0, 0x00, 0x5d, 0x00, 0x02, 0x00, 0x1c, 0x01, 0x00, 0x00,
  0x6a, 0xe0, 0x00, 0x00, 0x54, 0x00, 0x1d, 0x01, 0x54, 0x00, 0x02, 0x00,
  0x1c, 0x01, 0x00, 0x00, 0xc8, 0xe0, 0x00, 0x00, 0x5d, 0x00, 0x71, 0x01,
  0x22, 0x00, 0x03, 0x00, 0x60, 0x01, 0x00, 0x00, 0x2a, 0xe1, 0x00, 0x00,
  0x35, 0x00, 0x93, 0x01, 0x35, 0x00, 0x02, 0x00, 0x60, 0x01, 0x00, 0x00,
  0x63, 0xe1, 0x00, 0x00, 0x61, 0x00, 0xc8, 0x01, 0x02, 0x00, 0x03, 0x00,
  0x64, 0x01, 0x00, 0x00, 0xd2, 0xe1, 0x00, 0x00, 0x0e, 0x00, 0xca, 0x01,
  0x0e, 0x00, 0x02, 0x00, 0x64, 0x01, 0x00, 0x00, 0xe1, 0xe1, 0x00, 0x00,
  0xfc, 0x00, 0xd8, 0x01, 0xfc, 0x00, 0x02, 0x00, 0x64, 0x01, 0x00, 0x00,
  0x01, 0xee, 0x00, 0x00, 0x17, 0x00, 0xd4, 0x02, 0x17, 0x00, 0x00, 0x00,
  0x7c, 0x01, 0x00, 0x00, 0x1d, 0xee, 0x00, 0x00, 0x29, 0x00, 0xe6, 0x02,
  0x29, 0x00, 0x02, 0x00, 0x7c, 0x01, 0x00, 0x00, 0x47, 0xee, 0x00, 0x00,
  0x3e, 0x00, 0x0f, 0x03, 0x3e, 0x00, 0x02, 0x00, 0x7c, 0x01, 0x00, 0x00,
  0x87, 0xee, 0x00, 0x00, 0x50, 0x00, 0x4d, 0x03, 0x50, 0x00, 0x02, 0x00,
  0x7c, 0x01, 0x00, 0x00, 0xd8, 0xee, 0x00, 0x00, 0x0a, 0x00, 0x9d, 0x03,
  0x0a, 0x00, 0x02, 0x00, 0x7c, 0x01, 0x00, 0x00, 0xc3, 0xf6, 0x00, 0x00,
  0x01, 0x00, 0xa7, 0x03, 0x01, 0x00, 0x02, 0x00, 0x00, 0x00, 0x01, 0x00,
  0x02, 0x00, 0x03, 0x00, 0x04, 0x00, 0x14, 0x00, 0x15, 0x00, 0x16, 0x00,
  0x17, 0x00, 0x18, 0x00, 0x19, 0x00, 0x1a, 0x00, 0x1b, 0x00, 0x1c, 0x00,
  0x1d, 0x00, 0x1e, 0x00, 0x2b, 0x00, 0x2c, 0x00, 0x2d, 0x00, 0x3e, 0x00,
  0x41, 0x00, 0x42, 0x00, 0x44, 0x00, 0x45, 0x00, 0x46, 0x00, 0x47, 0x00,
  0x49, 0x00, 0x4a, 0x00, 0x4b, 0x00, 0x4f, 0x00, 0x50, 0x00, 0x59, 0x00,
  0x5a, 0x00, 0x5c, 0x00, 0x00, 0x00, 0x60, 0x00, 0x00, 0x01, 0x02, 0x03,
  0x04, 0x05, 0x06, 0x00, 0x07, 0x08, 0x00, 0x09, 0x0a, 0x0b, 0x0c, 0x0d,
  0x0e, 0x0f, 0x00, 0x10, 0x00, 0x00, 0x11, 0x00, 0x5c, 0x07, 0x00, 0x00,
  0x6c, 0x6f, 0x63, 0x61, 0xa8, 0x03, 0x00, 0x00, 0x08, 0x00, 0x08, 0x00,
  0x0c, 0x00, 0x1e, 0x00, 0x2e, 0x00, 0x64, 0x00, 0xa8, 0x00, 0xea, 0x00,
  0x1f, 0x01, 0x28, 0x01, 0x4d, 0x01, 0x6d, 0x01, 0x89, 0x01, 0xa2, 0x01,
  0xac, 0x01, 0xb4, 0x01, 0xbd, 0x01, 0xe2, 0x01, 0x17, 0x02, 0x29, 0x02,
  0x59, 0x02, 0x8d, 0x02, 0xb7, 0x02, 0xe3, 0x02, 0x13, 0x03, 0x3a, 0x03,
  0x69, 0x03, 0x99, 0x03, 0xa8, 0x03, 0xb9, 0x03, 0xdb, 0x03, 0xec, 0x03,
  0x10, 0x04, 0x3b, 0x04, 0x9d, 0x04, 0xd3, 0x04, 0x03, 0x05, 0x3a, 0x05,
  0x68, 0x05, 0x89, 0x05, 0xa6, 0x05, 0xe1, 0x05, 0xfa, 0x05, 0x03, 0x06,
  0x1d, 0x06, 0x4b, 0x06, 0x5a, 0x06, 0x93, 0x06, 0xbd, 0x06, 0xf6, 0x06,
  0x1e, 0x07, 0x5b, 0x07, 0x8a, 0x07, 0xbf, 0x07, 0xd2, 0x07, 0xf1, 0x07,
  0x29, 0x08, 0x7b, 0x08, 0xb2, 0x08, 0xdb, 0x08, 0x07, 0x09, 0x17, 0x09,
  0x3a, 0x09, 0x4b, 0x09, 0x60, 0x09, 0x68, 0x09, 0x72, 0x09, 0x92, 0x09,
  0xb8, 0x09, 0xdb, 0x09, 0x02, 0x0a, 0x26, 0x0a, 0x3c, 0x0a, 0x6a, 0x0a,
  0x88, 0x0a, 0x95, 0x0a, 0xa9, 0x0a, 0xcc, 0x0a, 0xd5, 0x0a, 0xf5, 0x0a,
  0x0e, 0x0b, 0x30, 0x0b, 0x59, 0x0b, 0x80, 0x0b, 0x91, 0x0b, 0xb1, 0x0b,
  0xc9, 0x0b, 0xe0, 0x0b, 0x04, 0x0c, 0x38, 0x0c, 0x5b, 0x0c, 0x89, 0x0c,
  0xa8, 0x0c, 0xd2, 0x0c, 0xdb, 0x0c, 0x04, 0x0d, 0x16, 0x0d, 0x1a, 0x0d,
  0x2c, 0x0d, 0x5b, 0x0d, 0x8b, 0x0d, 0xbc, 0x0d, 0xed, 0x0d, 0xfc, 0x0d,
  0x39, 0x0e, 0x45, 0x0e, 0x8e, 0x0e, 0xa4, 0x0e, 0xc5, 0x0e, 0xd2, 0x0e,
  0x03, 0x0f, 0x0d, 0x0f, 0x25, 0x0f, 0x42, 0x0f, 0x58, 0x0f, 0x6e, 0x0f,
  0x78, 0x0f, 0x97, 0x0f, 0xb7, 0x0f, 0xc0, 0x0f, 0xca, 0x0f, 0xd6, 0x0f,
  0xee, 0x0f, 0x0f, 0x10, 0x4c, 0x10, 0x8c, 0x10, 0xd4, 0x10, 0xfd, 0x10,
  0x3f, 0x11, 0x81, 0x11, 0xc5, 0x11, 0x07, 0x12, 0x4b, 0x12, 0x8f, 0x12,
  0xcf, 0x12, 0x12, 0x13, 0x3f, 0x13, 0x6e, 0x13, 0x9e, 0x13, 0xcc, 0x13,
  0xdd, 0x13, 0xee, 0x13, 0x03, 0x14, 0x17, 0x14, 0x4d, 0x14, 0x84, 0x14,
  0xc9, 0x14, 0x0f, 0x15, 0x57, 0x15, 0x9b, 0x15, 0xe3, 0x15, 0x05, 0x16,
  0x4e, 0x16, 0x7a, 0x16, 0xa6, 0x16, 0xd4, 0x16, 0x03, 0x17, 0x39, 0x17,
  0x61, 0x17, 0x91, 0x17, 0xba, 0x17, 0xe3, 0x17, 0x0e, 0x18, 0x39, 0x18,
  0x64, 0x18, 0x92, 0x18, 0xc6, 0x18, 0xf3, 0x18, 0x20, 0x19, 0x4d, 0x19,
  0x7c, 0x19, 0xac, 0x19, 0xbb, 0x19, 0xca, 0x19, 0xdb, 0x19, 0xed, 0x19,
  0x21, 0x1a, 0x47, 0x1a, 0x72, 0x1a, 0x9d, 0x1a, 0xcb, 0x1a, 0xf9, 0x1a,
  0x28, 0x1b, 0x46, 0x1b, 0x70, 0x1b, 0x91, 0x1b, 0xb2, 0x1b, 0xd6, 0x1b,
  0xfa, 0x1b, 0x31, 0x1c, 0x5c, 0x1c, 0x96, 0x1c, 0xea, 0x1c, 0x28, 0x1d,
  0x6a, 0x1d, 0xb4, 0x1d, 0xfd, 0x1d, 0x46, 0x1e, 0x8d, 0x1e, 0xd5, 0x1e,
  0x1e, 0x1f, 0x65, 0x1f, 0xa9, 0x1f, 0xbd, 0x1f, 0xdd, 0x1f, 0x03, 0x20,
  0x22, 0x20, 0x3e, 0x20, 0x5a, 0x20, 0x77, 0x20, 0x98, 0x20, 0xb3, 0x20,
  0xcd, 0x20, 0xea, 0x20, 0x07, 0x21, 0x24, 0x21, 0x44, 0x21, 0x66, 0x21,
  0x84, 0x21, 0xa0, 0x21, 0xbe, 0x21, 0xda, 0x21, 0xf6, 0x21, 0x17, 0x22,
  0x37, 0x22, 0x58, 0x22, 0x79, 0x22, 0x9f, 0x22, 0xc6, 0x22, 0xe3, 0x22,
  0xfd, 0x22, 0x1d, 0x23, 0x37, 0x23, 0x4b, 0x23, 0x6b, 0x23, 0x94, 0x23,
  0xc5, 0x23, 0xf9, 0x23, 0x32, 0x24, 0x6f, 0x24, 0xa7, 0x24, 0xe1, 0x24,
  0x1d, 0x25, 0x52, 0x25, 0x86, 0x25, 0xc0, 0x25, 0xfd, 0x25, 0x36, 0x26,
  0x6f, 0x26, 0xac, 0x26, 0xe0, 0x26, 0x15, 0x27, 0x4d, 0x27, 0x7e, 0x27,
  0xb0, 0x27, 0xe6, 0x27, 0x18, 0x28, 0x49, 0x28, 0x7c, 0x28, 0xab, 0x28,
  0xdb, 0x28, 0x0d, 0x29, 0x41, 0x29, 0x7a, 0x29, 0xae, 0x29, 0xdf, 0x29,
  0xf2, 0x29, 0x05, 0x2a, 0x15, 0x2a, 0x34, 0x2a, 0x51, 0x2a, 0x60, 0x2a,
  0x78, 0x2a, 0x94, 0x2a, 0xaf, 0x2a, 0xd1, 0x2a, 0xed, 0x2a, 0x02, 0x2b,
  0x19, 0x2b, 0x30, 0x2b, 0x47, 0x2b, 0x66, 0x2b, 0x7e, 0x2b, 0x9b, 0x2b,
  0xb3, 0x2b, 0xc6, 0x2b, 0xf9, 0x2b, 0x32, 0x2c, 0x44, 0x2c, 0x74, 0x2c,
  0x9f, 0x2c, 0xce, 0x2c, 0xfd, 0x2c, 0x34, 0x2d, 0x50, 0x2d, 0x82, 0x2d,
  0xbb, 0x2d, 0xe7, 0x2d, 0x1c, 0x2e, 0x54, 0x2e, 0x78, 0x2e, 0xb2, 0x2e,
  0xeb, 0x2e, 0x24, 0x2f, 0x3f, 0x2f, 0x74, 0x2f, 0x9f, 0x2f, 0xd3, 0x2f,
  0x06, 0x30, 0x2c, 0x30, 0x4b, 0x30, 0x5c, 0x30, 0x6e, 0x30, 0x96, 0x30,
  0xbf, 0x30, 0x1f, 0x31, 0x28, 0x31, 0x30, 0x31, 0x3c, 0x31, 0x46, 0x31,
  0x5c, 0x31, 0x72, 0x31, 0x7b, 0x31, 0x8d, 0x31, 0xa6, 0x31, 0xbe, 0x31,
  0xcd, 0x31, 0xd9, 0x31, 0xe2, 0x31, 0xf1, 0x31, 0x07, 0x32, 0x26, 0x32,
  0x48, 0x32, 0x67, 0x32, 0x86, 0x32, 0x99, 0x32, 0xb8, 0x32, 0xd3, 0x32,
  0xdc, 0x32, 0xfc, 0x32, 0x1a, 0x33, 0x38, 0x33, 0x58, 0x33, 0x6f, 0x33,
  0x90, 0x33, 0x9a, 0x33, 0xad, 0x33, 0xb9, 0x33, 0xc5, 0x33, 0xdb, 0x33,
  0xec, 0x33, 0x01, 0x34, 0x12, 0x34, 0x25, 0x34, 0x38, 0x34, 0x50, 0x34,
  0x63, 0x34, 0x73, 0x34, 0x80, 0x34, 0x8d, 0x34, 0xa3, 0x34, 0xae, 0x34,
  0xc1, 0x34, 0xd7, 0x34, 0xf0, 0x34, 0x06, 0x35, 0x1c, 0x35, 0x2f, 0x35,
  0x45, 0x35, 0x5b, 0x35, 0x6c, 0x35, 0x74, 0x35, 0x81, 0x35, 0x91, 0x35,
  0xa1, 0x35, 0xb7, 0x35, 0xc3, 0x35, 0xd9, 0x35, 0xef, 0x35, 0x08, 0x36,
  0x1d, 0x36, 0x33, 0x36, 0x48, 0x36, 0x5e, 0x36, 0x74, 0x36, 0x81, 0x36,
  0x99, 0x36, 0xa5, 0x36, 0xb2, 0x36, 0xc5, 0x36, 0xd2, 0x36, 0x09, 0x37,
  0x17, 0x37, 0x27, 0x37, 0x39, 0x37, 0x5c, 0x37, 0x6f, 0x37, 0x7f, 0x37,
  0x92, 0x37, 0xa5, 0x37, 0xb5, 0x37, 0xc8, 0x37, 0xd6, 0x37, 0xe8, 0x37,
  0xf8, 0x37, 0xb1, 0x38, 0x4c, 0x39, 0xff, 0x39, 0xa9, 0x3a, 0x5b, 0x3b,
  0x0e, 0x3c, 0xac, 0x3c, 0x5a, 0x3d, 0x0f, 0x3e, 0xa7, 0x3e, 0x4d, 0x3f,
  0xf4, 0x3f, 0x92, 0x40, 0x3d, 0x41, 0xe8, 0x41, 0x92, 0x42, 0x3c, 0x43,
  0xe0, 0x43, 0x8e, 0x44, 0x09, 0x45, 0x54, 0x45, 0xcc, 0x45, 0x48, 0x46,
  0xb3, 0x46, 0x2a, 0x47, 0xaa, 0x47, 0x13, 0x48, 0x92, 0x48, 0x0e, 0x49,
  0x8b, 0x49, 0xd5, 0x49, 0x4a, 0x4a, 0xb0, 0x4a, 0x24, 0x4b, 0x98, 0x4b,
  0xe6, 0x4b, 0x56, 0x4c, 0xcb, 0x4c, 0x0e, 0x4d, 0x6e, 0x4d, 0xcd, 0x4d,
  0x20, 0x4e, 0x72, 0x4e, 0xb6, 0x4e, 0x1c, 0x4f, 0x78, 0x4f, 0xd1, 0x4f,
  0x2a, 0x50, 0x91, 0x50, 0xf5, 0x50, 0x51, 0x51, 0xb9, 0x51, 0xce, 0x51,
  0xda, 0x51, 0x07, 0x52, 0x3d, 0x52, 0x79, 0x52, 0xa5, 0x52, 0xdb, 0x52,
  0x08, 0x53, 0x42, 0x53, 0x7b, 0x53, 0xa7, 0x53, 0xe0, 0x53, 0x27, 0x54,
  0x75, 0x54, 0xb9, 0x54, 0x03, 0x55, 0x16, 0x55, 0x62, 0x55, 0xac, 0x55,
  0xee, 0x55, 0x36, 0x56, 0x72, 0x56, 0xb1, 0x56, 0xec, 0x56, 0x29, 0x57,
  0x6a, 0x57, 0x9f, 0x57, 0xd5, 0x57, 0x09, 0x58, 0x35, 0x58, 0x5f, 0x58,
  0x89, 0x58, 0xb3, 0x58, 0xf8, 0x58, 0x21, 0x59, 0x47, 0x59, 0x6f, 0x59,
  0x81, 0x59, 0x99, 0x59, 0xa7, 0x59, 0xb6, 0x59, 0xf1, 0x59, 0x0b, 0x5a,
  0x2e, 0x5a, 0x72, 0x5a, 0xba, 0x5a, 0xee, 0x5a, 0x24, 0x5b, 0x70, 0x5b,
  0xb9, 0x5b, 0x04, 0x5c, 0x47, 0x5c, 0x88, 0x5c, 0xcc, 0x5c, 0x1b, 0x5d,
  0x52, 0x5d, 0x8e, 0x5d, 0xc8, 0x5d, 0x0c, 0x5e, 0x56, 0x5e, 0x97, 0x5e,
  0xd6, 0x5e, 0x1d, 0x5f, 0x3f, 0x5f, 0x5c, 0x5f, 0x87, 0x5f, 0xbe, 0x5f,
  0xea, 0x5f, 0x22, 0x60, 0x58, 0x60, 0x8d, 0x60, 0xba, 0x60, 0xef, 0x60,
  0x2c, 0x61, 0x6c, 0x61, 0xd1, 0x61, 0x33, 0x62, 0x92, 0x62, 0xd4, 0x62,
  0x15, 0x63, 0x4e, 0x63, 0x85, 0x63, 0xb8, 0x63, 0xed, 0x63, 0x21, 0x64,
  0x66, 0x64, 0x82, 0x64, 0xa5, 0x64, 0xc0, 0x64, 0xdb, 0x64, 0x11, 0x65,
  0x46, 0x65, 0x73, 0x65, 0xa5, 0x65, 0xd0, 0x65, 0xfb, 0x65, 0x2f, 0x66,
  0x63, 0x66, 0x92, 0x66, 0xc7, 0x66, 0xfc, 0x66, 0x35, 0x67, 0x68, 0x67,
  0x97, 0x67, 0xc5, 0x67, 0xe4, 0x67, 0x1c, 0x68, 0x47, 0x68, 0x6f, 0x68,
  0x97, 0x68, 0xa5, 0x68, 0xb7, 0x68, 0xcf, 0x68, 0xe2, 0x68, 0xfa, 0x68,
  0x0e, 0x69, 0x33, 0x69, 0x63, 0x69, 0x79, 0x69, 0x88, 0x69, 0x9f, 0x69,
  0xcb, 0x69, 0xfc, 0x69, 0x1c, 0x6a, 0x3f, 0x6a, 0x79, 0x6a, 0xab, 0x6a,
  0xe3, 0x6a, 0x12, 0x6b, 0x41, 0x6b, 0x72, 0x6b, 0xaf, 0x6b, 0xe4, 0x6b,
  0xfd, 0x6b, 0x18, 0x6c, 0x37, 0x6c, 0x6a, 0x6c, 0x9e, 0x6c, 0xc8, 0x6c,
  0xf2, 0x6c, 0x23, 0x6d, 0x49, 0x6d, 0x69, 0x6d, 0x8a, 0x6d, 0xb3, 0x6d,
  0xe3, 0x6d, 0x09, 0x6e, 0x3c, 0x6e, 0x6c, 0x6e, 0x9a, 0x6e, 0xbf, 0x6e,
  0xec, 0x6e, 0x1e, 0x6f, 0x4b, 0x6f, 0x8d, 0x6f, 0xd0, 0x6f, 0x10, 0x70,
  0x3d, 0x70, 0x69, 0x70, 0xa0, 0x70, 0xd6, 0x70, 0x04, 0x71, 0x2b, 0x71,
  0x52, 0x71, 0x8c, 0x71, 0xc6, 0x71, 0xf8, 0x71, 0x30, 0x72, 0x5f, 0x72,
  0x8e, 0x72, 0x9d, 0x72, 0xbb, 0x72, 0xd5, 0x72, 0xea, 0x72, 0x07, 0x73,
  0x26, 0x73, 0x46, 0x73, 0x67, 0x73, 0x90, 0x73, 0xc1, 0x73, 0xe8, 0x73,
  0x1b, 0x74, 0x4c, 0x74, 0x7b, 0x74, 0xa0, 0x74, 0xcf, 0x74, 0x02, 0x75,
  0x2e, 0x75, 0x40, 0x75, 0x89, 0x75, 0xe1, 0x75, 0x23, 0x76, 0x5a, 0x76,
  0xa0, 0x76, 0xe8, 0x76, 0x24, 0x77, 0x53, 0x77, 0x90, 0x77, 0xac, 0x77,
  0xde, 0x77, 0x1c, 0x78, 0x49, 0x78, 0x70, 0x78, 0xa1, 0x78, 0xd2, 0x78,
  0xf9, 0x78, 0x2a, 0x79, 0x62, 0x79, 0x79, 0x79, 0xa2, 0x79, 0xcf, 0x79,
  0xef, 0x79, 0x0c, 0x7a, 0x3a, 0x7a, 0x67, 0x7a, 0x9a, 0x7a, 0xa2, 0x7a,
  0xa9, 0x7a, 0xb4, 0x7a, 0xc3, 0x7a, 0xd6, 0x7a, 0xe4, 0x7a, 0xf5, 0x7a,
  0x21, 0x7b, 0x2a, 0x7b, 0x3d, 0x7b, 0x48, 0x7b, 0x57, 0x7b, 0x5e, 0x7b,
  0x6a, 0x7b, 0x79, 0x7b, 0x8c, 0x7b, 0x9b, 0x7b, 0xab, 0x7b, 0xbc, 0x7b,
  0xcd, 0x7b, 0xde, 0x7b, 0xef, 0x7b, 0xfb, 0x7b, 0x03, 0x7c, 0x0b, 0x7c,
  0x23, 0x7c, 0x36, 0x7c, 0x44, 0x7c, 0x50, 0x7c, 0x58, 0x7c, 0x66, 0x7c,
  0x77, 0x7c, 0x81, 0x7c, 0x8f, 0x7c, 0x9f, 0x7c, 0xaf, 0x7c, 0xc2, 0x7c,
  0xd5, 0x7c, 0xe8, 0x7c, 0xfb, 0x7c, 0x0d, 0x7d, 0x1f, 0x7d, 0x2f, 0x7d,
  0x3f, 0x7d, 0x4f, 0x7d, 0x5f, 0x7d, 0x6f, 0x7d, 0x7f, 0x7d, 0xa3, 0x7d,
  0xba, 0x7d, 0xc1, 0x7d, 0xc8, 0x7d, 0xd7, 0x7d, 0x21, 0x7e, 0x54, 0x7e,
  0x87, 0x7e, 0xb9, 0x7e, 0xd2, 0x7e, 0xe0, 0x7e, 0x3c, 0x7f, 0x4a, 0x7f,
  0x5f, 0x7f, 0x77, 0x7f, 0x93, 0x7f, 0xaf, 0x7f, 0xcf, 0x7f, 0x05, 0x80,
  0x20, 0x80, 0x2d, 0x80, 0x4e, 0x80, 0x6f, 0x80, 0x90, 0x80, 0xad, 0x80,
  0xd1, 0x80, 0xf2, 0x80, 0x16, 0x81, 0x37, 0x81, 0x5b, 0x81, 0x7e, 0x81,
  0x9d, 0x81, 0xc6, 0x81, 0xef, 0x81, 0x1b, 0x82, 0x46, 0x82, 0x70, 0x82,
  0x9a, 0x82, 0xc5, 0x82, 0xf1, 0x82, 0x22, 0x83, 0x4e, 0x83, 0x81, 0x83,
  0xb1, 0x83, 0xe0, 0x83, 0x09, 0x84, 0x32, 0x84, 0x59, 0x84, 0x81, 0x84,
  0xb1, 0x84, 0xe3, 0x84, 0x14, 0x85, 0x44, 0x85, 0x73, 0x85, 0x9e, 0x85,
  0xc8, 0x85, 0xef, 0x85, 0x22, 0x86, 0x48, 0x86, 0x73, 0x86, 0x9a, 0x86,
  0xca, 0x86, 0xf1, 0x86, 0x01, 0x87, 0x27, 0x87, 0x46, 0x87, 0x6a, 0x87,
  0x8f, 0x87, 0xa0, 0x87, 0xb1, 0x87, 0xd7, 0x87, 0xf6, 0x87, 0x1a, 0x88,
  0x3e, 0x88, 0x50, 0x88, 0x62, 0x88, 0x6b, 0x88, 0x74, 0x88, 0x93, 0x88,
  0xb2, 0x88, 0xd1, 0x88, 0xf0, 0x88, 0x02, 0x89, 0x22, 0x89, 0x3c, 0x89,
  0x45, 0x89, 0x64, 0x89, 0x82, 0x89, 0xa0, 0x89, 0xc0, 0x89, 0xd7, 0x89,
  0xf1, 0x89, 0x0f, 0x8a, 0x2d, 0x8a, 0x4c, 0x8a, 0x6b, 0x8a, 0x7e, 0x8a,
  0x9d, 0x8a, 0xb7, 0x8a, 0xc0, 0x8a, 0xe0, 0x8a, 0xfe, 0x8a, 0x1c, 0x8b,
  0x3c, 0x8b, 0x53, 0x8b, 0x74, 0x8b, 0x86, 0x8b, 0x34, 0x8c, 0xb3, 0x8c,
  0x20, 0x8d, 0x6a, 0x8d, 0xaa, 0x8d, 0xcb, 0x8d, 0x07, 0x8e, 0x47, 0x8e,
  0x8c, 0x8e, 0xd6, 0x8e, 0x0b, 0x8f, 0x1d, 0x8f, 0x44, 0x8f, 0x63, 0x8f,
  0x93, 0x8f, 0xb9, 0x8f, 0xd2, 0x8f, 0xf9, 0x8f, 0x10, 0x90, 0x1c, 0x90,
  0x2f, 0x90, 0x42, 0x90, 0x55, 0x90, 0x68, 0x90, 0x74, 0x90, 0x80, 0x90,
  0x8c, 0x90, 0x9e, 0x90, 0xae, 0x90, 0xb7, 0x90, 0xc3, 0x90, 0xcf, 0x90,
  0xdb, 0x90, 0xe7, 0x90, 0xf8, 0x90, 0x09, 0x91, 0x12, 0x91, 0x19, 0x91,
  0x29, 0x91, 0x34, 0x91, 0x3e, 0x91, 0x48, 0x91, 0x53, 0x91, 0x70, 0x91,
  0x87, 0x91, 0x93, 0x91, 0xa2, 0x91, 0xb9, 0x91, 0xc2, 0x91, 0xd4, 0x91,
  0xe1, 0x91, 0xeb, 0x91, 0xf5, 0x91, 0x04, 0x92, 0x11, 0x92, 0x1e, 0x92,
  0x2b, 0x92, 0x3b, 0x92, 0x47, 0x92, 0x55, 0x92, 0x62, 0x92, 0x6e, 0x92,
  0x7c, 0x92, 0x8e, 0x92, 0x9b, 0x92, 0xa5, 0x92, 0xae, 0x92, 0xb8, 0x92,
  0xc6, 0x92, 0xd3, 0x92, 0xdd, 0x92, 0xe5, 0x92, 0xf0, 0x92, 0xf8, 0x92,
  0x01, 0x93, 0x0d, 0x93, 0x1b, 0x93, 0x25, 0x93, 0x2f, 0x93, 0x3b, 0x93,
  0x46, 0x93, 0x53, 0x93, 0x5d, 0x93, 0x66, 0x93, 0x74, 0x93, 0x80, 0x93,
  0x8e, 0x93, 0x9f, 0x93, 0xb0, 0x93, 0xc3, 0x93, 0xd6, 0x93, 0xe7, 0x93,
  0xf8, 0x93, 0x06, 0x94, 0x1b, 0x94, 0x27, 0x94, 0x31, 0x94, 0x3a, 0x94,
  0x46, 0x94, 0x52, 0x94, 0x60, 0x94, 0x6c, 0x94, 0x78, 0x94, 0x84, 0x94,
  0x8d, 0x94, 0xa0, 0x94, 0xae, 0x94, 0xc3, 0x94, 0xd0, 0x94, 0x00, 0x00,
  0x67, 0x6c, 0x79, 0x66, 0x06, 0x00, 0x00, 0x00, 0x06, 0x00, 0x06, 0x5a,
  0x7c, 0xb8, 0x08, 0x07, 0x84, 0x03, 0x78, 0x04, 0x62, 0x36, 0xb2, 0x64,
  0xb0, 0xf0, 0x0c, 0x13, 0x0a, 0x2f, 0x52, 0xf9, 0x81, 0x88, 0x09, 0x88,
  0x04, 0x20, 0xe0, 0x79, 0x07, 0xe2, 0x12, 0x00, 0x12, 0x58, 0x01, 0xbc,
  0x01, 0x90, 0x01, 0x71, 0x80, 0x0f, 0x80, 0x22, 0x60, 0x10, 0x50, 0x4f,
  0x55, 0x7f, 0x06, 0x43, 0x40, 0x2c, 0x20, 0x45, 0x92, 0x84, 0xb9, 0x99,
  0xcc, 0x5c, 0x00, 0x46, 0xe4, 0x1f, 0x41, 0x9a, 0x88, 0xd0, 0xb4, 0x2a,
  0xa0, 0x3d, 0x82, 0x82, 0x2b, 0x85, 0x20, 0x01, 0x78, 0x1c, 0x08, 0x00,
  0x12, 0x0f, 0x12, 0x78, 0x06, 0x40, 0x0f, 0x86, 0xc4, 0x03, 0x9a, 0x82,
  0x90, 0x02, 0x99, 0x20, 0x25, 0xb0, 0x13, 0x16, 0x86, 0x0c, 0x83, 0x02,
  0x18, 0x14, 0x28, 0xa8, 0x34, 0x80, 0x1a, 0x84, 0x54, 0x0e, 0x19, 0x00,
  0x12, 0xf4, 0x01, 0x3e, 0x80, 0x98, 0x30, 0x6a, 0x12, 0xbe, 0x38, 0x00,
  0xf4, 0x0d, 0x02, 0x1c, 0x1e, 0xc1, 0x0a, 0x46, 0x42, 0x4a, 0x08, 0x1b,
  0x60, 0x23, 0x5c, 0x02, 0x26, 0x06, 0x20, 0x00, 0x1a, 0x00, 0x18, 0x58,
  0x1f, 0x7b, 0x80, 0x47, 0xe6, 0x00, 0xd7, 0xa8, 0x40, 0x07, 0xb1, 0x80,
  0x8a, 0x94, 0x48, 0x1c, 0xa4, 0x00, 0x22, 0x42, 0x12, 0x24, 0x50, 0x06,
  0xda, 0xc8, 0x49, 0x54, 0x00, 0xc7, 0xbc, 0xea, 0xa8, 0xbf, 0xb1, 0x00,
  0xc3, 0x70, 0xaa, 0xb6, 0x90, 0x0d, 0x64, 0xd8, 0xe8, 0xa8, 0x01, 0x22,
  0xf0, 0x07, 0xf4, 0xc1, 0x06, 0x3a, 0x2a, 0x00, 0x20, 0x1c, 0x00, 0xe9,
  0x6d, 0x00, 0x12, 0x00, 0x12, 0x58, 0x02, 0x3f, 0xa0, 0x03, 0x3b, 0x90,
  0x9d, 0x40, 0x2c, 0x1b, 0xc0, 0x20, 0x08, 0xc4, 0x4c, 0x08, 0x01, 0x48,
  0xfc, 0xc1, 0x80, 0x4a, 0x22, 0x37, 0x05, 0x12, 0xb2, 0x73, 0x84, 0xa2,
  0x50, 0xe8, 0x57, 0x80, 0x20, 0x03, 0x05, 0x11, 0xa8, 0xa8, 0x54, 0xd9,
  0x03, 0x81, 0x61, 0xb3, 0x1e, 0x8a, 0x40, 0x08, 0x13, 0x04, 0x2f, 0x50,
  0x19, 0x84, 0x41, 0x90, 0x08, 0x0f, 0x0a, 0x70, 0x02, 0x2c, 0x00, 0x2e,
  0x01, 0x38, 0x68, 0x03, 0xc1, 0x00, 0x08, 0x24, 0x00, 0x22, 0x00, 0x67,
  0x00, 0x08, 0x08, 0x07, 0xc2, 0x0c, 0x01, 0x19, 0x80, 0x24, 0x04, 0x00,
  0x50, 0x68, 0x00, 0x91, 0xc0, 0x08, 0x0f, 0x08, 0x73, 0x61, 0x02, 0x9d,
  0x01, 0x8a, 0x80, 0x10, 0x84, 0x34, 0x10, 0x0c, 0x08, 0x1c, 0x3c, 0x04,
  0x04, 0x04, 0x04, 0x18, 0x3c, 0x34, 0x0c, 0x10, 0x10, 0x4d, 0x41, 0x82,
  0x40, 0x0e, 0x02, 0x0e, 0x38, 0x05, 0xe4, 0x01, 0x59, 0x8b, 0x60, 0x86,
  0x60, 0x6d, 0x40, 0x06, 0x40, 0x3e, 0x21, 0x54, 0x18, 0x81, 0x07, 0x38,
  0xa7, 0x10, 0x05, 0x84, 0x00, 0x12, 0x10, 0x0e, 0x40, 0x00, 0xfd, 0x00,
  0x3f, 0xf8, 0x9d, 0xf8, 0x17, 0xfe, 0x66, 0x28, 0x2b, 0x3c, 0x4c, 0x83,
  0xa6, 0x00, 0x3f, 0x8a, 0x54, 0x00, 0x06, 0x0f, 0x06, 0x21, 0x7b, 0x38,
  0x29, 0x01, 0xf2, 0x00, 0x0c, 0x02, 0x0c, 0x10, 0xcc, 0xe3, 0x26, 0x6e,
  0x06, 0x00, 0x06, 0x18, 0x18, 0x26, 0x4b, 0x8f, 0x00, 0x0a, 0x0f, 0x0a,
  0x68, 0x05, 0x96, 0x01, 0x1e, 0x00, 0x10, 0x10, 0x01, 0x80, 0x60, 0x04,
  0x40, 0x04, 0x78, 0x00, 0x40, 0x40, 0x06, 0x01, 0x80, 0x11, 0x00, 0x01,
  0x3c, 0x00, 0x28, 0x20, 0x03, 0x00, 0xc0, 0x0a, 0x80, 0x10, 0x12, 0x00,
  0x12, 0x58, 0x01, 0xb7, 0xf5, 0x40, 0x26, 0x93, 0x53, 0xa5, 0x00, 0x40,
  0xf5, 0x78, 0xd8, 0x20, 0xc8, 0x00, 0x5c, 0x4c, 0x80, 0xc0, 0x2c, 0x06,
  0x10, 0x70, 0x08, 0x40, 0xc4, 0x1c, 0x02, 0x10, 0x32, 0x03, 0x00, 0xb4,
  0x19, 0x06, 0x80, 0x02, 0xc2, 0x61, 0x05, 0xb5, 0xe3, 0x60, 0x06, 0x90,
  0x53, 0xa5, 0x00, 0x0a, 0x00, 0x0a, 0x58, 0x16, 0x7b, 0xae, 0x98, 0x03,
  0x92, 0x80, 0x11, 0x62, 0x00, 0x30, 0x0f, 0xfe, 0xb0, 0x10, 0x00, 0x10,
  0x58, 0x0c, 0xf7, 0xd9, 0x80, 0x35, 0x89, 0x53, 0x04, 0xcc, 0xd9, 0x54,
  0x06, 0x61, 0x50, 0x01, 0xc3, 0x97, 0x4c, 0x00, 0x81, 0xe0, 0x18, 0xe4,
  0x98, 0x02, 0x3c, 0x1f, 0x00, 0x93, 0x0b, 0x08, 0x00, 0xb6, 0x58, 0x40,
  0x05, 0xa0, 0x6b, 0xaa, 0x31, 0x00, 0x11, 0x56, 0xc0, 0x12, 0x00, 0x12,
  0x58, 0x02, 0x7b, 0xf1, 0x40, 0x2b, 0x65, 0x62, 0xa5, 0x02, 0x45, 0xb9,
  0xf0, 0xe0, 0x2b, 0x80, 0x0c, 0x20, 0x04, 0x26, 0x8c, 0x28, 0x00, 0xd4,
  0xe4, 0x86, 0x01, 0xb3, 0xe5, 0xa8, 0x12, 0xd0, 0x00, 0xc6, 0x80, 0x04,
  0xe0, 0x08, 0x80, 0x08, 0x6b, 0x93, 0xc3, 0x00, 0x0c, 0x62, 0x63, 0x97,
  0x00, 0x12, 0x00, 0x12, 0x58, 0x06, 0x5f, 0xf1, 0x80, 0x61, 0xb0, 0x0f,
  0xac, 0x54, 0x03, 0x91, 0x60, 0x80, 0x3a, 0x89, 0xc0, 0x3a, 0x47, 0x80,
  0x39, 0x19, 0xcc, 0x03, 0xb4, 0x1f, 0xfc, 0xe1, 0x95, 0x8c, 0xd8, 0xc1,
  0x7d, 0x66, 0x72, 0x04, 0xa8, 0x07, 0xf0, 0x10, 0x00, 0x10, 0x58, 0xff,
  0xf8, 0xcc, 0x04, 0xab, 0x84, 0x41, 0x55, 0xc4, 0xe0, 0x2b, 0x0a, 0x00,
  0x10, 0x8a, 0x7a, 0xb0, 0x09, 0x77, 0x95, 0x19, 0x2e, 0x88, 0x68, 0x34,
  0x8c, 0x03, 0x9d, 0xa2, 0x40, 0x08, 0x0a, 0xa2, 0x7b, 0xab, 0x0b, 0x0c,
  0x55, 0x93, 0x08, 0x10, 0x00, 0x10, 0x58, 0x01, 0xb7, 0xf5, 0x80, 0x0d,
  0x20, 0xc1, 0x2c, 0x10, 0x7b, 0x3a, 0x9e, 0x63, 0x29, 0x0d, 0x72, 0xa1,
  0x36, 0xf3, 0xa2, 0x20, 0x3b, 0xf7, 0x28, 0x00, 0x32, 0x04, 0x0b, 0x90,
  0x70, 0x04, 0x42, 0x81, 0x40, 0x03, 0x38, 0x58, 0xb6, 0x74, 0x20, 0x25,
  0xcd, 0x8a, 0xd0, 0x10, 0x00, 0x10, 0x5d, 0xff, 0xf8, 0xf1, 0x57, 0x08,
  0x01, 0xea, 0xb0, 0x91, 0x80, 0x67, 0x08, 0x00, 0xe9, 0x15, 0x00, 0xcc,
  0x30, 0x01, 0xd6, 0x2c, 0x01, 0x94, 0x98, 0x03, 0xa4, 0x24, 0x03, 0x21,
  0xb0, 0x80, 0x68, 0x08, 0x00, 0xc0, 0x10, 0x00, 0x10, 0x58, 0x0c, 0xf7,
  0xe2, 0x00, 0x35, 0x95, 0x8a, 0xcc, 0x4d, 0x2e, 0x68, 0x2c, 0x40, 0x3d,
  0xe1, 0x09, 0x51, 0x46, 0xc0, 0x86, 0xae, 0x28, 0x25, 0x83, 0xbe, 0xee,
  0x84, 0x08, 0x20, 0x81, 0x60, 0x01, 0x00, 0x04, 0x46, 0xe3, 0x15, 0x18,
  0x16, 0x38, 0xa8, 0xe1, 0x2c, 0x10, 0x00, 0x10, 0x58, 0x0d, 0x77, 0xd9,
  0x00, 0x31, 0x56, 0x4c, 0x15, 0x26, 0xba, 0xb1, 0x92, 0x0d, 0x00, 0x20,
  0x29, 0x06, 0x00, 0x10, 0x09, 0x45, 0xee, 0xac, 0x02, 0xc4, 0x4a, 0x0c,
  0x40, 0xef, 0xf9, 0xc9, 0x53, 0xa0, 0x00, 0xc3, 0xa8, 0x4f, 0x54, 0x92,
  0x60, 0xc5, 0x52, 0x2e, 0x00, 0x06, 0x00, 0x06, 0x41, 0xf3, 0xb8, 0x79,
  0x32, 0x40, 0xc0, 0x38, 0xc1, 0x32, 0x5c, 0x78, 0x06, 0x0f, 0x06, 0x51,
  0x73, 0xb0, 0xea, 0x65, 0x01, 0x80, 0x7c, 0x7e, 0xec, 0x08, 0x42, 0x7e,
  0x80, 0x12, 0x10, 0x0e, 0x48, 0x07, 0x90, 0x03, 0x36, 0xc0, 0x01, 0x76,
  0x4e, 0x97, 0x68, 0x27, 0x9a, 0x8a, 0x35, 0x80, 0x0c, 0x11, 0x24, 0x00,
  0x9d, 0x56, 0xda, 0x30, 0x2a, 0xd5, 0x57, 0x80, 0x45, 0x5b, 0x60, 0x12,
  0x11, 0x0e, 0x2e, 0x7f, 0xf6, 0x5b, 0x37, 0x5b, 0xcc, 0xf3, 0xba, 0x67,
  0x9e, 0xd9, 0xba, 0xc0, 0x12, 0x10, 0x10, 0x4a, 0x00, 0x7d, 0xfc, 0xc0,
  0x1d, 0xa1, 0x3a, 0xc0, 0x13, 0x74, 0x84, 0xeb, 0x00, 0x4d, 0xb2, 0x52,
  0x01, 0x14, 0xc8, 0x14, 0x0a, 0xb5, 0x97, 0x68, 0x25, 0x55, 0xb4, 0x40,
  0x0c, 0xda, 0x20, 0x0c, 0x10, 0x00, 0x10, 0x58, 0x15, 0xff, 0x48, 0x80,
  0xe2, 0x2a, 0x9b, 0x41, 0xc6, 0x6a, 0xd0, 0xc5, 0x65, 0xc0, 0x38, 0xd8,
  0x41, 0x91, 0x44, 0x02, 0x99, 0x35, 0x00, 0x42, 0xcb, 0x20, 0x1c, 0x7e,
  0x01, 0xc3, 0xea, 0x01, 0xc9, 0x94, 0x01, 0xcc, 0x3a, 0x01, 0x00, 0x1c,
  0x0e, 0x9c, 0x70, 0x04, 0x2f, 0x9f, 0xed, 0x81, 0x00, 0xe3, 0xf8, 0x06,
  0x69, 0xfd, 0x00, 0x22, 0xc3, 0xcc, 0x4c, 0xaf, 0x4e, 0xc8, 0x01, 0x21,
  0xe7, 0x5f, 0xb5, 0x98, 0x19, 0x01, 0x47, 0x2a, 0x57, 0x72, 0x80, 0xca,
  0x0a, 0x05, 0x8a, 0xc4, 0x29, 0x00, 0x08, 0x0a, 0x40, 0x4a, 0x08, 0x00,
  0x30, 0x01, 0x01, 0x00, 0x7f, 0xf0, 0x88, 0x09, 0x41, 0x00, 0x06, 0x00,
  0x50, 0x57, 0x0b, 0x15, 0x88, 0x52, 0x0c, 0x51, 0x19, 0x23, 0x8d, 0xab,
  0xbb, 0x11, 0xcf, 0x80, 0x12, 0x18, 0x55, 0xfa, 0x77, 0xfa, 0x60, 0x02,
  0xc3, 0xcc, 0x4c, 0xab, 0x8c, 0x03, 0x8f, 0xdc, 0x19, 0x88, 0x81, 0x00,
  0x80, 0x14, 0x00, 0x14, 0x58, 0x04, 0xff, 0xe2, 0x00, 0xf5, 0x80, 0x14,
  0x03, 0x84, 0xd0, 0x28, 0x03, 0x98, 0x35, 0x08, 0x80, 0x1a, 0xc1, 0xf4,
  0x14, 0x02, 0x13, 0x21, 0x70, 0xb0, 0x09, 0xc1, 0x40, 0x48, 0xc8, 0x01,
  0x40, 0xff, 0xe2, 0x05, 0x01, 0x31, 0x66, 0x94, 0x2c, 0x1c, 0x1a, 0x66,
  0xa1, 0x32, 0xd0, 0xb0, 0x0c, 0xc0, 0xa0, 0x12, 0x00, 0x12, 0x59, 0x7f,
  0xee, 0xa1, 0x00, 0x89, 0x98, 0x4b, 0xa0, 0x13, 0xcc, 0xb0, 0xcc, 0x20,
  0x1f, 0x84, 0x00, 0xf1, 0x0b, 0x39, 0x00, 0x89, 0xdc, 0x82, 0x01, 0x97,
  0xfd, 0xa5, 0x28, 0x01, 0xc5, 0x21, 0x80, 0x1e, 0xd0, 0xf0, 0x03, 0xcc,
  0xad, 0xc1, 0x80, 0x04, 0xcc, 0x54, 0xc1, 0x14, 0x00, 0x14, 0x58, 0x00,
  0xa7, 0xbf, 0x58, 0x02, 0x2c, 0x60, 0x32, 0x99, 0x00, 0x38, 0x67, 0xb3,
  0x89, 0x90, 0xcc, 0x8c, 0x00, 0x19, 0x23, 0x50, 0xd0, 0x0c, 0x9a, 0xe2,
  0x06, 0x01, 0xf0, 0x81, 0x80, 0x7c, 0xa1, 0xa0, 0x19, 0x35, 0xcc, 0xc8,
  0xc0, 0x01, 0x92, 0x30, 0xe1, 0x9e, 0xce, 0x25, 0x40, 0x2c, 0x50, 0x32,
  0x9a, 0x00, 0x14, 0x00, 0x14, 0x59, 0x7f, 0xed, 0x80, 0x0e, 0x15, 0x43,
  0x7d, 0x10, 0x09, 0x2a, 0xf9, 0x8a, 0x00, 0x3e, 0x91, 0x60, 0x0f, 0xca,
  0x04, 0x01, 0xf1, 0x00, 0x80, 0x7c, 0x40, 0x20, 0x1f, 0x28, 0x10, 0x07,
  0xa4, 0x58, 0x02, 0x4a, 0xbe, 0x62, 0x80, 0x08, 0x55, 0x0d, 0xf4, 0x40,
  0x10, 0x00, 0x10, 0x59, 0x7f, 0xfb, 0x80, 0x02, 0x89, 0xc0, 0x04, 0xbb,
  0xd4, 0x01, 0xfe, 0x4a, 0xac, 0xa0, 0x01, 0x55, 0xda, 0x00, 0x5f, 0xfd,
  0x00, 0x1f, 0xfc, 0x64, 0xbb, 0xd4, 0x00, 0x14, 0x4e, 0x10, 0x00, 0x10,
  0x59, 0x7f, 0xfa, 0xc0, 0x02, 0x89, 0xb0, 0x00, 0x97, 0x79, 0xc0, 0x3f,
  0xf8, 0xcb, 0xff, 0x94, 0x00, 0x2a, 0xb9, 0x80, 0x09, 0x55, 0x8c, 0x03,
  0xff, 0x98, 0x14, 0x00, 0x14, 0x58, 0x00, 0x67, 0xbf, 0x58, 0x02, 0x2f,
  0x60, 0x32, 0x9a, 0x00, 0x70, 0xc7, 0x67, 0x1a, 0xa8, 0xcc, 0x8e, 0x00,
  0x1e, 0x60, 0x50, 0xd0, 0x0c, 0x52, 0xa2, 0x06, 0x00, 0x6f, 0xfa, 0xc4,
  0x0c, 0x00, 0xae, 0xc0, 0x05, 0x0d, 0x00, 0x1c, 0x50, 0x11, 0x99, 0x18,
  0x00, 0x3e, 0x14, 0x1c, 0x33, 0xd9, 0xc6, 0xc6, 0x05, 0x8a, 0x06, 0x53,
  0x20, 0x14, 0x00, 0x14, 0x59, 0x7d, 0x00, 0x6a, 0xf2, 0x00, 0xff, 0xea,
  0x25, 0xde, 0x40, 0x0c, 0x28, 0x98, 0x40, 0x32, 0xff, 0xe5, 0x00, 0xff,
  0xef, 0x00, 0x08, 0x00, 0x06, 0x59, 0x7d, 0x00, 0x7f, 0xf4, 0x80, 0x10,
  0x00, 0x0e, 0x58, 0x07, 0x77, 0x80, 0x7f, 0xf6, 0x04, 0x03, 0xa3, 0x88,
  0x02, 0x1e, 0x04, 0x01, 0x11, 0x38, 0x4d, 0xf8, 0x58, 0xe1, 0xa1, 0xc3,
  0x80, 0x12, 0x00, 0x14, 0x59, 0x7d, 0x00, 0x4f, 0xf8, 0x01, 0xe4, 0x82,
  0xd0, 0x0e, 0x2a, 0x0f, 0x10, 0x0e, 0xf1, 0xa2, 0x00, 0xeb, 0x27, 0x50,
  0x0e, 0x54, 0x03, 0x00, 0xf9, 0x12, 0x50, 0x0e, 0x2b, 0xa0, 0xb1, 0x00,
  0xce, 0x03, 0x23, 0x60, 0x1f, 0x31, 0xaa, 0x00, 0x7d, 0xe1, 0x40, 0x10,
  0x00, 0x10, 0x59, 0x7d, 0x00, 0x7f, 0xfe, 0xd2, 0xef, 0x20, 0x00, 0x51,
  0x31, 0x00, 0x18, 0x00, 0x18, 0x59, 0x7f, 0xa4, 0x03, 0x27, 0xfa, 0x00,
  0x27, 0x00, 0xda, 0x01, 0xe1, 0x40, 0x09, 0xc4, 0x03, 0x20, 0x70, 0x01,
  0x05, 0x00, 0x31, 0x1a, 0x80, 0x38, 0x30, 0x03, 0xac, 0x14, 0x14, 0x88,
  0x01, 0x8d, 0x43, 0xd0, 0x28, 0x03, 0xc4, 0x69, 0xa0, 0xa0, 0x1f, 0x50,
  0xb1, 0x90, 0x07, 0xce, 0x00, 0xa0, 0x0f, 0xc2, 0x80, 0xe0, 0x18, 0x14,
  0x00, 0x14, 0x59, 0x7f, 0x84, 0x02, 0x9f, 0x30, 0x0a, 0xc0, 0x3f, 0x95,
  0x00, 0x3e, 0x40, 0x90, 0x0f, 0x85, 0xc9, 0x80, 0x3e, 0x81, 0x81, 0x00,
  0xfa, 0xc6, 0x00, 0x3e, 0x53, 0x62, 0x00, 0xfb, 0xc1, 0x00, 0x3e, 0x36,
  0x00, 0xfe, 0x81, 0x00, 0x00, 0x14, 0x00, 0x14, 0x58, 0x00, 0xab, 0xbf,
  0x14, 0x02, 0x2c, 0x50, 0x33, 0x54, 0x80, 0x38, 0x67, 0xb3, 0x89, 0x90,
  0xcc, 0x8c, 0x00, 0x19, 0x0e, 0x50, 0xd0, 0x0c, 0x80, 0x82, 0x06, 0x01,
  0xc4, 0x22, 0x03, 0x00, 0xe2, 0x15, 0x0d, 0x00, 0xc8, 0x08, 0x66, 0x46,
  0x00, 0x0c, 0x87, 0x07, 0x0c, 0xf6, 0x71, 0x32, 0x01, 0x62, 0x81, 0x9a,
  0x64, 0x00, 0x12, 0x00, 0x12, 0x59, 0x7f, 0xee, 0x91, 0x00, 0x85, 0x54,
  0x6d, 0xa0, 0x12, 0x55, 0x35, 0x0c, 0xc0, 0x1e, 0xc0, 0x60, 0x0f, 0x60,
  0x30, 0x01, 0x2a, 0x9a, 0x86, 0x60, 0x00, 0xaa, 0x8d, 0xb4, 0x02, 0x5f,
  0xf7, 0x48, 0x80, 0x7f, 0xf4, 0x00, 0x14, 0x0f, 0x94, 0x60, 0x00, 0xab,
  0xbf, 0x14, 0x02, 0x2c, 0x50, 0x33, 0x54, 0x80, 0x38, 0x67, 0xb3, 0x89,
  0x90, 0xcc, 0x8c, 0x00, 0x19, 0x0e, 0x50, 0xd0, 0x0c, 0x80, 0x82, 0x06,
  0x01, 0xc4, 0x22, 0x03, 0x00, 0xe2, 0x15, 0x0d, 0x02, 0xb5, 0x30, 0x43,
  0x32, 0x31, 0x12, 0xb8, 0x38, 0x38, 0x67, 0x94, 0x09, 0xd0, 0x0b, 0x14,
  0x0c, 0xc0, 0x1c, 0x55, 0xdf, 0x90, 0xe6, 0x12, 0x00, 0x12, 0x59, 0x7f,
  0xee, 0xa1, 0x00, 0x85, 0x54, 0x6b, 0x80, 0x12, 0x55, 0x35, 0x49, 0x40,
  0x3d, 0xe0, 0x40, 0x1e, 0xc0, 0x20, 0x03, 0xcc, 0xb1, 0x89, 0x40, 0x04,
  0xcc, 0x33, 0x60, 0x04, 0xbf, 0xc0, 0x42, 0x01, 0xc2, 0xe2, 0xc0, 0x1e,
  0x90, 0x80, 0x0f, 0x0b, 0x0b, 0x00, 0x12, 0x00, 0x12, 0x58, 0x02, 0x7b,
  0xf5, 0xc0, 0x2c, 0x63, 0x43, 0x89, 0x03, 0x32, 0x6d, 0xf1, 0x30, 0x04,
  0x20, 0x17, 0x48, 0x99, 0x2d, 0xb1, 0x1b, 0x08, 0x62, 0xa4, 0xee, 0x90,
  0x00, 0x35, 0xf6, 0xc5, 0x64, 0xb4, 0x60, 0x93, 0x00, 0x80, 0xb2, 0x01,
  0x70, 0x1a, 0x92, 0xed, 0x6b, 0x12, 0x86, 0x38, 0x29, 0xb6, 0x00, 0x12,
  0x00, 0x12, 0x5d, 0xff, 0xfc, 0xf8, 0x88, 0x20, 0x34, 0x41, 0x3d, 0xd9,
  0x42, 0x2e, 0xca, 0x01, 0xff, 0xfc, 0x14, 0x00, 0x14, 0x59, 0xfc, 0x80,
  0x6b, 0xf0, 0x0f, 0xff, 0x88, 0x81, 0x00, 0x66, 0x00, 0x10, 0xa1, 0x80,
  0x14, 0x8c, 0x01, 0x01, 0x98, 0xda, 0x08, 0x00, 0x35, 0x99, 0x89, 0x31,
  0x00, 0x14, 0x00, 0x14, 0x5d, 0xf9, 0x80, 0x68, 0xf6, 0xd0, 0xb0, 0x0c,
  0xa0, 0xee, 0x05, 0x00, 0x88, 0x88, 0x22, 0x32, 0x20, 0x01, 0x43, 0x40,
  0x14, 0x0a, 0x00, 0xb0, 0x70, 0x03, 0x85, 0x80, 0x99, 0x84, 0x00, 0x26,
  0x61, 0x70, 0xa0, 0x0d, 0x60, 0x98, 0x0e, 0x01, 0x98, 0x3d, 0x0c, 0x40,
  0x30, 0x9a, 0x8d, 0x80, 0x7a, 0xc0, 0x0a, 0x01, 0x00, 0x1c, 0x00, 0x1c,
  0x5e, 0x78, 0x80, 0x0f, 0xf8, 0x02, 0x6f, 0x84, 0x04, 0x00, 0x20, 0x09,
  0x00, 0x3c, 0x33, 0x01, 0x80, 0x0d, 0x00, 0x20, 0x01, 0x01, 0x10, 0x0a,
  0x00, 0x44, 0x06, 0x00, 0x91, 0x80, 0x0c, 0xc0, 0x43, 0x86, 0xe0, 0xa0,
  0x80, 0x04, 0x03, 0x40, 0x44, 0x10, 0xe0, 0x60, 0x03, 0x01, 0x3c, 0x0f,
  0x01, 0x0c, 0x10, 0x00, 0x81, 0xa8, 0x80, 0x40, 0xd5, 0x30, 0x0c, 0x68,
  0x58, 0x00, 0x35, 0x14, 0x00, 0xc8, 0x20, 0x60, 0x04, 0x20, 0xc0, 0x0d,
  0x80, 0x04, 0x00, 0x60, 0x01, 0x00, 0x00, 0x14, 0x00, 0x14, 0x5a, 0x7e,
  0x00, 0x47, 0xf8, 0x08, 0xa6, 0xc0, 0x0f, 0x0f, 0x00, 0x58, 0x40, 0xb1,
  0xb1, 0x80, 0x06, 0x46, 0xe0, 0x64, 0x03, 0x31, 0xa8, 0xd0, 0x07, 0xa8,
  0x05, 0x00, 0x38, 0x60, 0x06, 0x00, 0x3a, 0x06, 0x49, 0xcc, 0x02, 0x46,
  0x36, 0x90, 0xf0, 0x0a, 0x43, 0x81, 0x14, 0xdc, 0x24, 0xa0, 0x80, 0x16,
  0x30, 0x40, 0x12, 0x00, 0x14, 0x5d, 0x7b, 0x80, 0x6e, 0xf1, 0xb0, 0x90,
  0x0a, 0x05, 0xc4, 0x4e, 0x30, 0x02, 0xe3, 0x00, 0x08, 0x17, 0x18, 0x08,
  0x00, 0xd0, 0x16, 0xc4, 0xc0, 0x19, 0x89, 0x42, 0x00, 0x3d, 0x00, 0x6a,
  0x01, 0xe7, 0x06, 0x00, 0xff, 0xeb, 0x00, 0x12, 0x00, 0x12, 0x5b, 0xff,
  0xfc, 0xa4, 0x89, 0xc0, 0x01, 0x5b, 0xbd, 0x80, 0xa8, 0x01, 0x8e, 0x0a,
  0x80, 0x30, 0xe8, 0x70, 0x07, 0x58, 0xc1, 0x80, 0x66, 0x54, 0x70, 0x0c,
  0x72, 0x34, 0x01, 0xdc, 0x1a, 0x20, 0x1a, 0x08, 0x62, 0xef, 0x21, 0x00,
  0xa2, 0x71, 0x00, 0x08, 0x0f, 0x08, 0x70, 0x7f, 0xc0, 0x02, 0x70, 0x03,
  0x40, 0x07, 0xff, 0x69, 0xa0, 0x00, 0x4e, 0x0a, 0x0f, 0x0a, 0x6e, 0xd8,
  0x04, 0xa8, 0x01, 0x60, 0x18, 0x01, 0x41, 0x00, 0x02, 0x78, 0x01, 0x22,
  0x00, 0x2c, 0x03, 0x00, 0x20, 0x20, 0x04, 0x78, 0x01, 0x22, 0x00, 0x2c,
  0x03, 0x00, 0x20, 0x20, 0x04, 0x78, 0x08, 0x0f, 0x08, 0x74, 0x7f, 0xa3,
  0x18, 0x00, 0x94, 0x01, 0xff, 0xda, 0x4a, 0x00, 0x63, 0x00, 0x00, 0x0c,
  0x03, 0x0e, 0x28, 0x01, 0x5c, 0x03, 0x0d, 0x43, 0x00, 0x52, 0x51, 0x60,
  0x13, 0x5b, 0x12, 0x83, 0x83, 0x0b, 0x48, 0x00, 0x0e, 0x0f, 0x0e, 0x14,
  0x47, 0x91, 0xdf, 0xda, 0x08, 0x04, 0x88, 0x18, 0xa0, 0x80, 0x2a, 0x00,
  0x69, 0x84, 0x10, 0x00, 0x0e, 0x40, 0x1e, 0x7f, 0x48, 0x0e, 0x93, 0xa3,
  0x41, 0xbe, 0xc5, 0x02, 0x15, 0xa5, 0xe8, 0x09, 0xec, 0x95, 0x88, 0x20,
  0x6c, 0xb0, 0x81, 0x04, 0x3d, 0x80, 0x15, 0x96, 0x74, 0x40, 0x10, 0x00,
  0x10, 0x59, 0xfb, 0x80, 0x7f, 0xf2, 0xfe, 0xff, 0x50, 0x02, 0x77, 0x31,
  0x59, 0x00, 0x0f, 0x26, 0xc2, 0xc0, 0x16, 0x00, 0x40, 0x20, 0x0f, 0xf5,
  0x80, 0x14, 0x08, 0x00, 0x79, 0x54, 0x0b, 0x00, 0x3b, 0x94, 0xac, 0x80,
  0x10, 0x00, 0x10, 0x40, 0x0d, 0x7f, 0x50, 0x80, 0x31, 0x54, 0x8b, 0x40,
  0xa4, 0xf5, 0x46, 0x52, 0xd0, 0xb0, 0x04, 0xf1, 0x00, 0x7e, 0xd0, 0xb0,
  0x05, 0x71, 0x29, 0x3d, 0x51, 0x54, 0x41, 0x8a, 0xa4, 0x5a, 0x00, 0x10,
  0x00, 0x10, 0x58, 0x07, 0x27, 0xb8, 0x07, 0xff, 0x14, 0xb3, 0xf0, 0x80,
  0x2c, 0x35, 0x79, 0x00, 0x28, 0xbd, 0x5b, 0x00, 0x34, 0x2c, 0x01, 0x40,
  0x1f, 0xed, 0x0b, 0x00, 0x50, 0x01, 0x45, 0xea, 0xd8, 0x02, 0xc3, 0x57,
  0x90, 0x00, 0x10, 0x00, 0x10, 0x40, 0x0d, 0x7f, 0x48, 0x05, 0x88, 0xee,
  0x6b, 0x05, 0x2b, 0x89, 0x74, 0x2d, 0x0a, 0xff, 0x38, 0x30, 0x02, 0xb3,
  0x32, 0xe8, 0x11, 0x99, 0xa4, 0x14, 0xa2, 0x65, 0x42, 0x20, 0xc5, 0x67,
  0x6b, 0x00, 0x0a, 0x00, 0x0a, 0x58, 0x0e, 0x7c, 0x84, 0x9a, 0x60, 0x08,
  0x4a, 0xf3, 0x06, 0xcc, 0x8c, 0x1b, 0x5d, 0x42, 0xd0, 0x03, 0xff, 0x9a,
  0x10, 0x0e, 0x90, 0x58, 0x16, 0x7e, 0x37, 0xb8, 0x61, 0xab, 0x48, 0x01,
  0x45, 0xea, 0x8e, 0x00, 0xd0, 0xb0, 0x05, 0x80, 0x7f, 0xb4, 0x2c, 0x01,
  0x60, 0x05, 0x17, 0xaa, 0x38, 0x05, 0x86, 0xad, 0x20, 0x12, 0x7f, 0xb0,
  0x00, 0x41, 0x79, 0x31, 0x01, 0x50, 0xf4, 0x77, 0x2e, 0x80, 0x10, 0x00,
  0x10, 0x59, 0xfb, 0x80, 0x7f, 0xf2, 0xfe, 0xbf, 0x4c, 0x02, 0x76, 0x42,
  0xd0, 0x09, 0x32, 0xd4, 0x48, 0x00, 0x60, 0x0d, 0x01, 0x00, 0x78, 0x06,
  0x70, 0x0f, 0xfe, 0x60, 0x06, 0x00, 0x06, 0x59, 0xfb, 0x38, 0x0a, 0x73,
  0x9f, 0x38, 0x07, 0xff, 0x24, 0x07, 0xfe, 0x88, 0x70, 0x1f, 0xb0, 0x04,
  0x20, 0x7c, 0xe0, 0x7d, 0x00, 0x1f, 0xfd, 0x3f, 0x3f, 0x02, 0x43, 0x55,
  0x00, 0x10, 0x00, 0x10, 0x59, 0xfb, 0x80, 0x7f, 0xf3, 0x4b, 0xf8, 0x40,
  0x21, 0xc0, 0xc1, 0x00, 0x7e, 0x8d, 0x90, 0x04, 0xe6, 0xa8, 0x01, 0xc2,
  0xa6, 0x01, 0x9f, 0x43, 0x80, 0x37, 0x9b, 0x94, 0x00, 0x74, 0x1b, 0x98,
  0x06, 0x00, 0x06, 0x59, 0xfb, 0x80, 0x7f, 0xf4, 0x80, 0x18, 0x00, 0x18,
  0x41, 0xfc, 0x5f, 0xe1, 0x47, 0x71, 0x80, 0x27, 0x36, 0x3d, 0x39, 0x09,
  0x20, 0x03, 0x44, 0x90, 0x5b, 0xc0, 0x38, 0x03, 0x80, 0x02, 0x20, 0x01,
  0x81, 0x80, 0x7f, 0xf9, 0x00, 0x10, 0x00, 0x10, 0x41, 0xfc, 0x5f, 0xe9,
  0x80, 0x4e, 0x2c, 0x5a, 0x01, 0x2d, 0x4b, 0x09, 0x00, 0x34, 0x01, 0xc0,
  0x20, 0x1f, 0x38, 0x07, 0xff, 0x30, 0x10, 0x00, 0x10, 0x40, 0x0d, 0x77,
  0x28, 0x40, 0x18, 0xa8, 0x85, 0xd0, 0x52, 0x7a, 0xa3, 0x1a, 0x68, 0x58,
  0x03, 0x40, 0xc0, 0x3f, 0x68, 0x58, 0x03, 0x40, 0xd4, 0x9e, 0xad, 0x8d,
  0x03, 0x15, 0x76, 0x80, 0x10, 0x0e, 0x90, 0x59, 0xfc, 0xdf, 0xea, 0x00,
  0x4c, 0x30, 0x76, 0x40, 0x04, 0xa7, 0xd0, 0xb0, 0x06, 0x00, 0x0c, 0x08,
  0x03, 0xfd, 0x60, 0x05, 0x02, 0x00, 0x1e, 0x55, 0x02, 0xc0, 0x0e, 0xca,
  0x56, 0x40, 0x0f, 0xaf, 0xd4, 0x00, 0xff, 0xe2, 0x80, 0x10, 0x0e, 0x90,
  0x58, 0x16, 0x7e, 0x37, 0xb8, 0x61, 0xab, 0xc8, 0x01, 0x45, 0xea, 0xd8,
  0x01, 0xa1, 0x60, 0x0a, 0x00, 0xff, 0x68, 0x58, 0x02, 0x80, 0x0a, 0x2f,
  0x56, 0xc0, 0x16, 0x1a, 0xbc, 0x80, 0x45, 0x9f, 0x84, 0x01, 0xff, 0xc6,
  0x0a, 0x00, 0x0a, 0x41, 0xfc, 0xee, 0x00, 0x19, 0xec, 0x00, 0xb4, 0xe0,
  0x0d, 0x00, 0xff, 0xe5, 0x00, 0x0e, 0x00, 0x0e, 0x40, 0x2e, 0xfe, 0xa8,
  0x1d, 0x0c, 0x0d, 0x1b, 0x05, 0xbe, 0xb0, 0x20, 0xc6, 0x4d, 0x98, 0xfc,
  0x3b, 0xb5, 0x11, 0x0d, 0x78, 0x1a, 0xed, 0xad, 0x01, 0xe7, 0x43, 0x2a,
  0xec, 0x0a, 0x00, 0x0a, 0x50, 0x57, 0x88, 0x07, 0xb9, 0x43, 0xa6, 0x44,
  0x0f, 0xae, 0xe0, 0x94, 0x00, 0xff, 0x8c, 0x03, 0x08, 0x5a, 0x05, 0x1a,
  0xe8, 0x10, 0x00, 0x10, 0x41, 0xfb, 0x80, 0x1f, 0xd0, 0x03, 0xff, 0xa8,
  0x21, 0xa0, 0x0c, 0x00, 0x10, 0xad, 0xe2, 0x00, 0x5a, 0x48, 0xd0, 0x00,
  0x10, 0x00, 0x10, 0x45, 0xf8, 0x80, 0x23, 0xd3, 0x81, 0xc0, 0x0a, 0x28,
  0xa1, 0xa0, 0x44, 0x70, 0x02, 0x20, 0x54, 0x28, 0x01, 0xc0, 0x96, 0x26,
  0x00, 0x50, 0xe3, 0x70, 0x0c, 0xa8, 0x14, 0x01, 0xbc, 0x04, 0xc0, 0x00,
  0x16, 0x00, 0x18, 0x45, 0xf8, 0x82, 0xfb, 0x80, 0x3b, 0x81, 0x80, 0xa1,
  0x81, 0x80, 0x42, 0xe0, 0xa1, 0x80, 0x82, 0x80, 0x81, 0x80, 0x42, 0x82,
  0x52, 0x07, 0x80, 0x80, 0x07, 0x34, 0x06, 0x14, 0x73, 0x10, 0x06, 0x04,
  0x98, 0xa5, 0x95, 0x80, 0x48, 0x06, 0x81, 0x86, 0x08, 0x01, 0x09, 0x86,
  0x02, 0x00, 0x98, 0x00, 0x0e, 0x00, 0x10, 0x43, 0x7c, 0x00, 0xfe, 0x03,
  0x1b, 0x8d, 0x87, 0x80, 0x38, 0x35, 0x5c, 0xc0, 0x04, 0xe6, 0x30, 0x01,
  0x88, 0x04, 0x40, 0x12, 0x2a, 0x82, 0xc0, 0x29, 0x1a, 0x65, 0x40, 0x82,
  0xb0, 0x81, 0xa0, 0x10, 0x0e, 0x90, 0x5d, 0xf8, 0x80, 0x23, 0xd3, 0x81,
  0xc0, 0x0a, 0x28, 0xa1, 0x40, 0x44, 0x60, 0x02, 0x98, 0xa8, 0x58, 0x03,
  0x81, 0xec, 0x8c, 0x00, 0x83, 0x46, 0xa0, 0x19, 0xcc, 0x28, 0x03, 0x50,
  0x19, 0x00, 0x66, 0x0b, 0x00, 0xd1, 0x60, 0xc0, 0x10, 0xb8, 0x50, 0x80,
  0x40, 0x0e, 0x00, 0x0e, 0x42, 0xff, 0xf3, 0x31, 0xde, 0x10, 0x23, 0x88,
  0x68, 0xb2, 0x00, 0x06, 0xca, 0x40, 0x2d, 0x1e, 0x00, 0x9c, 0xe0, 0xc0,
  0x05, 0x01, 0xf1, 0x03, 0x70, 0x03, 0xbc, 0x80, 0x0c, 0x0e, 0x8c, 0x78,
  0x06, 0x10, 0x08, 0x73, 0x98, 0x01, 0x26, 0xc8, 0x00, 0x30, 0x92, 0x00,
  0xfc, 0xc0, 0x11, 0x71, 0x38, 0x00, 0x46, 0xc0, 0x01, 0xe8, 0x48, 0x04,
  0x4a, 0x40, 0x1f, 0xe1, 0x00, 0xe2, 0x07, 0x10, 0x05, 0x0c, 0x38, 0x00,
  0xbb, 0x10, 0x0a, 0x1e, 0x06, 0x94, 0x78, 0x80, 0x7f, 0xf9, 0xc0, 0x0c,
  0x0e, 0x8c, 0x78, 0x07, 0xa3, 0xec, 0x02, 0xa5, 0x47, 0x00, 0x15, 0x87,
  0x00, 0x7f, 0x08, 0x10, 0x06, 0x54, 0xd1, 0x00, 0x78, 0x10, 0x05, 0x45,
  0xa2, 0x02, 0x08, 0x40, 0x1f, 0xfc, 0x11, 0x90, 0xf0, 0x04, 0xb9, 0x38,
  0x02, 0xb3, 0x44, 0x00, 0x12, 0x01, 0x92, 0x18, 0x27, 0x71, 0x81, 0x30,
  0x42, 0x80, 0xa7, 0x24, 0x84, 0x0a, 0xb2, 0x48, 0xec, 0x00, 0x06, 0x00,
  0x00, 0x00, 0x06, 0x0e, 0x86, 0x59, 0x73, 0xb0, 0xea, 0x5d, 0x86, 0x1c,
  0xcd, 0xc0, 0x1e, 0x10, 0x10, 0x0f, 0x38, 0x18, 0x10, 0x00, 0x10, 0x58,
  0x05, 0x0c, 0x01, 0xc6, 0x6c, 0x30, 0x09, 0xf1, 0x17, 0x18, 0x0a, 0x0d,
  0x9c, 0xa4, 0x14, 0x24, 0x7b, 0x92, 0x3e, 0x0c, 0x00, 0x36, 0x1f, 0x07,
  0x00, 0x1b, 0x0a, 0x84, 0x0f, 0x72, 0x44, 0x9c, 0xd9, 0xca, 0x40, 0x11,
  0x66, 0x98, 0xc0, 0x12, 0x23, 0x4c, 0x00, 0x10, 0x00, 0x10, 0x58, 0x00,
  0xf3, 0xf5, 0x80, 0x05, 0x86, 0x81, 0x2a, 0x14, 0x15, 0x7a, 0x12, 0x02,
  0x0e, 0x00, 0x9b, 0x13, 0x06, 0x21, 0x67, 0x95, 0x0b, 0xda, 0x00, 0x52,
  0x84, 0x54, 0x00, 0x0b, 0x40, 0xd4, 0xc0, 0x39, 0x80, 0x0d, 0x0b, 0x03,
  0x15, 0x48, 0x5d, 0x01, 0x55, 0x82, 0x00, 0x14, 0x00, 0x14, 0x50, 0x07,
  0xf8, 0x79, 0xab, 0xfd, 0x6b, 0xc4, 0x2f, 0x23, 0x56, 0x14, 0xa4, 0x06,
  0x96, 0xa9, 0x6a, 0x01, 0x2f, 0x80, 0x69, 0x40, 0x09, 0x80, 0x31, 0x81,
  0x00, 0x18, 0x03, 0x18, 0x10, 0x34, 0x00, 0x68, 0x40, 0x02, 0x9e, 0x33,
  0x31, 0x18, 0x41, 0xf1, 0x62, 0x0d, 0x8c, 0x00, 0x10, 0x00, 0x10, 0x5d,
  0xf8, 0x80, 0x27, 0xd3, 0xc2, 0x40, 0x58, 0xd1, 0x06, 0xc0, 0xc1, 0x00,
  0x09, 0x16, 0xa2, 0x40, 0x02, 0x94, 0x94, 0x00, 0x17, 0xc8, 0x01, 0x56,
  0x09, 0x96, 0x09, 0x92, 0x02, 0x6c, 0x02, 0x64, 0x0b, 0xfa, 0x0b, 0xf6,
  0x09, 0x96, 0x09, 0x92, 0x02, 0x6c, 0x02, 0x64, 0x00, 0x08, 0x1e, 0x84,
  0x76, 0x60, 0x03, 0xf6, 0xe8, 0x44, 0x00, 0xcc, 0x00, 0x7e, 0xdd, 0x00,
  0x10, 0x0e, 0x90, 0x70, 0x15, 0xfe, 0xb0, 0x05, 0xc8, 0xa1, 0x26, 0x00,
  0x35, 0xac, 0x36, 0x00, 0x1a, 0x18, 0xe2, 0x80, 0x2c, 0x72, 0xc8, 0x00,
  0x91, 0x50, 0x9a, 0xa0, 0x60, 0xaf, 0xc7, 0x60, 0x81, 0x64, 0x36, 0x20,
  0x72, 0x9b, 0x73, 0x00, 0x06, 0xe7, 0x40, 0x60, 0x01, 0x84, 0x58, 0xb8,
  0x16, 0x40, 0x08, 0x08, 0x12, 0xb7, 0xd0, 0xb0, 0x02, 0xa8, 0xf1, 0xe2,
  0x00, 0x10, 0x14, 0x8c, 0x18, 0x07, 0x97, 0xd5, 0x5e, 0xa2, 0x02, 0x20,
  0x10, 0x18, 0x00, 0x18, 0x60, 0x06, 0x37, 0x86, 0x00, 0xfa, 0xf2, 0x1e,
  0x79, 0x00, 0x36, 0x23, 0xf7, 0x2c, 0xec, 0xc0, 0x0c, 0x73, 0xdd, 0x7f,
  0x87, 0x80, 0x14, 0x6b, 0x2b, 0x4b, 0x16, 0x46, 0x07, 0x76, 0x2a, 0x5d,
  0xc5, 0x05, 0x00, 0xc2, 0x00, 0x25, 0x00, 0x08, 0x0f, 0x61, 0xb9, 0x64,
  0x10, 0x10, 0x3b, 0x35, 0x1a, 0x15, 0x00, 0xa1, 0x01, 0xd7, 0xb7, 0xb2,
  0xae, 0x00, 0x1b, 0x3d, 0x8d, 0xd3, 0xac, 0x00, 0x49, 0xaa, 0x8c, 0x33,
  0x40, 0x00, 0x0c, 0x02, 0x0c, 0x30, 0x4f, 0x7d, 0x02, 0x3d, 0xd9, 0x59,
  0x34, 0xb8, 0x39, 0xb3, 0xf8, 0x01, 0xe3, 0x42, 0x00, 0xb3, 0xdc, 0x10,
  0x10, 0x00, 0x90, 0x38, 0x01, 0xfd, 0xdb, 0xe0, 0x0e, 0x11, 0x12, 0x70,
  0x3a, 0x33, 0xc3, 0xa0, 0x82, 0xec, 0x48, 0x20, 0xaa, 0x61, 0x65, 0x60,
  0x05, 0x15, 0x59, 0xc9, 0x80, 0x3d, 0xdd, 0xae, 0xa0, 0x12, 0x11, 0x0e,
  0x22, 0xcc, 0xf2, 0x63, 0x37, 0x1c, 0xff, 0xdc, 0x01, 0xfc, 0x12, 0x01,
  0x12, 0x50, 0x01, 0x73, 0xb1, 0x00, 0x26, 0xb9, 0xca, 0xa2, 0x00, 0xc6,
  0x29, 0x36, 0xc8, 0x3a, 0x17, 0xf4, 0x98, 0xa7, 0x10, 0x03, 0xd8, 0x14,
  0xb8, 0x40, 0x1e, 0x80, 0x46, 0x8e, 0x21, 0x8c, 0x4a, 0x84, 0xdb, 0xa2,
  0xef, 0x81, 0x08, 0x4d, 0xfd, 0xa6, 0x00, 0xa3, 0xfb, 0x8e, 0x00, 0x0c,
  0x04, 0x0a, 0x18, 0x07, 0x17, 0xfd, 0x65, 0x99, 0x48, 0x0c, 0x02, 0x8c,
  0x38, 0x07, 0xcb, 0xfe, 0x60, 0x2a, 0x78, 0x92, 0x71, 0x87, 0x14, 0x61,
  0x54, 0x15, 0x37, 0xab, 0x63, 0x08, 0xdd, 0x48, 0x00, 0x12, 0x10, 0x0e,
  0x40, 0x00, 0xfd, 0x00, 0x3f, 0xb7, 0xf0, 0x2f, 0xfa, 0x9d, 0x41, 0x5e,
  0x5e, 0x24, 0x3a, 0x1c, 0x00, 0x4e, 0xc0, 0x07, 0x98, 0x1b, 0x98, 0xa6,
  0x6f, 0x00, 0x0a, 0x03, 0x0c, 0x30, 0x57, 0xea, 0x03, 0x2e, 0x3d, 0x03,
  0x71, 0x9c, 0x00, 0x1a, 0x7e, 0x01, 0xc4, 0xa1, 0x09, 0x31, 0xbd, 0x00,
  0x0c, 0x03, 0x0c, 0x30, 0x4f, 0xf2, 0x81, 0xae, 0x35, 0x01, 0xe1, 0xf8,
  0x80, 0x5b, 0x0c, 0x09, 0x5f, 0x0e, 0x6a, 0x3b, 0x2c, 0x60, 0x08, 0x04,
  0x88, 0x18, 0x0a, 0x08, 0x54, 0x89, 0xa7, 0x00, 0x10, 0x0e, 0x92, 0x59,
  0xfb, 0x80, 0x1f, 0xd0, 0x03, 0xff, 0xb7, 0xa0, 0x0d, 0x00, 0xe5, 0x99,
  0x28, 0x70, 0x80, 0x15, 0x1e, 0xd1, 0x4c, 0x01, 0xba, 0xe4, 0xbf, 0x20,
  0x0f, 0xfe, 0x30, 0x10, 0x00, 0x10, 0x58, 0x1e, 0x7f, 0xe1, 0x16, 0x18,
  0x22, 0x00, 0x0c, 0x01, 0x6e, 0x80, 0x1c, 0x01, 0xf7, 0x00, 0x7c, 0xc0,
  0x1f, 0x0e, 0xa0, 0x98, 0x06, 0x2b, 0xe5, 0x00, 0xff, 0xe7, 0x80, 0x06,
  0x02, 0x06, 0x18, 0x18, 0x26, 0x4b, 0x8f, 0x00, 0x08, 0x1e, 0x86, 0x21,
  0x28, 0x24, 0x23, 0x5c, 0x4d, 0xd0, 0x08, 0x03, 0x08, 0x31, 0xe7, 0x94,
  0xb8, 0x02, 0xbc, 0x03, 0xff, 0x84, 0x0c, 0x02, 0x0e, 0x38, 0x07, 0xe7,
  0xef, 0xb1, 0x04, 0x89, 0xb5, 0xa0, 0xd1, 0x74, 0x94, 0x00, 0xfd, 0xa2,
  0xe9, 0x28, 0x09, 0x13, 0x6b, 0x40, 0x10, 0x00, 0x90, 0x3a, 0xfc, 0xa7,
  0xd0, 0x01, 0x59, 0x82, 0xea, 0xc0, 0x09, 0x3a, 0xb3, 0x93, 0x00, 0x58,
  0x25, 0x05, 0x81, 0xc1, 0xac, 0x9c, 0x0e, 0x8f, 0x78, 0xf0, 0x2b, 0x68,
  0xae, 0x90, 0x00, 0x16, 0x0f, 0x96, 0x61, 0xee, 0x80, 0x34, 0x68, 0x02,
  0x9c, 0x03, 0x13, 0xc8, 0x02, 0x70, 0x03, 0x4a, 0xa0, 0x07, 0xca, 0x96,
  0x01, 0xfa, 0xe0, 0x40, 0x3e, 0x83, 0x74, 0xfa, 0x00, 0x36, 0x13, 0xc8,
  0x49, 0x00, 0x61, 0x95, 0x47, 0x64, 0x00, 0xca, 0x96, 0x33, 0x20, 0x0e,
  0xb8, 0x14, 0x1d, 0x65, 0x50, 0x41, 0xb8, 0x2e, 0xe9, 0x95, 0x40, 0x3c,
  0x01, 0x11, 0x33, 0x00, 0x16, 0x0f, 0x96, 0x60, 0xde, 0x00, 0x66, 0xc0,
  0x05, 0xb8, 0x80, 0x45, 0x32, 0x00, 0x55, 0x00, 0x34, 0xaa, 0x80, 0x3e,
  0x54, 0xb0, 0x0f, 0x86, 0xe4, 0x40, 0x3e, 0xb2, 0x6a, 0xfd, 0x20, 0x7e,
  0x45, 0xe4, 0x5b, 0x18, 0x01, 0x39, 0x82, 0x5d, 0x46, 0x30, 0x04, 0x03,
  0x80, 0x94, 0x3c, 0x01, 0xbf, 0x00, 0x54, 0xb8, 0x21, 0xec, 0x60, 0x05,
  0x51, 0x75, 0x87, 0x48, 0x04, 0xbb, 0xb5, 0x00, 0x18, 0x0f, 0x98, 0x60,
  0x4f, 0x58, 0x80, 0x49, 0xc2, 0x0a, 0xfa, 0xf2, 0x01, 0x4b, 0x08, 0x2f,
  0x1b, 0x80, 0x50, 0x10, 0x01, 0xbd, 0x6c, 0x09, 0xe4, 0x02, 0x7d, 0xf7,
  0xf0, 0x94, 0x40, 0x04, 0xc1, 0xed, 0x4a, 0x92, 0x3d, 0x80, 0x3b, 0xde,
  0xd7, 0x05, 0x06, 0x20, 0x10, 0x84, 0x1b, 0x9a, 0x58, 0x07, 0x13, 0xc8,
  0x74, 0x00, 0x7a, 0x55, 0x08, 0x95, 0x24, 0xe0, 0x05, 0x4b, 0x02, 0xdd,
  0x41, 0x30, 0x03, 0x68, 0x40, 0x04, 0x44, 0x51, 0x10, 0x0e, 0x90, 0x58,
  0x05, 0x7a, 0x01, 0xe5, 0x20, 0x0f, 0x7e, 0x80, 0x7a, 0x60, 0x03, 0xcc,
  0xc0, 0x0c, 0x38, 0x32, 0x01, 0xb0, 0xad, 0x40, 0x24, 0x28, 0x40, 0x27,
  0x11, 0x00, 0x68, 0x81, 0xa0, 0x4d, 0x5a, 0x99, 0x0e, 0x1a, 0xa9, 0xb4,
  0x00, 0x14, 0x00, 0x14, 0x78, 0x04, 0x84, 0x01, 0xfb, 0xfc, 0x01, 0xfa,
  0x8d, 0x40, 0x3e, 0x1e, 0x50, 0x0f, 0x9f, 0xfc, 0x40, 0x1e, 0xb0, 0x02,
  0x80, 0x70, 0x9a, 0x05, 0x00, 0x73, 0x06, 0xa1, 0x10, 0x03, 0x58, 0x3e,
  0x82, 0x80, 0x42, 0x64, 0x2e, 0x16, 0x01, 0x38, 0x28, 0x09, 0x19, 0x00,
  0x28, 0x1f, 0xfc, 0x40, 0xa0, 0x26, 0x2c, 0xd2, 0x85, 0x83, 0x83, 0x4c,
  0xd4, 0x26, 0x5a, 0x16, 0x01, 0x98, 0x14, 0x14, 0x00, 0x14, 0x78, 0x07,
  0x1a, 0x00, 0x7c, 0x58, 0x60, 0x1f, 0x59, 0xb8, 0x07, 0xd3, 0x80, 0x1f,
  0x3f, 0xf8, 0x80, 0x3d, 0x60, 0x05, 0x00, 0xe1, 0x34, 0x0a, 0x00, 0xe6,
  0x0d, 0x42, 0x20, 0x06, 0xb0, 0x7d, 0x05, 0x00, 0x84, 0xc8, 0x5c, 0x2c,
  0x02, 0x70, 0x50, 0x12, 0x32, 0x00, 0x50, 0x3f, 0xf8, 0x81, 0x40, 0x4c,
  0x59, 0xa5, 0x0b, 0x07, 0x06, 0x99, 0xa8, 0x4c, 0xb4, 0x2c, 0x03, 0x30,
  0x28, 0x14, 0x00, 0x14, 0x78, 0x06, 0x75, 0x00, 0xfa, 0x26, 0x8c, 0x03,
  0x8d, 0xe9, 0xf8, 0x03, 0x8f, 0xd2, 0x34, 0x03, 0xcf, 0xfe, 0x20, 0x0f,
  0x58, 0x01, 0x40, 0x38, 0x4d, 0x02, 0x80, 0x39, 0x83, 0x50, 0x88, 0x01,
  0xac, 0x1f, 0x41, 0x40, 0x21, 0x32, 0x17, 0x0b, 0x00, 0x9c, 0x14, 0x04,
  0x8c, 0x80, 0x14, 0x0f, 0xfe, 0x20, 0x50, 0x13, 0x16, 0x69, 0x42, 0xc1,
  0xc1, 0xa6, 0x6a, 0x13, 0x2d, 0x0b, 0x00, 0xcc, 0x0a, 0x14, 0x00, 0x14,
  0x70, 0x05, 0x96, 0x5e, 0x01, 0xc8, 0x3b, 0xa4, 0x00, 0xe4, 0xc6, 0xfb,
  0x00, 0xf3, 0x7f, 0x88, 0x03, 0xd6, 0x00, 0x50, 0x0e, 0x13, 0x40, 0xa0,
  0x0e, 0x60, 0xd4, 0x22, 0x00, 0x6b, 0x07, 0xd0, 0x50, 0x08, 0x4c, 0x85,
  0xc2, 0xc0, 0x27, 0x05, 0x01, 0x23, 0x20, 0x05, 0x03, 0xff, 0x88, 0x14,
  0x04, 0xc5, 0x9a, 0x50, 0xb0, 0x70, 0x69, 0x9a, 0x84, 0xcb, 0x42, 0xc0,
  0x33, 0x02, 0x80, 0x14, 0x00, 0x14, 0x78, 0x07, 0xff, 0x01, 0xfc, 0xdf,
  0xcc, 0x03, 0x08, 0xf8, 0x03, 0x37, 0x13, 0x71, 0x00, 0x73, 0xff, 0x88,
  0x03, 0xd6, 0x00, 0x50, 0x0e, 0x13, 0x40, 0xa0, 0x0e, 0x60, 0xd4, 0x22,
  0x00, 0x6b, 0x07, 0xd0, 0x50, 0x08, 0x4c, 0x85, 0xc2, 0xc0, 0x27, 0x05,
  0x01, 0x23, 0x20, 0x05, 0x03, 0xff, 0x88, 0x14, 0x04, 0xc5, 0x9a, 0x50,
  0xb0, 0x70, 0x69, 0x9a, 0x84, 0xcb, 0x42, 0xc0, 0x33, 0x02, 0x80, 0x14,
  0x00, 0x14, 0x78, 0x04, 0xbd, 0xa4, 0x01, 0xe9, 0xb4, 0xa0, 0x0f, 0x4d,
  0xa5, 0x00, 0x79, 0x7b, 0x48, 0x03, 0xcf, 0xfe, 0x20, 0x0f, 0x58, 0x01,
  0x40, 0x38, 0x4d, 0x02, 0x80, 0x39, 0x83, 0x50, 0x88, 0x01, 0xac, 0x1f,
  0x41, 0x40, 0x21, 0x32, 0x17, 0x0b, 0x00, 0x9c, 0x14, 0x04, 0x8c, 0x80,
  0x14, 0x0f, 0xfe, 0x20, 0x50, 0x13, 0x16, 0x69, 0x42, 0xc1, 0xc1, 0xa6,
  0x6a, 0x13, 0x2d, 0x0b, 0x00, 0xcc, 0x0a, 0x1c, 0x00, 0x1c, 0x58, 0x06,
  0xbf, 0xff, 0xd0, 0x01, 0x12, 0x11, 0x00, 0xd1, 0x37, 0x00, 0x54, 0x13,
  0x41, 0x17, 0x79, 0x80, 0x26, 0x24, 0x00, 0xff, 0x28, 0xd0, 0x05, 0x15,
  0x58, 0x40, 0x1c, 0x0c, 0x01, 0x1a, 0xae, 0x30, 0x14, 0x18, 0x9b, 0x0b,
  0xff, 0xc4, 0x12, 0x02, 0xcc, 0x30, 0x0f, 0xcc, 0x3f, 0xf4, 0x00, 0x7c,
  0xa2, 0xc0, 0x1d, 0x17, 0x79, 0xb8, 0x28, 0x03, 0x8d, 0x13, 0x70, 0x14,
  0x0e, 0x94, 0x70, 0x00, 0xa7, 0xbf, 0x58, 0x02, 0x2c, 0x60, 0x32, 0x99,
  0x00, 0x38, 0x67, 0xb3, 0x89, 0x90, 0xcc, 0x8c, 0x00, 0x19, 0x23, 0x50,
  0xd0, 0x0c, 0x9a, 0xe2, 0x06, 0x01, 0xf0, 0x81, 0x80, 0x7c, 0xa1, 0xa0,
  0x19, 0x35, 0xcc, 0xc8, 0xc0, 0x01, 0x92, 0x30, 0xe1, 0x9e, 0xce, 0x25,
  0x40, 0x2c, 0x51, 0x32, 0x9a, 0x00, 0x8a, 0xa8, 0x7c, 0xc0, 0x1e, 0x5b,
  0xf0, 0x0f, 0xa6, 0x56, 0x01, 0x00, 0x10, 0x00, 0x10, 0x78, 0x00, 0xd0,
  0x03, 0xeb, 0x50, 0x0e, 0x37, 0x80, 0x0f, 0x46, 0x80, 0x45, 0xff, 0xee,
  0x00, 0x0a, 0x27, 0x00, 0x12, 0xef, 0x50, 0x07, 0xf9, 0x2a, 0xb2, 0x80,
  0x05, 0x57, 0x68, 0x01, 0x7f, 0xf4, 0x00, 0x7f, 0xf1, 0x92, 0xef, 0x50,
  0x00, 0x51, 0x38, 0x10, 0x00, 0x10, 0x78, 0x06, 0x14, 0x20, 0x0e, 0x8a,
  0x30, 0x0c, 0x2d, 0x42, 0x01, 0x87, 0xd0, 0x00, 0x5f, 0xfe, 0xe0, 0x00,
  0xa2, 0x70, 0x01, 0x2e, 0xf5, 0x00, 0x7f, 0x92, 0xab, 0x28, 0x00, 0x55,
  0x76, 0x80, 0x17, 0xff, 0x40, 0x07, 0xff, 0x19, 0x2e, 0xf5, 0x00, 0x05,
  0x13, 0x80, 0x10, 0x00, 0x10, 0x78, 0x04, 0x90, 0x40, 0x18, 0x69, 0x64,
  0x03, 0x59, 0x62, 0xb0, 0x05, 0x58, 0x3c, 0xc0, 0x5f, 0xfe, 0xe0, 0x00,
  0xa2, 0x70, 0x01, 0x2e, 0xf5, 0x00, 0x7f, 0x92, 0xab, 0x28, 0x00, 0x55,
  0x76, 0x80, 0x17, 0xff, 0x40, 0x07, 0xff, 0x19, 0x2e, 0xf5, 0x00, 0x05,
  0x13, 0x80, 0x10, 0x00, 0x10, 0x78, 0x07, 0xfb, 0xac, 0x3a, 0xc0, 0x23,
  0x10, 0x31, 0x00, 0xb6, 0x83, 0x68, 0x0b, 0xff, 0xdc, 0x00, 0x14, 0x4e,
  0x00, 0x25, 0xde, 0xa0, 0x0f, 0xf2, 0x55, 0x65, 0x00, 0x0a, 0xae, 0xd0,
  0x02, 0xff, 0xe8, 0x00, 0xff, 0xe3, 0x25, 0xde, 0xa0, 0x00, 0xa2, 0x70,
  0x09, 0xf0, 0x08, 0x78, 0xa0, 0x80, 0xcd, 0x00, 0x39, 0x0c, 0x0f, 0xcc,
  0x0b, 0xe8, 0x03, 0xff, 0xb8, 0x08, 0x00, 0x08, 0x78, 0x01, 0x0c, 0x0e,
  0xd8, 0x21, 0x54, 0x17, 0x40, 0x5f, 0x40, 0x1f, 0xfd, 0xd0, 0x09, 0xf0,
  0x0c, 0x78, 0x0c, 0x28, 0x05, 0x6b, 0x44, 0x08, 0xbe, 0xbc, 0x09, 0xe5,
  0x58, 0x00, 0x2f, 0xa0, 0x0f, 0xff, 0x90, 0x09, 0xf0, 0x0c, 0x78, 0x07,
  0xa7, 0xca, 0x7c, 0x46, 0x31, 0x10, 0x47, 0x0c, 0x70, 0x81, 0x7d, 0x00,
  0x7f, 0xfc, 0x80, 0x14, 0x00, 0x14, 0x58, 0x47, 0xfd, 0xd8, 0xa0, 0x1c,
  0x6a, 0x47, 0x50, 0x01, 0xa2, 0xb3, 0x49, 0xcc, 0x03, 0xc5, 0x01, 0x42,
  0x40, 0x44, 0x10, 0x40, 0x5c, 0x50, 0x9d, 0x80, 0x10, 0x19, 0x20, 0x6a,
  0xb0, 0x10, 0x14, 0x50, 0xd5, 0x20, 0x40, 0x50, 0x0f, 0x14, 0x05, 0x00,
  0x51, 0x59, 0xa4, 0xe6, 0x01, 0x1a, 0x91, 0xd4, 0x00, 0x14, 0x00, 0x14,
  0x70, 0x05, 0x5a, 0x78, 0x60, 0x18, 0x56, 0x34, 0x4c, 0x03, 0x0e, 0xaf,
  0x68, 0x04, 0x5f, 0xe3, 0x00, 0xa7, 0xcc, 0x02, 0xb0, 0x0f, 0xe5, 0x40,
  0x0f, 0x90, 0x24, 0x03, 0xe1, 0x72, 0x60, 0x0f, 0xa0, 0x60, 0x40, 0x3e,
  0xb1, 0x80, 0x0f, 0x94, 0xd8, 0x80, 0x3e, 0xf0, 0x40, 0x0f, 0x8d, 0x80,
  0x3f, 0xa0, 0x40, 0x00, 0x14, 0x00, 0x14, 0x78, 0x04, 0x68, 0x01, 0xf9,
  0x6c, 0xc0, 0x3e, 0x65, 0x80, 0x0f, 0xd5, 0x60, 0x1e, 0x2a, 0xef, 0xc5,
  0x00, 0x8b, 0x14, 0x0c, 0xd5, 0x20, 0x0e, 0x19, 0xec, 0xe2, 0x64, 0x33,
  0x23, 0x00, 0x06, 0x43, 0x94, 0x34, 0x03, 0x20, 0x20, 0x81, 0x80, 0x71,
  0x08, 0x80, 0xc0, 0x38, 0x85, 0x43, 0x40, 0x32, 0x02, 0x19, 0x91, 0x80,
  0x03, 0x21, 0xc1, 0xc3, 0x3d, 0x9c, 0x4c, 0x80, 0x58, 0xa0, 0x66, 0x99,
  0x00, 0x14, 0x00, 0x14, 0x78, 0x07, 0x0a, 0x08, 0x07, 0xd5, 0x22, 0x01,
  0xe3, 0x4f, 0x00, 0xf8, 0xfc, 0x80, 0x38, 0xab, 0xbf, 0x14, 0x02, 0x2c,
  0x50, 0x33, 0x54, 0x80, 0x38, 0x67, 0xb3, 0x89, 0x90, 0xcc, 0x8c, 0x00,
  0x19, 0x0e, 0x50, 0xd0, 0x0c, 0x80, 0x82, 0x06, 0x01, 0xc4, 0x22, 0x03,
  0x00, 0xe2, 0x15, 0x0d, 0x00, 0xc8, 0x08, 0x66, 0x46, 0x00, 0x0c, 0x87,
  0x07, 0x0c, 0xf6, 0x71, 0x32, 0x01, 0x62, 0x81, 0x9a, 0x64, 0x00, 0x14,
  0x00, 0x14, 0x78, 0x06, 0x57, 0x10, 0x0f, 0x2d, 0xe6, 0x80, 0x78, 0xb6,
  0xec, 0x60, 0x1c, 0xe6, 0x0e, 0x60, 0x18, 0xab, 0xbf, 0x14, 0x02, 0x2c,
  0x50, 0x33, 0x54, 0x80, 0x38, 0x67, 0xb3, 0x89, 0x90, 0xcc, 0x8c, 0x00,
  0x19, 0x0e, 0x50, 0xd0, 0x0c, 0x80, 0x82, 0x06, 0x01, 0xc4, 0x22, 0x03,
  0x00, 0xe2, 0x15, 0x0d, 0x00, 0xc8, 0x08, 0x66, 0x46, 0x00, 0x0c, 0x87,
  0x07, 0x0c, 0xf6, 0x71, 0x32, 0x01, 0x62, 0x81, 0x9a, 0x64, 0x00, 0x14,
  0x00, 0x14, 0x70, 0x05, 0x5f, 0xf2, 0x00, 0x74, 0x6e, 0xb9, 0x00, 0x38,
  0x8a, 0x10, 0x0e, 0x2a, 0xef, 0xc5, 0x00, 0x8b, 0x14, 0x0c, 0xd5, 0x20,
  0x0e, 0x19, 0xec, 0xe2, 0x64, 0x33, 0x23, 0x00, 0x06, 0x43, 0x94, 0x34,
  0x03, 0x20, 0x20, 0x81, 0x80, 0x71, 0x08, 0x80, 0xc0, 0x38, 0x85, 0x43,
  0x40, 0x32, 0x02, 0x19, 0x91, 0x80, 0x03, 0x21, 0xc1, 0xc3, 0x3d, 0x9c,
  0x4c, 0x80, 0x58, 0xa0, 0x66, 0x99, 0x00, 0x14, 0x00, 0x14, 0x78, 0x07,
  0xff, 0x00, 0xbe, 0x4b, 0xe4, 0x03, 0x18, 0x88, 0xc4, 0x40, 0x18, 0x7a,
  0x07, 0xa0, 0x03, 0x15, 0x77, 0xe2, 0x80, 0x45, 0x8a, 0x06, 0x6a, 0x90,
  0x07, 0x0c, 0xf6, 0x71, 0x32, 0x19, 0x91, 0x80, 0x03, 0x21, 0xca, 0x1a,
  0x01, 0x90, 0x10, 0x40, 0xc0, 0x38, 0x84, 0x40, 0x60, 0x1c, 0x42, 0xa1,
  0xa0, 0x19, 0x01, 0x0c, 0xc8, 0xc0, 0x01, 0x90, 0xe0, 0xe1, 0x9e, 0xce,
  0x26, 0x40, 0x2c, 0x50, 0x33, 0x4c, 0x80, 0x12, 0x10, 0x0e, 0x48, 0x07,
  0xcd, 0x60, 0x15, 0x37, 0x25, 0x04, 0xaf, 0xc3, 0x2e, 0x32, 0xc8, 0x49,
  0x98, 0xa8, 0x00, 0xa6, 0x04, 0xc0, 0x94, 0x5c, 0x72, 0xba, 0x58, 0x3a,
  0x5f, 0x38, 0x20, 0x39, 0x40, 0x14, 0x0f, 0x96, 0x68, 0x07, 0xf0, 0x80,
  0x45, 0x5d, 0xf8, 0xb3, 0x80, 0x02, 0xc5, 0x03, 0x35, 0x35, 0x00, 0x38,
  0x67, 0xb2, 0x40, 0x06, 0x06, 0x64, 0x60, 0x28, 0x00, 0x70, 0x28, 0x68,
  0x03, 0xc3, 0x81, 0x00, 0x40, 0xc2, 0xcb, 0x44, 0x84, 0x04, 0x0e, 0x12,
  0x8c, 0x08, 0x41, 0x42, 0x5d, 0xca, 0x08, 0x08, 0x06, 0x01, 0x40, 0x0c,
  0x87, 0x00, 0x80, 0x5d, 0x9c, 0x4c, 0x80, 0x81, 0x6a, 0x06, 0x69, 0x90,
  0x01, 0x79, 0x2b, 0xbf, 0x18, 0x02, 0x14, 0x00, 0x14, 0x78, 0x04, 0x84,
  0x01, 0xfb, 0xf0, 0x03, 0xf5, 0x03, 0x00, 0x7c, 0x3c, 0xc0, 0x18, 0xfe,
  0x40, 0x35, 0xf8, 0x07, 0xff, 0xc4, 0x40, 0x80, 0x33, 0x00, 0x08, 0x50,
  0xc0, 0x0a, 0x46, 0x00, 0x80, 0xcc, 0x6d, 0x04, 0x00, 0x1a, 0xcc, 0xc4,
  0x98, 0x80, 0x14, 0x00, 0x14, 0x78, 0x07, 0x1a, 0x00, 0x7c, 0x39, 0x80,
  0x0f, 0xa4, 0xe0, 0x03, 0xe8, 0xc0, 0x0c, 0x7f, 0x20, 0x1a, 0xfc, 0x03,
  0xff, 0xe2, 0x20, 0x40, 0x19, 0x80, 0x04, 0x28, 0x60, 0x05, 0x23, 0x00,
  0x40, 0x66, 0x36, 0x82, 0x00, 0x0d, 0x66, 0x62, 0x4c, 0x40, 0x14, 0x00,
  0x14, 0x78, 0x06, 0x76, 0x00, 0xfa, 0xae, 0xce, 0x01, 0xc4, 0x4d, 0xf0,
  0x0f, 0x14, 0x09, 0x38, 0x04, 0x7f, 0x20, 0x1a, 0xfc, 0x03, 0xff, 0xe2,
  0x20, 0x40, 0x19, 0x80, 0x04, 0x28, 0x60, 0x05, 0x23, 0x00, 0x40, 0x66,
  0x36, 0x82, 0x00, 0x0d, 0x66, 0x62, 0x4c, 0x40, 0x14, 0x00, 0x14, 0x78,
  0x07, 0xff, 0x01, 0xbd, 0x1b, 0xd0, 0x03, 0x18, 0x39, 0x83, 0x80, 0x65,
  0xf3, 0x5f, 0x30, 0x01, 0xfc, 0x80, 0x6b, 0xf0, 0x0f, 0xff, 0x88, 0x81,
  0x00, 0x66, 0x00, 0x10, 0xa1, 0x80, 0x14, 0x8c, 0x01, 0x01, 0x98, 0xda,
  0x08, 0x00, 0x35, 0x99, 0x89, 0x31, 0x00, 0x12, 0x00, 0x14, 0x78, 0x07,
  0x21, 0x80, 0x7c, 0x96, 0xc0, 0x1f, 0x7a, 0xa8, 0x03, 0xeb, 0xa0, 0x0d,
  0x5e, 0xe0, 0x1b, 0xbc, 0x6c, 0x24, 0x02, 0x81, 0x71, 0x13, 0x8c, 0x00,
  0xb8, 0xc0, 0x02, 0x05, 0xc6, 0x02, 0x00, 0x34, 0x05, 0xb1, 0x30, 0x06,
  0x62, 0x50, 0x80, 0x0f, 0x40, 0x1a, 0x80, 0x79, 0xc1, 0x80, 0x3f, 0xfa,
  0xc0, 0x12, 0x00, 0x10, 0x59, 0xfc, 0x80, 0x7f, 0xf0, 0xdb, 0xfd, 0xaa,
  0x01, 0x13, 0xb0, 0x52, 0x80, 0x12, 0x27, 0x02, 0x40, 0x38, 0x48, 0x40,
  0x39, 0x89, 0xc0, 0x0d, 0xfe, 0x91, 0xb0, 0x01, 0x3b, 0xab, 0x84, 0x00,
  0x91, 0x05, 0x00, 0xff, 0x00, 0x12, 0x00, 0x12, 0x58, 0x0d, 0x77, 0xe2,
  0x00, 0x5a, 0xa4, 0x87, 0x64, 0x02, 0x66, 0xcb, 0x80, 0x50, 0x30, 0x50,
  0x00, 0x81, 0x00, 0x61, 0x99, 0x2a, 0x80, 0x31, 0x30, 0x31, 0x00, 0x63,
  0xfb, 0x3f, 0x00, 0xf2, 0x29, 0x08, 0x07, 0x98, 0x03, 0x8a, 0x70, 0xd0,
  0x40, 0x26, 0x61, 0xad, 0x00, 0x10, 0x00, 0x0e, 0x58, 0x0f, 0xc8, 0x06,
  0x1a, 0x61, 0x00, 0xcb, 0x80, 0x18, 0xf3, 0x1f, 0x20, 0x3a, 0x4e, 0x8d,
  0x06, 0xfb, 0x14, 0x08, 0x56, 0x97, 0xa0, 0x27, 0xb2, 0x56, 0x20, 0x81,
  0xb2, 0xc2, 0x04, 0x10, 0xf6, 0x00, 0x56, 0x59, 0xd1, 0x00, 0x10, 0x00,
  0x0e, 0x58, 0x04, 0x3f, 0x00, 0x1a, 0x0a, 0x00, 0x35, 0x60, 0x04, 0x79,
  0x8f, 0x90, 0x1d, 0x27, 0x46, 0x83, 0x7d, 0x8a, 0x04, 0x2b, 0x4b, 0xd0,
  0x13, 0xd9, 0x2b, 0x10, 0x40, 0xd9, 0x61, 0x02, 0x08, 0x7b, 0x00, 0x2b,
  0x2c, 0xe8, 0x80, 0x10, 0x00, 0x0e, 0x58, 0x01, 0xbf, 0x40, 0x23, 0x9b,
  0x1a, 0x00, 0x1f, 0x26, 0x58, 0x00, 0xf7, 0xfa, 0x00, 0x74, 0x9d, 0x1a,
  0x0d, 0xf6, 0x28, 0x10, 0xad, 0x2f, 0x40, 0x4f, 0x64, 0xac, 0x41, 0x03,
  0x65, 0x84, 0x08, 0x21, 0xec, 0x00, 0xac, 0xb3, 0xa2, 0x00, 0x10, 0x00,
  0x0e, 0x58, 0x0e, 0xd9, 0x70, 0x01, 0xdb, 0x35, 0xc0, 0x0f, 0x4f, 0xd2,
  0x00, 0x2d, 0xff, 0x48, 0x0e, 0x93, 0xa3, 0x41, 0xbe, 0xc5, 0x02, 0x15,
  0xa5, 0xe8, 0x09, 0xec, 0x95, 0x88, 0x20, 0x6c, 0xb0, 0x81, 0x04, 0x3d,
  0x80, 0x15, 0x96, 0x74, 0x40, 0x10, 0x00, 0x0e, 0x58, 0x47, 0x0c, 0x70,
  0x80, 0x88, 0xc4, 0x40, 0x09, 0xf2, 0x9f, 0x10, 0x3c, 0xfe, 0x90, 0x1d,
  0x27, 0x46, 0x83, 0x7d, 0x8a, 0x04, 0x2b, 0x4b, 0xd0, 0x13, 0xd9, 0x2b,
  0x10, 0x40, 0xd9, 0x61, 0x02, 0x08, 0x7b, 0x00, 0x2b, 0x2c, 0xe8, 0x80,
  0x10, 0x00, 0x0e, 0x60, 0x01, 0xbb, 0x04, 0x02, 0x8d, 0x77, 0x00, 0x51,
  0xae, 0xe0, 0x09, 0xbb, 0x04, 0x00, 0x79, 0xfd, 0x20, 0x3a, 0x4e, 0x8d,
  0x06, 0xfb, 0x14, 0x08, 0x56, 0x97, 0xa0, 0x27, 0xb2, 0x56, 0x20, 0x81,
  0xb2, 0xc2, 0x04, 0x10, 0xf6, 0x00, 0x56, 0x59, 0xd1, 0x00, 0x18, 0x00,
  0x18, 0x40, 0x1e, 0x7f, 0x32, 0x6f, 0xea, 0x80, 0xe1, 0x42, 0x4d, 0xb4,
  0x0d, 0x20, 0x4e, 0x3d, 0x09, 0x5b, 0xe8, 0xf8, 0x9f, 0xfc, 0x25, 0xfe,
  0xe1, 0x54, 0xa6, 0xbc, 0x12, 0xcc, 0xda, 0x61, 0x08, 0x42, 0x44, 0x33,
  0x52, 0x10, 0x43, 0xe8, 0x86, 0xbd, 0xb1, 0x2b, 0xac, 0x3e, 0x58, 0xc3,
  0x52, 0x80, 0x10, 0x0e, 0x90, 0x58, 0x0d, 0x7f, 0x50, 0x80, 0x31, 0x54,
  0x8b, 0x40, 0xa4, 0xf5, 0x46, 0x52, 0xd0, 0xb0, 0x04, 0xf1, 0x00, 0x7e,
  0xd0, 0xb0, 0x05, 0x71, 0x29, 0x3d, 0x51, 0x54, 0x41, 0x8a, 0xba, 0x80,
  0x03, 0x4e, 0xb6, 0x20, 0x1a, 0x42, 0x00, 0x3b, 0x53, 0x40, 0x00, 0x10,
  0x00, 0x10, 0x58, 0x03, 0x6c, 0x03, 0xdc, 0x86, 0x01, 0xc7, 0x82, 0x01,
  0x86, 0xb3, 0x12, 0x01, 0x62, 0x3b, 0x9a, 0xc1, 0x4a, 0xe2, 0x5d, 0x0b,
  0x42, 0xbf, 0xce, 0x0c, 0x00, 0xac, 0xcc, 0xba, 0x04, 0x66, 0x69, 0x05,
  0x28, 0x99, 0x50, 0x88, 0x31, 0x59, 0xda, 0xc0, 0x10, 0x00, 0x10, 0x58,
  0x06, 0xea, 0x00, 0xe7, 0x0b, 0x00, 0xe4, 0xc1, 0x00, 0x86, 0xb3, 0x12,
  0x01, 0x62, 0x3b, 0x9a, 0xc1, 0x4a, 0xe2, 0x5d, 0x0b, 0x42, 0xbf, 0xce,
  0x0c, 0x00, 0xac, 0xcc, 0xba, 0x04, 0x66, 0x69, 0x05, 0x28, 0x99, 0x50,
  0x88, 0x31, 0x59, 0xda, 0xc0, 0x10, 0x00, 0x10, 0x58, 0x01, 0x3f, 0x84,
  0x02, 0x1a, 0x94, 0xd0, 0x08, 0x7d, 0xab, 0x40, 0x21, 0xbf, 0xe8, 0x00,
  0xb1, 0x1d, 0xcd, 0x60, 0xa5, 0x71, 0x2e, 0x85, 0xa1, 0x5f, 0xe7, 0x06,
  0x00, 0x56, 0x66, 0x5d, 0x02, 0x33, 0x34, 0x82, 0x94, 0x4c, 0xa8, 0x44,
  0x18, 0xac, 0xed, 0x60, 0x10, 0x00, 0x10, 0x58, 0x37, 0x1b, 0x71, 0x80,
  0x04, 0x40, 0x22, 0x00, 0x9f, 0xcd, 0xfc, 0xc0, 0x03, 0x5f, 0xd2, 0x01,
  0x62, 0x3b, 0x9a, 0xc1, 0x4a, 0xe2, 0x5d, 0x0b, 0x42, 0xbf, 0xce, 0x0c,
  0x00, 0xac, 0xcc, 0xba, 0x04, 0x66, 0x69, 0x05, 0x28, 0x99, 0x50, 0x88,
  0x31, 0x59, 0xda, 0xc0, 0x07, 0xf0, 0x08, 0x59, 0xfb, 0x81, 0xc4, 0x80,
  0x1e, 0x84, 0x0e, 0xd8, 0x03, 0xff, 0xa0, 0x06, 0x00, 0x08, 0x58, 0x1f,
  0xb0, 0x42, 0x30, 0x7d, 0x01, 0xdb, 0x00, 0x7f, 0xf4, 0x40, 0x07, 0xf0,
  0x0a, 0x58, 0x47, 0xd8, 0x2b, 0x6b, 0xca, 0xf1, 0x64, 0x81, 0xfb, 0x80,
  0x7f, 0xf6, 0x00, 0x07, 0xf0, 0x0c, 0x5d, 0x68, 0x56, 0x80, 0x98, 0x09,
  0x85, 0xf0, 0x5f, 0x00, 0x0f, 0xdc, 0x03, 0xff, 0xc0, 0x10, 0x00, 0x10,
  0x60, 0x03, 0x10, 0x10, 0x80, 0x25, 0xbd, 0x80, 0x08, 0x4c, 0x88, 0xa4,
  0x01, 0x66, 0xd3, 0x20, 0x00, 0xeb, 0xf8, 0xe4, 0x01, 0x85, 0x3a, 0x45,
  0x28, 0xc3, 0x32, 0x41, 0x34, 0x10, 0x00, 0x80, 0x20, 0x01, 0x00, 0xc3,
  0xa1, 0x60, 0x0b, 0x05, 0x51, 0x3c, 0xd3, 0xa1, 0x86, 0x2b, 0x23, 0x58,
  0x00, 0x10, 0x00, 0x10, 0x58, 0x02, 0xf4, 0xb4, 0x80, 0x04, 0xb1, 0xa0,
  0x40, 0x02, 0xc5, 0xfd, 0x00, 0x1f, 0xd5, 0xfe, 0x98, 0x04, 0xe2, 0xc5,
  0xa0, 0x12, 0xd4, 0xb0, 0x90, 0x03, 0x40, 0x1c, 0x02, 0x01, 0xf3, 0x80,
  0x7f, 0xf3, 0x00, 0x10, 0x00, 0x10, 0x58, 0x03, 0x34, 0x03, 0xdc, 0x4a,
  0x01, 0xc5, 0xae, 0x01, 0x86, 0xb3, 0x14, 0x20, 0x0c, 0x54, 0x42, 0xe8,
  0x29, 0x3d, 0x51, 0x8d, 0x34, 0x2c, 0x01, 0xa0, 0x60, 0x1f, 0xb4, 0x2c,
  0x01, 0xa0, 0x6a, 0x4f, 0x56, 0xc6, 0x81, 0x8a, 0xbb, 0x40, 0x10, 0x00,
  0x10, 0x58, 0x06, 0xdc, 0x00, 0xe5, 0x2e, 0x00, 0xe7, 0xd2, 0x00, 0x86,
  0xb3, 0x14, 0x20, 0x0c, 0x54, 0x42, 0xe8, 0x29, 0x3d, 0x51, 0x8d, 0x34,
  0x2c, 0x01, 0xa0, 0x60, 0x1f, 0xb4, 0x2c, 0x01, 0xa0, 0x6a, 0x4f, 0x56,
  0xc6, 0x81, 0x8a, 0xbb, 0x40, 0x10, 0x00, 0x10, 0x58, 0x00, 0xbf, 0xc4,
  0x01, 0x0f, 0xbb, 0xbc, 0x02, 0x1c, 0x88, 0x60, 0x04, 0x37, 0xdc, 0xb1,
  0x00, 0x62, 0xa2, 0x17, 0x41, 0x49, 0xea, 0x8c, 0x69, 0xa1, 0x60, 0x0d,
  0x03, 0x00, 0xfd, 0xa1, 0x60, 0x0d, 0x03, 0x52, 0x7a, 0xb6, 0x34, 0x0c,
  0x55, 0xda, 0x00, 0x10, 0x00, 0x10, 0x58, 0x02, 0xf4, 0xb4, 0x80, 0x04,
  0xb1, 0xa0, 0x40, 0x02, 0xc5, 0xfd, 0x00, 0x86, 0x3b, 0x94, 0x20, 0x0c,
  0x54, 0x42, 0xe8, 0x29, 0x3d, 0x51, 0x8d, 0x34, 0x2c, 0x01, 0xa0, 0x60,
  0x1f, 0xb4, 0x2c, 0x01, 0xa0, 0x6a, 0x4f, 0x56, 0xc6, 0x81, 0x8a, 0xbb,
  0x40, 0x10, 0x00, 0x10, 0x58, 0x27, 0xa2, 0x3d, 0x00, 0x02, 0x02, 0x20,
  0x10, 0x02, 0xfa, 0xab, 0xd4, 0x00, 0x35, 0xdc, 0xa1, 0x00, 0x62, 0xa2,
  0x17, 0x41, 0x49, 0xea, 0x8c, 0x69, 0xa1, 0x60, 0x0d, 0x03, 0x00, 0xfd,
  0xa1, 0x60, 0x0d, 0x03, 0x52, 0x7a, 0xb6, 0x34, 0x0c, 0x55, 0xda, 0x00,
  0x12, 0x10, 0x0e, 0x40, 0x01, 0x3d, 0x40, 0x31, 0x81, 0x00, 0x67, 0xb7,
  0x00, 0x6f, 0xfa, 0xff, 0xdd, 0x4c, 0xde, 0x79, 0x96, 0xcc, 0xa0, 0x00,
  0xf6, 0xe0, 0x18, 0xc0, 0x80, 0x00, 0x10, 0x0f, 0x90, 0x50, 0x07, 0xf0,
  0xd7, 0x72, 0xad, 0x83, 0x15, 0x10, 0xa8, 0xca, 0x4f, 0x5e, 0x00, 0x4d,
  0x0b, 0x3b, 0x80, 0x30, 0x03, 0x6d, 0x18, 0x03, 0x42, 0xa5, 0x34, 0x0d,
  0x40, 0x1b, 0x6c, 0x68, 0xc4, 0xab, 0xb4, 0x1b, 0x2b, 0xfa, 0x84, 0x00,
  0x10, 0x00, 0x10, 0x58, 0x03, 0x34, 0x03, 0xdc, 0x4a, 0x01, 0xc5, 0xae,
  0x01, 0x1f, 0xb9, 0x11, 0xfd, 0x00, 0x3f, 0xfa, 0x82, 0x1a, 0x00, 0xc0,
  0x01, 0x0a, 0xde, 0x20, 0x05, 0xa4, 0x8d, 0x00, 0x00, 0x10, 0x00, 0x10,
  0x58, 0x06, 0xdc, 0x00, 0xe5, 0x2e, 0x00, 0xe7, 0xd2, 0x00, 0x1f, 0xb9,
  0x11, 0xfd, 0x00, 0x3f, 0xfa, 0x82, 0x1a, 0x00, 0xc0, 0x01, 0x0a, 0xde,
  0x20, 0x05, 0xa4, 0x8d, 0x00, 0x00, 0x10, 0x00, 0x10, 0x58, 0x00, 0xbf,
  0xc4, 0x01, 0x0f, 0xc4, 0x3c, 0x40, 0x03, 0xae, 0xed, 0x10, 0x3f, 0x70,
  0x03, 0xfa, 0x00, 0x7f, 0xf5, 0x04, 0x34, 0x01, 0x80, 0x02, 0x15, 0xbc,
  0x40, 0x0b, 0x49, 0x1a, 0x00, 0x00, 0x10, 0x00, 0x10, 0x58, 0x27, 0xa2,
  0x3d, 0x00, 0x02, 0x02, 0x20, 0x10, 0x02, 0xfa, 0xab, 0xd4, 0x0f, 0xdc,
  0x00, 0xfe, 0x80, 0x1f, 0xfd, 0x41, 0x0d, 0x00, 0x60, 0x00, 0x85, 0x6f,
  0x10, 0x02, 0xd2, 0x46, 0x80, 0x00, 0x10, 0x0e, 0x90, 0x70, 0x04, 0x5f,
  0x00, 0x1d, 0x07, 0x00, 0x1d, 0x3a, 0x01, 0x5f, 0x89, 0x8c, 0x7a, 0x70,
  0x38, 0x01, 0x45, 0x14, 0x28, 0x08, 0x8c, 0x00, 0x53, 0x15, 0x0b, 0x00,
  0x70, 0x3d, 0x91, 0x80, 0x10, 0x68, 0xd4, 0x03, 0x39, 0x85, 0x00, 0x6a,
  0x03, 0x20, 0x0c, 0xc1, 0x60, 0x1a, 0x2c, 0x18, 0x02, 0x17, 0x0a, 0x10,
  0x08, 0x10, 0x0e, 0x90, 0x71, 0xfc, 0x00, 0x7f, 0xf3, 0x2f, 0xf5, 0x00,
  0x27, 0x73, 0x15, 0x90, 0x00, 0xf2, 0x6c, 0x2c, 0x01, 0x60, 0x04, 0x05,
  0x00, 0xff, 0x58, 0x01, 0x41, 0x40, 0x07, 0x95, 0x40, 0xb0, 0x03, 0xb2,
  0x95, 0x90, 0x05, 0x5f, 0xa8, 0x01, 0xff, 0xc5, 0x10, 0x0e, 0x90, 0x70,
  0x4f, 0x0c, 0xf0, 0x80, 0x0c, 0x40, 0xc4, 0x02, 0xaf, 0x1a, 0xf1, 0x0b,
  0xf1, 0x00, 0x47, 0xa7, 0x03, 0x80, 0x14, 0x51, 0x42, 0x80, 0x88, 0xc0,
  0x05, 0x31, 0x50, 0xb0, 0x07, 0x03, 0xd9, 0x18, 0x01, 0x06, 0x8d, 0x40,
  0x33, 0x98, 0x50, 0x06, 0xa0, 0x32, 0x00, 0xcc, 0x16, 0x01, 0xa2, 0xc1,
  0x80, 0x21, 0x70, 0xa1, 0x00, 0x80, 0x1c, 0x0f, 0x1c, 0x70, 0x07, 0x85,
  0xc0, 0x3f, 0xe1, 0xc9, 0x80, 0x0f, 0xe1, 0xca, 0xf5, 0x70, 0x0f, 0xc8,
  0x48, 0x2f, 0x60, 0x1e, 0x2c, 0x4a, 0xdb, 0x6c, 0x78, 0x00, 0x8b, 0x1f,
  0x1e, 0xdf, 0x1e, 0x96, 0x00, 0xb2, 0x6e, 0xb1, 0x31, 0xeb, 0x30, 0xae,
  0x65, 0xc1, 0xa4, 0x20, 0x46, 0x44, 0x32, 0x1d, 0x5d, 0x6c, 0x7e, 0x4b,
  0xdd, 0x5a, 0x80, 0xea, 0x63, 0xd3, 0x62, 0x5d, 0x94, 0x02, 0x19, 0x68,
  0xf8, 0x4c, 0x55, 0x00, 0x79, 0xce, 0xcd, 0xe0, 0x03, 0xf0, 0xe2, 0xe5,
  0xa8, 0x07, 0xfb, 0x2d, 0x40, 0x38, 0x14, 0x0f, 0x94, 0x60, 0x04, 0x4c,
  0xc4, 0x00, 0xe9, 0xd9, 0x95, 0xe9, 0x80, 0x25, 0x8e, 0xf2, 0x0b, 0x44,
  0x98, 0xb1, 0x0d, 0xe0, 0x59, 0x02, 0xc0, 0x33, 0xeb, 0x70, 0x10, 0x00,
  0x95, 0x4e, 0x40, 0x1c, 0xb5, 0x54, 0x68, 0x60, 0x01, 0xf7, 0x00, 0x0a,
  0x2e, 0x40, 0x02, 0xa0, 0x0a, 0xc3, 0x66, 0x31, 0x84, 0x00, 0xb6, 0x4c,
  0xe5, 0x4e, 0x01, 0x26, 0xff, 0x71, 0x66, 0xc0, 0x14, 0x0f, 0x96, 0x60,
  0x04, 0x4c, 0xc4, 0x00, 0xf4, 0xec, 0xca, 0xf4, 0xc0, 0x29, 0x63, 0xbc,
  0x82, 0xd1, 0x02, 0x62, 0xc4, 0x37, 0x81, 0x60, 0x40, 0xb0, 0x0c, 0xfa,
  0xc1, 0xc0, 0x40, 0x02, 0x55, 0x39, 0x00, 0x79, 0x6a, 0xa8, 0x0d, 0x0c,
  0x00, 0x2d, 0x40, 0x28, 0x28, 0xb9, 0x03, 0x7c, 0x00, 0x90, 0x58, 0x6c,
  0xe3, 0x00, 0xa1, 0x02, 0xd9, 0x33, 0x95, 0x38, 0x06, 0x4d, 0xfe, 0xe2,
  0xcd, 0x80, 0x14, 0x0f, 0x98, 0x68, 0x07, 0xe2, 0x79, 0x00, 0xc4, 0xcc,
  0x40, 0xc8, 0x41, 0x00, 0x4e, 0xcc, 0xaf, 0x85, 0x74, 0x42, 0x59, 0x2f,
  0x20, 0x40, 0xc0, 0x04, 0xc5, 0x68, 0x6e, 0xe0, 0x0c, 0x81, 0x60, 0x1a,
  0x32, 0x00, 0x1c, 0x04, 0x00, 0x25, 0x53, 0x10, 0x07, 0xcb, 0x55, 0x48,
  0x03, 0x43, 0x00, 0x0f, 0xb6, 0x01, 0x94, 0x1c, 0x80, 0x05, 0xc0, 0x1d,
  0x41, 0xb3, 0x18, 0xa2, 0x01, 0x96, 0xc9, 0x9c, 0xa9, 0x00, 0x39, 0x37,
  0xba, 0x5a, 0xa0, 0x00, 0x14, 0x0f, 0x94, 0x78, 0x06, 0x34, 0x00, 0xf9,
  0x32, 0x64, 0x01, 0xee, 0xaf, 0x32, 0x00, 0xe8, 0x34, 0xe2, 0x00, 0xd3,
  0xb3, 0x2b, 0xd3, 0x00, 0x4b, 0x1d, 0xe4, 0x16, 0x89, 0x31, 0x62, 0x1b,
  0xc0, 0xb2, 0x05, 0x80, 0x67, 0xd6, 0xe0, 0x20, 0x01, 0x2a, 0x9c, 0x80,
  0x39, 0x6a, 0xa8, 0xd0, 0xc0, 0x03, 0xee, 0x00, 0x14, 0x5c, 0x80, 0x05,
  0x40, 0x15, 0x86, 0xcc, 0x63, 0x08, 0x01, 0x6c, 0x99, 0xca, 0x9c, 0x02,
  0x4d, 0xfe, 0xe2, 0xcd, 0x80, 0x14, 0x0f, 0x94, 0x78, 0x04, 0x40, 0x02,
  0x00, 0xf6, 0x3a, 0x61, 0x00, 0x76, 0x6f, 0xd1, 0x00, 0x7b, 0x34, 0x03,
  0xd3, 0xb3, 0x2b, 0xd2, 0x00, 0x4b, 0x25, 0xe4, 0x16, 0x01, 0x31, 0x5a,
  0x1b, 0xb8, 0x59, 0x02, 0xc0, 0x34, 0x6b, 0xf0, 0x10, 0x00, 0x95, 0x4e,
  0x40, 0x1c, 0x95, 0x54, 0xe8, 0x60, 0x01, 0xb6, 0xc0, 0x0a, 0x0e, 0x40,
  0x02, 0xe0, 0x0a, 0x83, 0x66, 0x31, 0x44, 0x00, 0xb6, 0x4c, 0xe3, 0x48,
  0x01, 0x26, 0xf7, 0x35, 0x6a, 0x80, 0x14, 0x0f, 0x94, 0x78, 0x06, 0x23,
  0x00, 0xfd, 0xf8, 0x20, 0x1f, 0x44, 0x04, 0x03, 0xc4, 0x62, 0x80, 0x1d,
  0x3b, 0x32, 0xbd, 0x30, 0x04, 0xb2, 0x5e, 0x41, 0x68, 0x93, 0x15, 0xa1,
  0xbc, 0x0b, 0x20, 0x58, 0x06, 0x7d, 0x6e, 0x02, 0x00, 0x12, 0xa9, 0xc8,
  0x03, 0x96, 0xaa, 0x8d, 0x0c, 0x00, 0x3e, 0xe0, 0x01, 0x45, 0xc8, 0x00,
  0x54, 0x01, 0x58, 0x6c, 0xc6, 0x30, 0x80, 0x16, 0xc9, 0x9c, 0xa9, 0xc0,
  0x24, 0xdf, 0xee, 0x2c, 0xd8, 0x14, 0x0e, 0x14, 0x78, 0x04, 0x4c, 0xc4,
  0x00, 0xe9, 0xd9, 0x95, 0xe9, 0x80, 0x25, 0x8e, 0xf2, 0x0b, 0x44, 0x4c,
  0x58, 0x86, 0xf0, 0x2c, 0xe1, 0x60, 0x19, 0xf5, 0xb8, 0x08, 0x00, 0x4a,
  0xa7, 0x20, 0x0e, 0x5a, 0xaa, 0x34, 0x30, 0x00, 0xfb, 0x80, 0x05, 0x07,
  0x20, 0x01, 0x50, 0x05, 0x41, 0x92, 0xf8, 0xc2, 0x00, 0x5a, 0x36, 0x82,
  0x97, 0x00, 0x97, 0x75, 0x9c, 0xd3, 0x60, 0x1b, 0xfc, 0x01, 0xf0, 0x94,
  0x80, 0x7e, 0x85, 0x00, 0xc0, 0x14, 0x0f, 0x94, 0x78, 0x04, 0x82, 0x08,
  0x40, 0x1d, 0xb9, 0x32, 0x20, 0x0e, 0x94, 0x3f, 0x00, 0xf1, 0x7e, 0x30,
  0x07, 0x4e, 0xcc, 0xaf, 0x4c, 0x01, 0x2c, 0x77, 0x90, 0x5a, 0x24, 0xc5,
  0x88, 0x6f, 0x02, 0xc8, 0x16, 0x01, 0x9f, 0x5b, 0x80, 0x80, 0x04, 0xaa,
  0x72, 0x00, 0xe5, 0xaa, 0xa3, 0x43, 0x00, 0x0f, 0xb8, 0x00, 0x51, 0x72,
  0x00, 0x15, 0x00, 0x56, 0x1b, 0x31, 0x8c, 0x20, 0x05, 0xb2, 0x67, 0x2a,
  0x70, 0x09, 0x37, 0xfb, 0x8b, 0x36, 0x14, 0x0f, 0x94, 0x78, 0x07, 0x12,
  0x88, 0x07, 0xdf, 0xc2, 0x01, 0xe4, 0x6a, 0x00, 0xf1, 0x13, 0x54, 0x03,
  0xa7, 0x66, 0x57, 0xa6, 0x00, 0x96, 0x3b, 0xc8, 0x2d, 0x12, 0x62, 0xc4,
  0x37, 0x81, 0x64, 0x0b, 0x00, 0xcf, 0xad, 0xc0, 0x40, 0x02, 0x55, 0x39,
  0x00, 0x72, 0xd5, 0x51, 0xa1, 0x80, 0x07, 0xdc, 0x00, 0x28, 0xb9, 0x00,
  0x0a, 0x80, 0x2b, 0x0d, 0x98, 0xc6, 0x10, 0x02, 0xd9, 0x33, 0x95, 0x38,
  0x04, 0x9b, 0xfd, 0xc5, 0x9b, 0x14, 0x0f, 0x94, 0x70, 0x05, 0x9d, 0xd0,
  0x07, 0xbe, 0xaa, 0x00, 0xf0, 0x91, 0x00, 0x3d, 0x3b, 0x32, 0xbd, 0x20,
  0x04, 0xb2, 0x5e, 0x41, 0x60, 0x13, 0x15, 0xa1, 0xbb, 0x85, 0x90, 0x2c,
  0x03, 0x46, 0xbf, 0x01, 0x00, 0x09, 0x54, 0xe4, 0x01, 0xc9, 0x55, 0x4e,
  0x86, 0x00, 0x1b, 0x6c, 0x00, 0xa0, 0xe4, 0x00, 0x2e, 0x00, 0xa8, 0x36,
  0x63, 0x14, 0x40, 0x0b, 0x64, 0xce, 0x34, 0x80, 0x12, 0x6f, 0x73, 0x56,
  0xa8, 0x0a, 0x00, 0x0a, 0x58, 0x07, 0x2f, 0xfe, 0x78, 0x02, 0x82, 0x60,
  0x67, 0x00, 0xff, 0xe6, 0x94, 0x83, 0x3b, 0xc0, 0x50, 0x0a, 0x00, 0x0c,
  0x70, 0x07, 0xaf, 0xc7, 0x3c, 0x31, 0x45, 0x14, 0x1e, 0x82, 0x28, 0x23,
  0xfe, 0xc0, 0xb6, 0x04, 0x90, 0x3d, 0x03, 0x50, 0x0f, 0xfe, 0x9a, 0x70,
  0x23, 0x06, 0x28, 0x1d, 0x00, 0x0a, 0x00, 0x0c, 0x80, 0x04, 0xa6, 0x01,
  0x3d, 0x90, 0x06, 0xd1, 0x0b, 0xd7, 0x8c, 0x01, 0x10, 0x06, 0xac, 0x0b,
  0xc0, 0x8f, 0xfb, 0x02, 0xd8, 0x12, 0x40, 0xf4, 0x0d, 0x40, 0x3f, 0xfa,
  0x69, 0xc0, 0x8c, 0x18, 0xa0, 0x74, 0x00, 0x0a, 0x00, 0x0c, 0x58, 0x07,
  0x97, 0xff, 0x03, 0xc0, 0x14, 0x01, 0x30, 0x33, 0x80, 0x7c, 0xbc, 0x09,
  0xe0, 0xba, 0x07, 0xe0, 0x03, 0x07, 0x00, 0xfc, 0x52, 0x0c, 0xe0, 0xee,
  0x02, 0x80, 0x0a, 0x0e, 0x8a, 0x70, 0x07, 0x47, 0xfd, 0x96, 0x80, 0x92,
  0x78, 0x18, 0xa0, 0x1f, 0xfc, 0xd4, 0xc0, 0xc6, 0xc4, 0x04, 0xa8, 0xff,
  0xb0, 0xed, 0xd6, 0x68, 0xfa, 0x30, 0x0a, 0x00, 0x0a, 0x70, 0x10, 0x06,
  0xfb, 0x00, 0xbd, 0x4c, 0x00, 0x5c, 0x60, 0xbf, 0xf9, 0xe0, 0x0a, 0x09,
  0x81, 0x9c, 0x03, 0xff, 0x9a, 0x52, 0x0c, 0xef, 0x01, 0x40, 0x0a, 0x00,
  0x0a, 0x70, 0x04, 0x24, 0x00, 0x2e, 0x50, 0x05, 0xa3, 0x80, 0x26, 0xc1,
  0x7f, 0xf3, 0xc0, 0x14, 0x13, 0x03, 0x38, 0x07, 0xff, 0x34, 0xa4, 0x19,
  0xde, 0x02, 0x80, 0x0a, 0x00, 0x0c, 0x70, 0x00, 0x84, 0x02, 0x7c, 0xf2,
  0x03, 0x9d, 0x69, 0x03, 0xe3, 0x8b, 0x05, 0xff, 0xc0, 0xf0, 0x05, 0x00,
  0x4c, 0x0c, 0xe0, 0x1f, 0xfd, 0x32, 0x90, 0x67, 0x07, 0x70, 0x14, 0x00,
  0x0a, 0x00, 0x0a, 0x6a, 0x64, 0x3d, 0x6d, 0x05, 0xf4, 0xb4, 0x62, 0x47,
  0xfd, 0x96, 0x80, 0x92, 0x78, 0x18, 0xa0, 0x1f, 0xfc, 0xd4, 0xc0, 0xc6,
  0xc4, 0x04, 0xa0, 0x0a, 0x00, 0x0a, 0x68, 0xf7, 0x56, 0x35, 0x54, 0x02,
  0x24, 0x6b, 0xff, 0x9e, 0x00, 0xa0, 0x98, 0x19, 0xc0, 0x3f, 0xf9, 0xa5,
  0x20, 0xce, 0xf0, 0x14, 0x00, 0x0a, 0x00, 0x0a, 0x70, 0x07, 0x55, 0x0e,
  0x6e, 0xc7, 0xc7, 0x43, 0x3b, 0x43, 0x1f, 0xf6, 0xda, 0x01, 0xc1, 0xe0,
  0x22, 0x80, 0x7f, 0xf3, 0x53, 0x01, 0x1b, 0x10, 0x0e, 0xc0, 0x0a, 0x0e,
  0x8a, 0x70, 0x07, 0x2f, 0xfd, 0x8f, 0x00, 0x52, 0x4c, 0x0c, 0xa0, 0x1f,
  0xfc, 0xd2, 0x90, 0x66, 0x3b, 0x80, 0xad, 0x7e, 0x82, 0x00, 0x1e, 0x02,
  0x00, 0xe3, 0xe0, 0x0a, 0x00, 0x0a, 0x70, 0x00, 0x40, 0x21, 0xeb, 0x00,
  0x0a, 0x60, 0x05, 0x6e, 0x0b, 0xff, 0x9e, 0x00, 0xa0, 0x98, 0x19, 0xc0,
  0x3f, 0xf9, 0xa5, 0x20, 0xce, 0xf0, 0x14, 0x00, 0x0a, 0x00, 0x0c, 0x70,
  0x07, 0x8b, 0xd6, 0xec, 0x05, 0x74, 0xd4, 0x00, 0x4f, 0xd1, 0x05, 0xff,
  0xc0, 0xf0, 0x05, 0x00, 0x4c, 0x0c, 0xe0, 0x1f, 0xfd, 0x32, 0x90, 0x67,
  0x07, 0x70, 0x14, 0x00, 0x0b, 0xf0, 0x0c, 0x70, 0x90, 0x08, 0x80, 0x19,
  0x2d, 0xc2, 0x2d, 0x74, 0x26, 0x03, 0xe3, 0xd7, 0x05, 0xff, 0xc0, 0xf0,
  0x05, 0x00, 0x4c, 0x0c, 0xe0, 0x1f, 0xfd, 0x32, 0x90, 0x67, 0x07, 0x70,
  0x14, 0x00, 0x0a, 0x00, 0x0a, 0x70, 0x00, 0x40, 0x05, 0xbf, 0xc7, 0x75,
  0xd1, 0x09, 0x70, 0x6b, 0x8f, 0xfb, 0x6d, 0x00, 0xe0, 0xf0, 0x11, 0x40,
  0x3f, 0xf9, 0xa9, 0x80, 0x8d, 0x88, 0x07, 0x60, 0x0a, 0x00, 0x0a, 0x70,
  0x07, 0x9b, 0xf0, 0x00, 0xd0, 0xe0, 0x13, 0x50, 0x2f, 0xf7, 0x3d, 0xe0,
  0x0a, 0x09, 0x81, 0x9c, 0x03, 0xff, 0x9a, 0x52, 0x0c, 0xef, 0x01, 0x40,
  0x0a, 0x0e, 0x0a, 0x78, 0x07, 0x2f, 0xfe, 0x78, 0x02, 0x82, 0x60, 0x67,
  0x00, 0xff, 0xe6, 0x94, 0x83, 0x3b, 0xc0, 0x50, 0xbf, 0xf8, 0x01, 0x6e,
  0x00, 0x14, 0xc0, 0x00, 0xfd, 0x80, 0x10, 0x00, 0x10, 0x59, 0x08, 0x19,
  0xe0, 0x5f, 0x3c, 0xcc, 0x64, 0xa5, 0x62, 0x16, 0x6b, 0x62, 0x86, 0x08,
  0x01, 0xff, 0xe0, 0x83, 0x08, 0x10, 0x00, 0xb8, 0x83, 0x90, 0x10, 0x00,
  0x10, 0x58, 0x18, 0x22, 0x61, 0x9f, 0x1b, 0xbc, 0xbe, 0xe3, 0x64, 0x16,
  0xad, 0x60, 0x82, 0x08, 0x20, 0x1f, 0xfd, 0xf8, 0x20, 0x82, 0x00, 0x9c,
  0x41, 0xd8, 0x14, 0x00, 0x14, 0x59, 0x09, 0x18, 0x22, 0x60, 0x5f, 0xae,
  0x2b, 0xbc, 0x44, 0x5b, 0x22, 0x58, 0x0d, 0x92, 0xd9, 0xf8, 0x20, 0x82,
  0x00, 0x7f, 0xfa, 0xc6, 0x04, 0x50, 0x20, 0x18, 0xdc, 0x00, 0xe6, 0x14,
  0x00, 0x14, 0x58, 0x19, 0x18, 0x22, 0x61, 0x9f, 0x7c, 0x0b, 0xbc, 0xbe,
  0xea, 0x25, 0x64, 0x16, 0xad, 0x61, 0xc4, 0x82, 0x08, 0x20, 0x1f, 0xfe,
  0xb8, 0x20, 0x82, 0x00, 0xe7, 0x10, 0x76, 0x14, 0x00, 0x14, 0x59, 0x08,
  0x18, 0xa2, 0x61, 0x5f, 0x3c, 0x5b, 0xbc, 0xa4, 0xa0, 0x29, 0x64, 0x16,
  0xaa, 0xb3, 0xe0, 0x41, 0x04, 0x10, 0x0f, 0xff, 0x5c, 0x10, 0x41, 0x00,
  0x73, 0x88, 0x3b, 0x00, 0x14, 0x00, 0x14, 0x58, 0x18, 0x18, 0x9a, 0x24,
  0x33, 0xe5, 0x85, 0x97, 0x72, 0x7b, 0x80, 0x9e, 0x18, 0x5a, 0x35, 0x97,
  0x01, 0xb8, 0x28, 0x80, 0x7f, 0xfa, 0xdd, 0x82, 0x48, 0x03, 0xa0, 0x81,
  0xdc, 0x12, 0x00, 0x12, 0x68, 0xb1, 0x21, 0x80, 0x6b, 0xdf, 0xb0, 0x0e,
  0xbf, 0xf7, 0x3a, 0x24, 0x22, 0x3c, 0x3b, 0xbc, 0x80, 0x4a, 0x56, 0x61,
  0x48, 0x0b, 0x60, 0x8e, 0x08, 0x20, 0x1f, 0xfe, 0x57, 0x60, 0x92, 0x00,
  0xd0, 0x40, 0xee, 0x12, 0x00, 0x12, 0x68, 0xb1, 0x19, 0x00, 0x6b, 0xdc,
  0xd3, 0x00, 0xd7, 0x6a, 0xd4, 0x55, 0x84, 0x4f, 0x2f, 0x55, 0x90, 0x0d,
  0x99, 0x86, 0x16, 0x80, 0x96, 0x46, 0xe0, 0xa2, 0x01, 0xff, 0xe5, 0x76,
  0x09, 0x20, 0x0d, 0x04, 0x0e, 0xe0, 0x0a, 0x00, 0x0a, 0x70, 0x07, 0x55,
  0x0e, 0x6e, 0xc7, 0xc7, 0x43, 0x3b, 0x43, 0x1f, 0xf6, 0xda, 0x01, 0xc1,
  0xe0, 0x22, 0x80, 0x7f, 0xf3, 0x53, 0x01, 0x1b, 0x10, 0x0e, 0xc0, 0x0a,
  0x00, 0x0a, 0x68, 0xf7, 0x56, 0x35, 0x54, 0x02, 0x24, 0x6b, 0xff, 0x9e,
  0x00, 0xa0, 0x98, 0x19, 0xc0, 0x3f, 0xf9, 0xa5, 0x20, 0xce, 0xf0, 0x14,
  0x00, 0x11, 0xf0, 0x12, 0x58, 0x90, 0x00, 0x47, 0x02, 0x68, 0x97, 0x76,
  0x25, 0x12, 0x24, 0x88, 0x49, 0x87, 0x18, 0x30, 0x0b, 0x08, 0x07, 0xff,
  0x90, 0x60, 0x45, 0x02, 0x01, 0x1b, 0x80, 0x1c, 0xc0, 0x0e, 0x00, 0x0e,
  0x58, 0x90, 0x11, 0x69, 0xc4, 0xdd, 0xc2, 0xcb, 0x40, 0x55, 0x30, 0x2a,
  0x02, 0xa0, 0x1f, 0xfd, 0x92, 0x80, 0x28, 0x00, 0x33, 0x80, 0xb8, 0x0a,
  0x00, 0x0a, 0x58, 0x07, 0x2f, 0xfe, 0x78, 0x02, 0x82, 0x60, 0x67, 0x00,
  0xff, 0xe6, 0x94, 0x83, 0x3b, 0xc0, 0x50, 0x0a, 0x00, 0x0c, 0x70, 0x07,
  0xaf, 0xc7, 0x3c, 0x31, 0x45, 0x14, 0x1e, 0x82, 0x28, 0x23, 0xfe, 0xc0,
  0xb6, 0x04, 0x90, 0x3d, 0x03, 0x50, 0x0f, 0xfe, 0x9a, 0x70, 0x23, 0x06,
  0x28, 0x1d, 0x00, 0x10, 0x0f, 0x90, 0x48, 0x00, 0x94, 0xc0, 0xc4, 0x1f,
  0x6b, 0x2f, 0x24, 0xa0, 0xb7, 0x4e, 0x00, 0x50, 0x82, 0x27, 0x80, 0x3c,
  0x18, 0x00, 0x40, 0x0e, 0x05, 0x00, 0x20, 0x01, 0xc2, 0x19, 0x96, 0x00,
  0x1b, 0x09, 0x98, 0x02, 0x4e, 0xe7, 0xbf, 0xc0, 0x10, 0x0f, 0x90, 0x60,
  0x06, 0x23, 0x00, 0xf6, 0x48, 0x07, 0x31, 0x50, 0x06, 0x23, 0xf0, 0x31,
  0x07, 0xda, 0xcb, 0xc9, 0x28, 0x2d, 0xd3, 0x80, 0x14, 0x20, 0x89, 0xe0,
  0x0f, 0x06, 0x00, 0x10, 0x03, 0x81, 0x40, 0x08, 0x00, 0x70, 0x86, 0x65,
  0x80, 0x06, 0xc2, 0x66, 0x00, 0x93, 0xb9, 0xef, 0xf0, 0x10, 0x0f, 0x90,
  0x60, 0x00, 0x80, 0x06, 0x01, 0x0e, 0xaa, 0xb0, 0x02, 0x1b, 0x99, 0x60,
  0x06, 0x69, 0xe3, 0x30, 0x83, 0xed, 0x6d, 0xe3, 0x14, 0x16, 0xe3, 0x00,
  0x14, 0x24, 0x8e, 0x00, 0x1e, 0x0e, 0x00, 0x60, 0x07, 0x02, 0x80, 0x14,
  0x00, 0xe1, 0x0c, 0xc8, 0x00, 0x0d, 0x04, 0xc3, 0x00, 0x4b, 0xdd, 0x47,
  0xb8, 0x10, 0x0f, 0x90, 0x70, 0x07, 0xff, 0x03, 0xa0, 0x03, 0x0a, 0xaa,
  0x40, 0x22, 0xe6, 0x8e, 0x10, 0x01, 0x56, 0xf5, 0x08, 0x04, 0xf7, 0xea,
  0x62, 0x0f, 0xb5, 0xb7, 0x8c, 0x50, 0x5b, 0x8c, 0x00, 0x50, 0x92, 0x38,
  0x00, 0x78, 0x38, 0x01, 0x80, 0x1c, 0x0a, 0x00, 0x50, 0x03, 0x84, 0x33,
  0x20, 0x00, 0x34, 0x13, 0x0c, 0x01, 0x2f, 0x75, 0x1e, 0xe0, 0x10, 0x0e,
  0x10, 0x78, 0x00, 0x80, 0x06, 0x01, 0x0e, 0xaa, 0xb0, 0x02, 0x1b, 0x99,
  0x60, 0x06, 0x69, 0xe3, 0x30, 0x83, 0xed, 0x6d, 0xe3, 0x14, 0x16, 0xe3,
  0x00, 0x14, 0x24, 0x8e, 0x00, 0x1e, 0x0e, 0x00, 0x60, 0x07, 0x02, 0x80,
  0x14, 0x00, 0xe1, 0x0c, 0xc8, 0x00, 0x0d, 0x04, 0xc3, 0x00, 0x4b, 0xdd,
  0x47, 0xb8, 0x05, 0x14, 0x01, 0xe4, 0x40, 0x07, 0xb7, 0x80, 0x20, 0x10,
  0x0f, 0x90, 0x70, 0x07, 0xfa, 0x74, 0x03, 0xd0, 0xc8, 0x20, 0x11, 0x74,
  0x3f, 0x08, 0x00, 0xab, 0x7a, 0x84, 0x02, 0x7b, 0xf5, 0x31, 0x07, 0xda,
  0xdb, 0xc6, 0x28, 0x2d, 0xc6, 0x00, 0x28, 0x49, 0x1c, 0x00, 0x3c, 0x1c,
  0x00, 0xc0, 0x0e, 0x05, 0x00, 0x28, 0x01, 0xc2, 0x19, 0x90, 0x00, 0x1a,
  0x09, 0x86, 0x00, 0x97, 0xba, 0x8f, 0x70, 0x10, 0x0f, 0x90, 0x70, 0x04,
  0x40, 0x1e, 0x2f, 0xe0, 0x0e, 0x39, 0x71, 0x00, 0x8b, 0x9e, 0xb8, 0x40,
  0x05, 0x5b, 0xd4, 0x20, 0x13, 0xdf, 0xa9, 0x88, 0x3e, 0xd6, 0xde, 0x31,
  0x41, 0x6e, 0x30, 0x01, 0x42, 0x48, 0xe0, 0x01, 0xe0, 0xe0, 0x06, 0x00,
  0x70, 0x28, 0x01, 0x40, 0x0e, 0x10, 0xcc, 0x80, 0x00, 0xd0, 0x4c, 0x30,
  0x04, 0xbd, 0xd4, 0x7b, 0x80, 0x10, 0x0f, 0x90, 0x70, 0x00, 0x90, 0x10,
  0x40, 0x03, 0xb1, 0xb4, 0x01, 0xaf, 0x3f, 0x44, 0x02, 0xb3, 0x6c, 0x10,
  0x00, 0xd7, 0x4d, 0x88, 0x04, 0xf1, 0xe8, 0x62, 0x0f, 0xb5, 0xb7, 0x8c,
  0x50, 0x5b, 0x8c, 0x00, 0x50, 0x92, 0x38, 0x00, 0x78, 0x38, 0x01, 0x80,
  0x1c, 0x0a, 0x00, 0x50, 0x03, 0x84, 0x33, 0x20, 0x00, 0x34, 0x13, 0x0c,
  0x01, 0x2f, 0x75, 0x1e, 0xe0, 0x10, 0x0f, 0x90, 0x60, 0x09, 0x80, 0x0c,
  0x40, 0x03, 0xf5, 0x4f, 0x10, 0x0b, 0x44, 0x5a, 0x01, 0x8f, 0xa0, 0x4c,
  0x41, 0xf6, 0xb2, 0xf2, 0x4a, 0x0b, 0x74, 0xe0, 0x05, 0x08, 0x22, 0x78,
  0x03, 0xc1, 0x80, 0x04, 0x00, 0xe0, 0x50, 0x02, 0x00, 0x1c, 0x21, 0x99,
  0x60, 0x01, 0xb0, 0x99, 0x80, 0x24, 0xee, 0x7b, 0xfc, 0x00, 0x10, 0x0f,
  0x90, 0x60, 0x04, 0x66, 0x00, 0xe5, 0xcd, 0x60, 0x08, 0x7a, 0xea, 0x82,
  0x00, 0x19, 0x17, 0xc2, 0x10, 0x7d, 0xac, 0xbc, 0x92, 0x82, 0xdd, 0x38,
  0x01, 0x42, 0x08, 0x9e, 0x00, 0xf0, 0x60, 0x01, 0x00, 0x38, 0x14, 0x00,
  0x80, 0x07, 0x08, 0x66, 0x58, 0x00, 0x6c, 0x26, 0x60, 0x09, 0x3b, 0x9e,
  0xff, 0x00, 0x10, 0x0f, 0x90, 0x70, 0x07, 0xff, 0x05, 0x7c, 0x80, 0x21,
  0x17, 0x51, 0x00, 0x0f, 0xb9, 0xea, 0x00, 0x1d, 0x88, 0x50, 0x80, 0x07,
  0x49, 0x3c, 0x84, 0x1f, 0x2b, 0x2b, 0x24, 0xa0, 0xb7, 0x4e, 0x00, 0x50,
  0x82, 0x27, 0x80, 0x3c, 0x18, 0x00, 0x40, 0x0e, 0x05, 0x00, 0x20, 0x01,
  0xc2, 0x19, 0x96, 0x00, 0x1b, 0x09, 0x98, 0x02, 0x4e, 0xe7, 0xbf, 0xc0,
  0x10, 0x0e, 0x10, 0x78, 0x04, 0x66, 0x00, 0xe5, 0xcd, 0x60, 0x08, 0x7a,
  0xea, 0x82, 0x00, 0x19, 0x17, 0xc2, 0x10, 0x7d, 0xac, 0xbc, 0x92, 0x82,
  0xdd, 0x38, 0x01, 0x42, 0x08, 0x9e, 0x00, 0xf0, 0x60, 0x01, 0x00, 0x38,
  0x14, 0x00, 0x80, 0x07, 0x08, 0x66, 0x58, 0x00, 0x6c, 0x26, 0x60, 0x09,
  0x3b, 0x9e, 0xff, 0x00, 0x14, 0x50, 0x07, 0x91, 0x00, 0x1e, 0xde, 0x00,
  0x80, 0x10, 0x0f, 0x90, 0x70, 0x07, 0xff, 0x02, 0xb4, 0x03, 0x86, 0x05,
  0x00, 0x23, 0xed, 0x84, 0x00, 0x0e, 0xc4, 0x28, 0x40, 0x03, 0xa4, 0x9e,
  0x42, 0x0f, 0x95, 0x95, 0x92, 0x50, 0x5b, 0xa7, 0x00, 0x28, 0x41, 0x13,
  0xc0, 0x1e, 0x0c, 0x00, 0x20, 0x07, 0x02, 0x80, 0x10, 0x00, 0xe1, 0x0c,
  0xcb, 0x00, 0x0d, 0x84, 0xcc, 0x01, 0x27, 0x73, 0xdf, 0xe0, 0x10, 0x0f,
  0x90, 0x70, 0x06, 0x21, 0x00, 0xf4, 0xf1, 0x00, 0x61, 0xa4, 0x20, 0x09,
  0x7b, 0xe4, 0x02, 0x1b, 0xb3, 0xf0, 0x04, 0x38, 0x37, 0x86, 0x00, 0x7d,
  0xad, 0xbc, 0x42, 0x82, 0xdc, 0x60, 0x02, 0x84, 0x91, 0xc0, 0x03, 0xc1,
  0xc0, 0x0c, 0x00, 0xe0, 0x50, 0x02, 0x80, 0x1c, 0x21, 0x99, 0x00, 0x01,
  0xa0, 0x98, 0x60, 0x09, 0x7b, 0xa8, 0xf4, 0x10, 0x0f, 0x90, 0x70, 0x00,
  0x90, 0x10, 0x40, 0x03, 0xb1, 0xb4, 0x01, 0x0e, 0xeb, 0xbc, 0x40, 0x27,
  0xfd, 0x40, 0x08, 0x7f, 0x75, 0xe2, 0x00, 0x18, 0x60, 0xa2, 0x10, 0x7d,
  0xac, 0xbc, 0x92, 0x82, 0xdd, 0x38, 0x01, 0x42, 0x08, 0x9e, 0x00, 0xf0,
  0x60, 0x01, 0x00, 0x38, 0x14, 0x00, 0x80, 0x07, 0x08, 0x66, 0x58, 0x00,
  0x6c, 0x26, 0x60, 0x09, 0x3b, 0x9e, 0xff, 0x00, 0x10, 0x0f, 0x90, 0x60,
  0x98, 0x91, 0x80, 0x43, 0xfa, 0x38, 0xa0, 0x16, 0x8b, 0x33, 0xc0, 0x21,
  0xf0, 0xaa, 0x18, 0x83, 0xed, 0x65, 0xe4, 0x94, 0x16, 0xe9, 0xc0, 0x0a,
  0x10, 0x44, 0xf0, 0x07, 0x83, 0x00, 0x08, 0x01, 0xc0, 0xa0, 0x04, 0x00,
  0x38, 0x43, 0x32, 0xc0, 0x03, 0x61, 0x33, 0x00, 0x49, 0xdc, 0xf7, 0xf8,
  0x10, 0x0f, 0x90, 0x60, 0x00, 0x80, 0x04, 0x01, 0x36, 0xa5, 0x69, 0x00,
  0x11, 0x55, 0xec, 0x40, 0x02, 0x84, 0x79, 0x30, 0x03, 0xed, 0x6d, 0xe1,
  0x94, 0x16, 0xe3, 0x00, 0x14, 0x24, 0x8e, 0x00, 0x1e, 0x0e, 0x00, 0x60,
  0x07, 0x02, 0x80, 0x14, 0x00, 0xe1, 0x0c, 0xc8, 0x00, 0x0d, 0x04, 0xc3,
  0x00, 0x4b, 0xdd, 0x47, 0x98, 0x10, 0x0f, 0x90, 0x68, 0x03, 0xbf, 0xda,
  0x01, 0xb3, 0xb9, 0xe0, 0x13, 0xe9, 0x5e, 0x88, 0x00, 0x88, 0x3a, 0x60,
  0x12, 0xfb, 0xae, 0x10, 0x01, 0xf6, 0xb6, 0xf1, 0x0a, 0x0b, 0x71, 0x80,
  0x0a, 0x12, 0x47, 0x00, 0x0f, 0x07, 0x00, 0x30, 0x03, 0x81, 0x40, 0x0a,
  0x00, 0x70, 0x86, 0x64, 0x00, 0x06, 0x82, 0x61, 0x80, 0x25, 0xee, 0xa3,
  0xd0, 0x10, 0x0f, 0x90, 0x60, 0x04, 0x22, 0x00, 0xf7, 0x70, 0x03, 0xce,
  0xe0, 0x0e, 0x2d, 0xb0, 0x31, 0x07, 0xda, 0xcb, 0xc9, 0x28, 0x2d, 0xd3,
  0x80, 0x14, 0x20, 0x89, 0xe0, 0x0f, 0x06, 0x00, 0x10, 0x03, 0x81, 0x40,
  0x08, 0x00, 0x70, 0x86, 0x65, 0x80, 0x06, 0xc2, 0x66, 0x00, 0x93, 0xb9,
  0xef, 0xf0, 0x10, 0x0e, 0x10, 0x60, 0x00, 0x94, 0xc0, 0xc4, 0x1f, 0x6b,
  0x2f, 0x24, 0xa0, 0xb7, 0x4e, 0x00, 0x50, 0x82, 0x27, 0x80, 0x3c, 0x18,
  0x00, 0x40, 0x0e, 0x05, 0x00, 0x20, 0x01, 0xc2, 0x19, 0x96, 0x00, 0x1b,
  0x09, 0x98, 0x02, 0x4e, 0xe7, 0xbf, 0xc0, 0x05, 0x14, 0x01, 0xe4, 0x40,
  0x07, 0xb7, 0x80, 0x20, 0x10, 0x0f, 0x90, 0x68, 0x03, 0xff, 0x00, 0x6e,
  0xdd, 0x70, 0x06, 0x1c, 0xc0, 0x80, 0x72, 0xa8, 0x03, 0x8b, 0xa0, 0x0c,
  0x41, 0xf6, 0xb2, 0xf2, 0x4a, 0x0b, 0x74, 0xe0, 0x05, 0x08, 0x22, 0x78,
  0x03, 0xc1, 0x80, 0x04, 0x00, 0xe0, 0x50, 0x02, 0x00, 0x1c, 0x21, 0x99,
  0x60, 0x01, 0xb0, 0x99, 0x80, 0x24, 0xee, 0x7b, 0xfc, 0x00, 0x10, 0x0f,
  0x90, 0x60, 0x00, 0xc8, 0x03, 0xd5, 0x82, 0x01, 0xd2, 0x4c, 0x01, 0xc5,
  0x28, 0x06, 0x20, 0xfb, 0x59, 0x79, 0x25, 0x05, 0xba, 0x70, 0x02, 0x84,
  0x11, 0x3c, 0x01, 0xe0, 0xc0, 0x02, 0x00, 0x70, 0x28, 0x01, 0x00, 0x0e,
  0x10, 0xcc, 0xb0, 0x00, 0xd8, 0x4c, 0xc0, 0x12, 0x77, 0x3d, 0xfe, 0x00,
  0x10, 0x0f, 0x90, 0x60, 0x07, 0xf8, 0xff, 0x84, 0x03, 0x1d, 0x80, 0x80,
  0x62, 0x1d, 0x03, 0x10, 0x7d, 0xac, 0xbc, 0x92, 0x82, 0xdd, 0x38, 0x01,
  0x42, 0x08, 0x9e, 0x00, 0xf0, 0x60, 0x01, 0x00, 0x38, 0x14, 0x00, 0x80,
  0x07, 0x08, 0x66, 0x58, 0x00, 0x6c, 0x26, 0x60, 0x09, 0x3b, 0x9e, 0xff,
  0x00, 0x10, 0x0f, 0x90, 0x60, 0x04, 0x22, 0x00, 0xe9, 0xee, 0x40, 0x04,
  0x4b, 0xfc, 0x82, 0x00, 0x2e, 0x53, 0xc2, 0x10, 0x7d, 0xad, 0xbc, 0x62,
  0x82, 0xdc, 0x60, 0x02, 0x84, 0x91, 0xc0, 0x03, 0xc1, 0xc0, 0x0c, 0x00,
  0xe0, 0x50, 0x02, 0x80, 0x1c, 0x21, 0x99, 0x00, 0x01, 0xa0, 0x98, 0x60,
  0x09, 0x7b, 0xa8, 0xf7, 0x10, 0x0f, 0x90, 0x58, 0x03, 0xbf, 0xe0, 0x0d,
  0xb9, 0x90, 0x06, 0x16, 0x03, 0x30, 0x83, 0xed, 0x65, 0xe4, 0x94, 0x16,
  0xe9, 0xc0, 0x0a, 0x10, 0x44, 0xf0, 0x07, 0x83, 0x00, 0x08, 0x01, 0xc0,
  0xa0, 0x04, 0x00, 0x38, 0x43, 0x32, 0xc0, 0x03, 0x61, 0x33, 0x00, 0x49,
  0xdc, 0xf7, 0xf8, 0x10, 0x0e, 0x90, 0x58, 0x00, 0x94, 0x80, 0xc4, 0x1f,
  0x6b, 0x6f, 0x18, 0xa0, 0xb7, 0x18, 0x00, 0xa1, 0x24, 0x70, 0x00, 0xf0,
  0x70, 0x03, 0x00, 0x38, 0x14, 0x00, 0xa0, 0x07, 0x08, 0x66, 0x40, 0x00,
  0x68, 0x26, 0x18, 0x02, 0x5e, 0xe9, 0x09, 0x80, 0x21, 0x23, 0x63, 0x00,
  0xc4, 0xcc, 0x40, 0x10, 0x0f, 0x90, 0x68, 0x07, 0xfd, 0x30, 0x01, 0xe9,
  0x70, 0x0f, 0x42, 0x00, 0x71, 0x74, 0x81, 0x88, 0x3e, 0xce, 0xde, 0x31,
  0x41, 0x6e, 0x30, 0x01, 0x42, 0x48, 0xe0, 0x01, 0xe0, 0xe0, 0x06, 0x00,
  0x70, 0x28, 0x01, 0x40, 0x0e, 0x10, 0xcc, 0x80, 0x00, 0xd0, 0x4c, 0x30,
  0x04, 0xbd, 0xd4, 0x7b, 0x80, 0x10, 0x0f, 0x90, 0x68, 0x07, 0xf9, 0x3b,
  0x88, 0x01, 0xba, 0x2f, 0xc0, 0x37, 0xc4, 0x34, 0x03, 0x3c, 0x4b, 0x18,
  0x83, 0xec, 0xdd, 0xb1, 0x8a, 0x0b, 0x71, 0x80, 0x0a, 0x12, 0x47, 0x00,
  0x0f, 0x07, 0x00, 0x30, 0x03, 0x81, 0x40, 0x0a, 0x00, 0x70, 0x86, 0x64,
  0x00, 0x06, 0x82, 0x61, 0x80, 0x25, 0xee, 0xa3, 0xdc, 0x10, 0x0f, 0x90,
  0x70, 0x06, 0xa7, 0x00, 0xe3, 0xd7, 0x00, 0xc9, 0xb2, 0x80, 0x1b, 0xa2,
  0xfc, 0x03, 0x7c, 0x43, 0x40, 0x33, 0xc4, 0xb1, 0x88, 0x3e, 0xcd, 0xdb,
  0x18, 0xa0, 0xb7, 0x18, 0x00, 0xa1, 0x24, 0x70, 0x00, 0xf0, 0x70, 0x03,
  0x00, 0x38, 0x14, 0x00, 0xa0, 0x07, 0x08, 0x66, 0x40, 0x00, 0x68, 0x26,
  0x18, 0x02, 0x5e, 0xea, 0x3d, 0xc0, 0x10, 0x0e, 0x10, 0x60, 0x00, 0x94,
  0x80, 0xc4, 0x23, 0x6b, 0x6f, 0x18, 0xdc, 0xf7, 0x18, 0x00, 0x81, 0x04,
  0x70, 0x00, 0xf0, 0x70, 0x03, 0x00, 0x38, 0x14, 0x00, 0x80, 0x07, 0x19,
  0x89, 0x80, 0x00, 0xe2, 0x32, 0xd1, 0x90, 0x15, 0xb2, 0xa6, 0x28, 0x02,
  0x04, 0x50, 0x01, 0x84, 0x5c, 0x60, 0x1a, 0x0f, 0x60, 0x00, 0x10, 0x0f,
  0x90, 0x58, 0x02, 0xb1, 0xb0, 0xc0, 0x04, 0x31, 0x8a, 0x60, 0x02, 0x91,
  0x99, 0x18, 0x83, 0xed, 0x65, 0xe4, 0x94, 0x16, 0xe9, 0xc0, 0x0a, 0x10,
  0x44, 0xf0, 0x07, 0x83, 0x00, 0x08, 0x01, 0xc0, 0xa0, 0x04, 0x00, 0x38,
  0x43, 0x32, 0xc0, 0x03, 0x61, 0x33, 0x00, 0x49, 0xdc, 0xf7, 0xf8, 0x07,
  0xfe, 0x8a, 0x58, 0x09, 0x88, 0x01, 0xf1, 0x00, 0x3f, 0xfa, 0x8d, 0xea,
  0x07, 0x6c, 0xc7, 0xa3, 0xcb, 0x40, 0x07, 0xfe, 0x88, 0x58, 0x00, 0xc4,
  0x0f, 0x18, 0x03, 0xff, 0x92, 0xe1, 0xe1, 0x05, 0x24, 0x62, 0x64, 0xc2,
  0x80, 0x06, 0x0e, 0x06, 0x60, 0x19, 0x0e, 0x40, 0x07, 0xff, 0x18, 0x7e,
  0x86, 0xdc, 0xd3, 0x4b, 0xe8, 0x07, 0xfe, 0x8c, 0x58, 0x00, 0xc8, 0x02,
  0x1c, 0x80, 0x00, 0x90, 0x30, 0x85, 0xe0, 0x1f, 0x25, 0x68, 0x27, 0x20,
  0x18, 0x08, 0x80, 0x3f, 0xf8, 0xe5, 0x41, 0xa0, 0x06, 0x69, 0xc0, 0x00,
  0x0d, 0xfe, 0x90, 0x58, 0x06, 0x32, 0x00, 0xe2, 0xcb, 0x00, 0xff, 0xef,
  0xa6, 0x60, 0x1b, 0x4c, 0x2c, 0x58, 0x12, 0x88, 0x00, 0x20, 0x0e, 0x71,
  0x0a, 0x16, 0x62, 0x80, 0x00, 0x08, 0x00, 0x08, 0x58, 0x18, 0x80, 0xe5,
  0x80, 0x7f, 0xf4, 0x44, 0x1c, 0xc1, 0xce, 0x80, 0x08, 0x00, 0x08, 0x58,
  0x11, 0x00, 0x1f, 0x80, 0x1f, 0x84, 0x00, 0x3e, 0x84, 0x17, 0x20, 0x05,
  0xc2, 0x10, 0x10, 0x0c, 0x22, 0x50, 0x91, 0x80, 0x0a, 0x00, 0x0c, 0x58,
  0x01, 0x08, 0x02, 0x1b, 0x80, 0x0f, 0xfe, 0x45, 0x70, 0x2f, 0x9c, 0x50,
  0x0e, 0x19, 0x20, 0x21, 0x80, 0x7e, 0x10, 0x73, 0x00, 0x9c, 0xe8, 0x00,
  0x0a, 0x00, 0x0c, 0x58, 0x09, 0x88, 0x04, 0x98, 0xe0, 0x1f, 0xfc, 0x84,
  0xa0, 0xdc, 0x0e, 0x20, 0x4b, 0x0a, 0x80, 0x97, 0x00, 0xfc, 0x21, 0xa2,
  0x00, 0x44, 0xc0, 0x0c, 0x00, 0x0c, 0x58, 0x04, 0x44, 0x00, 0xd9, 0xe0,
  0x1f, 0x16, 0x68, 0x80, 0x38, 0x94, 0x03, 0xb4, 0x00, 0x9e, 0x14, 0x05,
  0x47, 0xdc, 0x12, 0xf0, 0x00, 0x80, 0x04, 0x02, 0x32, 0x40, 0x0a, 0xc7,
  0xc0, 0x0c, 0x00, 0x0c, 0x58, 0x18, 0x80, 0x43, 0x96, 0x01, 0xff, 0xc7,
  0x10, 0x0c, 0xfc, 0xa0, 0x10, 0x89, 0x80, 0x26, 0xe3, 0x00, 0xf0, 0x83,
  0x98, 0x04, 0xe7, 0x40, 0x00, 0x08, 0x00, 0x08, 0x70, 0x00, 0x44, 0x05,
  0xcc, 0x10, 0xae, 0x13, 0x60, 0x39, 0x60, 0x1f, 0xfd, 0x11, 0x07, 0x30,
  0x73, 0xa0, 0x08, 0x0e, 0x08, 0x78, 0x18, 0x80, 0xe5, 0x80, 0x7f, 0xf4,
  0x44, 0x18, 0x81, 0x4e, 0xc2, 0xba, 0x03, 0x34, 0x40, 0xe8, 0x06, 0x18,
  0x00, 0x0a, 0x00, 0x0c, 0x58, 0x18, 0xa5, 0x00, 0xe5, 0x93, 0x80, 0x73,
  0x80, 0x66, 0xa0, 0x0f, 0xfe, 0x98, 0x83, 0x98, 0x04, 0xe7, 0x40, 0x00,
  0x08, 0x0e, 0x08, 0x78, 0x18, 0x80, 0xe5, 0x80, 0x7f, 0xf4, 0x44, 0x1c,
  0xc1, 0xce, 0x82, 0x3a, 0x41, 0xec, 0x01, 0x88, 0x41, 0x7e, 0x40, 0x09,
  0xfe, 0x0a, 0x89, 0x77, 0x54, 0x55, 0x54, 0x82, 0x3a, 0x98, 0x0e, 0x58,
  0x07, 0xff, 0x64, 0x41, 0xcc, 0x00, 0xe7, 0x40, 0x08, 0xe9, 0x00, 0x3d,
  0x80, 0x58, 0x84, 0x00, 0xbf, 0x20, 0x08, 0x0e, 0x8a, 0x70, 0x18, 0x80,
  0x07, 0x2c, 0x03, 0xff, 0xb2, 0x20, 0xe6, 0x00, 0x73, 0xa0, 0x04, 0x74,
  0x85, 0x77, 0x45, 0x35, 0x51, 0x00, 0x09, 0xfe, 0x0c, 0x78, 0x00, 0xc4,
  0x02, 0x1c, 0xb0, 0x0f, 0xff, 0x08, 0x83, 0x98, 0x04, 0xe7, 0x40, 0x14,
  0x74, 0x80, 0x59, 0xc8, 0x00, 0xa7, 0x8a, 0x20, 0xbb, 0x37, 0x90, 0x0a,
  0x0e, 0x8a, 0x58, 0x19, 0x11, 0x47, 0x3b, 0x6c, 0x00, 0x75, 0x80, 0x04,
  0x52, 0x00, 0x08, 0x07, 0xff, 0x28, 0x41, 0x24, 0x42, 0xc9, 0x00, 0x0a,
  0x0e, 0x8a, 0x58, 0x10, 0x81, 0x0e, 0xd7, 0x60, 0x01, 0x26, 0x80, 0x08,
  0xe8, 0x00, 0x10, 0x0f, 0xfe, 0xa0, 0x12, 0x0f, 0x92, 0x60, 0x00, 0x51,
  0x00, 0x1c, 0x9f, 0x76, 0xe3, 0x00, 0xa4, 0x2e, 0xc3, 0xe0, 0x11, 0x22,
  0x46, 0x20, 0x01, 0x00, 0x8c, 0xca, 0x01, 0xeb, 0x0b, 0x00, 0xf6, 0x07,
  0x88, 0x07, 0x25, 0x9e, 0x80, 0x79, 0x20, 0xcc, 0x01, 0x1b, 0xb5, 0x80,
  0x80, 0x49, 0x12, 0x70, 0x43, 0xf4, 0xff, 0xde, 0xe0, 0x12, 0x0f, 0x92,
  0x60, 0x04, 0x48, 0x40, 0x18, 0x6f, 0x6f, 0x6c, 0x02, 0xa4, 0x8d, 0x44,
  0x50, 0x12, 0x2b, 0x92, 0x92, 0x8a, 0x07, 0x83, 0x15, 0x82, 0x08, 0x30,
  0x44, 0x08, 0x0c, 0x00, 0xec, 0x48, 0x01, 0x10, 0x14, 0x40, 0x08, 0x09,
  0x02, 0x49, 0x02, 0x81, 0x05, 0xc0, 0x0d, 0x66, 0xe0, 0x08, 0x73, 0x94,
  0x78, 0x00, 0xa3, 0xfb, 0xe0, 0x00, 0x0a, 0x00, 0x0a, 0x58, 0x04, 0x42,
  0x00, 0x2d, 0xb1, 0xac, 0x00, 0x98, 0x80, 0x03, 0x9a, 0x01, 0xff, 0xd4,
  0x10, 0x0f, 0x90, 0x60, 0x07, 0xf7, 0x7f, 0xf3, 0x04, 0x44, 0xe0, 0x02,
  0x06, 0x76, 0x40, 0xb4, 0x00, 0x0e, 0x16, 0x20, 0x04, 0xe4, 0x3b, 0x20,
  0x13, 0x7f, 0x33, 0x24, 0x94, 0x40, 0x60, 0x5d, 0x29, 0xc0, 0x21, 0x37,
  0x19, 0x75, 0xb0, 0xa1, 0xc3, 0x8a, 0x47, 0x70, 0x16, 0x76, 0xfc, 0x00,
  0x12, 0x00, 0x12, 0x58, 0x07, 0x11, 0x00, 0x3c, 0x9b, 0x40, 0x1c, 0x34,
  0x50, 0x01, 0xd6, 0x3e, 0x01, 0xcc, 0xb0, 0x6a, 0x40, 0x02, 0x94, 0x75,
  0xa4, 0x00, 0x70, 0xd0, 0x07, 0x29, 0x85, 0x5c, 0x05, 0xc8, 0xa2, 0x80,
  0x79, 0x2e, 0xf4, 0x05, 0xc8, 0x07, 0xf0, 0x10, 0x0f, 0x90, 0x60, 0x07,
  0xfc, 0x5f, 0xa0, 0x1d, 0xc1, 0xe0, 0x19, 0xce, 0x08, 0x02, 0x38, 0x10,
  0x40, 0x0b, 0xc0, 0x62, 0xf0, 0x10, 0xd3, 0xfc, 0xe7, 0x06, 0x1e, 0x00,
  0x80, 0x31, 0x02, 0x00, 0x10, 0x0b, 0x8c, 0xbb, 0x78, 0x70, 0xe9, 0xc4,
  0x9d, 0x20, 0x1e, 0x77, 0x4a, 0x00, 0x10, 0x00, 0x10, 0x58, 0x04, 0x88,
  0x10, 0x09, 0x7e, 0xed, 0xd0, 0x03, 0x43, 0x78, 0x6e, 0xae, 0x16, 0x87,
  0xa1, 0xe2, 0x02, 0x00, 0x10, 0x14, 0x08, 0x10, 0x90, 0xc3, 0x73, 0xef,
  0x61, 0x60, 0x8d, 0x93, 0x08, 0x10, 0x01, 0x29, 0xab, 0x00, 0x6d, 0x1b,
  0x00, 0xd4, 0x34, 0x20, 0x00, 0x12, 0x0f, 0x92, 0x60, 0x04, 0x68, 0x40,
  0x18, 0x73, 0x17, 0xb2, 0x01, 0x51, 0xc6, 0x2b, 0x38, 0x12, 0x2b, 0x9d,
  0x0c, 0x83, 0x87, 0x80, 0x4e, 0x22, 0x20, 0x10, 0x08, 0x40, 0x80, 0x3f,
  0x09, 0x01, 0x00, 0x44, 0x06, 0x81, 0x40, 0x01, 0x52, 0x11, 0x31, 0xd3,
  0x68, 0x40, 0x02, 0x59, 0x64, 0xa5, 0x40, 0x29, 0xfe, 0xe3, 0x00, 0x00,
  0x12, 0x10, 0x0e, 0x58, 0x04, 0x44, 0x00, 0x8f, 0x75, 0x20, 0x05, 0xc0,
  0x0e, 0x28, 0xc0, 0x0c, 0xee, 0x00, 0xff, 0xea, 0xa3, 0xc8, 0x33, 0xbb,
  0xa1, 0xc0, 0xa2, 0x00, 0x12, 0x00, 0x12, 0x58, 0x04, 0x6a, 0x60, 0x18,
  0x73, 0x15, 0x9a, 0x20, 0x08, 0x38, 0xd9, 0x2a, 0x00, 0x31, 0xb9, 0x32,
  0x20, 0x01, 0x7c, 0x01, 0x38, 0x80, 0x10, 0x80, 0x0c, 0x6c, 0x01, 0xcf,
  0x29, 0x00, 0x1a, 0x61, 0x6c, 0x03, 0x5b, 0x3d, 0x00, 0x6c, 0x42, 0xf7,
  0x78, 0x00, 0x60, 0x51, 0x18, 0x40, 0x12, 0x0f, 0x92, 0x60, 0x04, 0x6a,
  0x60, 0x18, 0x73, 0x15, 0x9a, 0x40, 0x0a, 0x39, 0xe9, 0x2e, 0x00, 0x32,
  0xb0, 0xb1, 0x98, 0x01, 0xb4, 0x00, 0x33, 0x20, 0x06, 0x7e, 0xc5, 0xb0,
  0x0c, 0x6c, 0x8b, 0x20, 0x2a, 0x49, 0x16, 0xac, 0x41, 0x52, 0x01, 0x18,
  0x30, 0xa2, 0x25, 0x61, 0x85, 0x02, 0x95, 0xa9, 0xd3, 0x00, 0x03, 0x5f,
  0xbd, 0x64, 0x00, 0x12, 0x00, 0x12, 0x58, 0x07, 0x2b, 0x10, 0x07, 0x35,
  0x4a, 0x80, 0x62, 0x92, 0x00, 0xf7, 0x94, 0x00, 0x74, 0x17, 0x08, 0x06,
  0x47, 0x71, 0x80, 0x61, 0xa3, 0x80, 0x0e, 0x71, 0x3f, 0xf5, 0x84, 0x6a,
  0xbb, 0xe5, 0x04, 0xb3, 0x88, 0xdc, 0x18, 0xc0, 0x1c, 0xe6, 0x40, 0x12,
  0x0f, 0x92, 0x60, 0x07, 0xfb, 0x3f, 0xfa, 0x00, 0x02, 0x28, 0x8d, 0x60,
  0x03, 0x27, 0x7c, 0x60, 0x01, 0x78, 0xcc, 0x28, 0x06, 0x45, 0x50, 0xd3,
  0x80, 0x09, 0x36, 0x74, 0x64, 0x01, 0xb6, 0x01, 0x20, 0x8d, 0xf4, 0x01,
  0x30, 0x08, 0x91, 0x65, 0x68, 0xd8, 0x01, 0x6a, 0xd4, 0xad, 0x20, 0x15,
  0x7f, 0x7c, 0x80, 0x00, 0x12, 0x0f, 0x92, 0x60, 0x04, 0x48, 0x60, 0x1d,
  0x3b, 0x79, 0xa4, 0x00, 0x66, 0xb6, 0x8b, 0x80, 0x16, 0x52, 0x4b, 0x2a,
  0x02, 0x4a, 0x70, 0xe9, 0x20, 0x40, 0x98, 0xd1, 0xaa, 0x01, 0x1d, 0xf6,
  0x8d, 0x80, 0x81, 0xa0, 0x13, 0x89, 0x90, 0x90, 0x04, 0x40, 0x21, 0x23,
  0x6d, 0x48, 0x82, 0x07, 0x72, 0x4a, 0xaa, 0x80, 0x28, 0xfd, 0xea, 0x10,
  0x12, 0x1f, 0x8e, 0x60, 0x07, 0xdf, 0xff, 0x44, 0x70, 0x0b, 0xbe, 0x20,
  0x90, 0x0d, 0x02, 0xe0, 0x13, 0x14, 0x80, 0x6b, 0x17, 0x00, 0x98, 0xa4,
  0x03, 0x40, 0xb8, 0x04, 0xc3, 0x20, 0x1a, 0x05, 0xc0, 0x36, 0x78, 0x06,
  0x12, 0x0f, 0x92, 0x60, 0x04, 0x6a, 0x60, 0x18, 0x77, 0x2b, 0x34, 0x40,
  0x16, 0x53, 0xd2, 0x56, 0x00, 0x71, 0x61, 0x61, 0x70, 0x02, 0x0a, 0x02,
  0x0a, 0x00, 0x25, 0xaf, 0xed, 0xa4, 0x00, 0xec, 0x90, 0x8c, 0xc0, 0x18,
  0x3b, 0x7b, 0x39, 0x13, 0x06, 0x00, 0x98, 0x08, 0xa5, 0x74, 0x75, 0x23,
  0x0f, 0x48, 0xb8, 0x3f, 0x00, 0x15, 0xf6, 0xf6, 0x10, 0x00, 0x12, 0x0f,
  0x92, 0x60, 0x04, 0x6a, 0x40, 0x18, 0xb7, 0x2b, 0x6c, 0x02, 0xf2, 0x9d,
  0x64, 0x80, 0x22, 0x2b, 0x14, 0x93, 0x80, 0x81, 0x80, 0x42, 0x04, 0x62,
  0xe6, 0x0c, 0x60, 0x21, 0x43, 0x9f, 0x26, 0x02, 0x09, 0xd3, 0x2d, 0x60,
  0x21, 0xb6, 0x68, 0x90, 0xc0, 0x5e, 0x1d, 0x6c, 0x60, 0x01, 0xa9, 0x14,
  0xb2, 0x80, 0x01, 0xbe, 0xde, 0x60, 0x00, 0x12, 0x0f, 0x92, 0x60, 0x04,
  0x68, 0x40, 0x18, 0x73, 0x17, 0xb2, 0x01, 0x51, 0xc6, 0xa3, 0x38, 0x12,
  0x2b, 0x92, 0x8c, 0x83, 0x86, 0x03, 0xa3, 0x88, 0x88, 0x08, 0x26, 0x38,
  0x08, 0x02, 0x74, 0x2f, 0x01, 0x20, 0x39, 0x80, 0x20, 0x34, 0x08, 0x42,
  0x15, 0x21, 0x13, 0x00, 0x1b, 0x42, 0x00, 0x12, 0xcb, 0x25, 0x2a, 0x01,
  0x4f, 0xf7, 0x18, 0x00, 0x12, 0x10, 0x0e, 0x58, 0x04, 0x42, 0x01, 0x87,
  0x6c, 0x02, 0x7c, 0x00, 0xc3, 0x04, 0x01, 0x87, 0xf8, 0x03, 0xff, 0xa8,
  0x8f, 0x20, 0xef, 0x6c, 0x38, 0x14, 0x40, 0x12, 0x0f, 0x92, 0x60, 0x07,
  0xfa, 0xbf, 0xfa, 0xc0, 0x1d, 0x11, 0x10, 0x18, 0x01, 0x1d, 0xdc, 0x4f,
  0x00, 0x1a, 0x9a, 0x60, 0x03, 0x0a, 0x84, 0xd9, 0x00, 0x43, 0xfe, 0xa4,
  0xf0, 0x15, 0x20, 0x02, 0xb1, 0x10, 0x2a, 0x40, 0x22, 0x00, 0x0a, 0x22,
  0x56, 0x51, 0x04, 0x14, 0xad, 0x4c, 0x94, 0x00, 0x1a, 0xfd, 0xfb, 0x10,
  0x12, 0x00, 0x12, 0x58, 0x07, 0x11, 0x00, 0x3c, 0x9b, 0x40, 0x1c, 0x34,
  0x50, 0x01, 0xd6, 0x3e, 0x01, 0xcc, 0xb0, 0x6a, 0x40, 0x02, 0x94, 0x75,
  0xa4, 0x00, 0x70, 0xd0, 0x07, 0x29, 0x85, 0x5c, 0x05, 0xc8, 0xa2, 0x80,
  0x79, 0x2e, 0xf4, 0x05, 0xc8, 0x07, 0xf0, 0x12, 0x0f, 0x92, 0x60, 0x07,
  0xff, 0x06, 0xbd, 0x00, 0x39, 0x95, 0xd0, 0x03, 0x14, 0x9c, 0x00, 0x77,
  0x02, 0xb0, 0x80, 0x4c, 0x60, 0xf3, 0xc8, 0x00, 0x80, 0xce, 0xc0, 0xa0,
  0x11, 0x29, 0x81, 0xb0, 0x8c, 0x0c, 0x01, 0x10, 0x08, 0x31, 0xd3, 0x52,
  0x28, 0x02, 0x59, 0x65, 0x55, 0x40, 0x14, 0xfe, 0xfd, 0x00, 0x00, 0x12,
  0x00, 0x12, 0x58, 0x04, 0x6a, 0x60, 0x18, 0x73, 0x15, 0x98, 0x10, 0x05,
  0x1c, 0x6c, 0x1d, 0x00, 0x10, 0xdc, 0x9d, 0x10, 0x22, 0x07, 0x00, 0x84,
  0x00, 0x24, 0x88, 0x04, 0x52, 0x10, 0xe1, 0xbf, 0xb0, 0xb0, 0x01, 0xfd,
  0x38, 0x1b, 0x00, 0x42, 0xa8, 0x1c, 0x01, 0xd0, 0x72, 0x40, 0x19, 0x1d,
  0x58, 0x02, 0x08, 0x0f, 0x0a, 0x70, 0x01, 0xe8, 0x00, 0x30, 0x20, 0x07,
  0x0e, 0x00, 0x60, 0x20, 0x01, 0x08, 0x40, 0x02, 0xc0, 0x01, 0x01, 0x00,
  0xf8, 0x40, 0x40, 0x22, 0x50, 0x09, 0x04, 0xc0, 0x14, 0x16, 0x00, 0x33,
  0x30, 0x05, 0x9c, 0x00, 0x08, 0x0f, 0x08, 0x72, 0xd0, 0x83, 0x2c, 0x81,
  0x93, 0x00, 0x1c, 0x48, 0x30, 0x1c, 0x08, 0x08, 0x18, 0x38, 0x03, 0x98,
  0x04, 0x0c, 0x34, 0x30, 0x10, 0x51, 0x02, 0xc1, 0xe0, 0xfe, 0x80, 0x08,
  0x0f, 0x08, 0x70, 0x3b, 0xc1, 0x11, 0x00, 0x13, 0xc0, 0x3f, 0xfa, 0xe4,
  0x00, 0x4d, 0x0b, 0xb8, 0x08, 0x0f, 0x08, 0x71, 0x3b, 0x91, 0xe2, 0x1c,
  0xbc, 0x01, 0xff, 0xd7, 0x20, 0x03, 0x60, 0x01, 0xee, 0xd0, 0x0c, 0x0f,
  0x0c, 0x70, 0x04, 0x2c, 0x40, 0x03, 0xe9, 0x40, 0x05, 0x06, 0x30, 0x00,
  0x80, 0xc0, 0x3f, 0x94, 0x40, 0x05, 0xe1, 0x60, 0x11, 0x09, 0x00, 0x0b,
  0x4a, 0x00, 0x33, 0x00, 0x7f, 0xc4, 0x0c, 0x01, 0x58, 0xcb, 0x00, 0x0b,
  0xb1, 0xc0, 0x0c, 0x0f, 0x0c, 0x71, 0xa8, 0x80, 0x49, 0x5c, 0x40, 0x07,
  0xa0, 0xa0, 0x09, 0x00, 0x40, 0x3f, 0x84, 0x14, 0x03, 0x49, 0xf8, 0x80,
  0x3c, 0x08, 0x02, 0x64, 0xd1, 0x01, 0x02, 0x00, 0xfc, 0x2c, 0x1c, 0x00,
  0x98, 0x26, 0x00, 0x56, 0xe8, 0x40, 0x00, 0x1c, 0x0f, 0x1c, 0x70, 0x06,
  0x16, 0x88, 0x31, 0x00, 0x7d, 0x5d, 0x2c, 0xc9, 0xdb, 0x10, 0x0d, 0xab,
  0x1d, 0xd7, 0xca, 0xf8, 0x80, 0x24, 0xb1, 0xcd, 0xd4, 0x89, 0x83, 0x60,
  0x2c, 0xc3, 0x6d, 0x9a, 0xda, 0x27, 0x51, 0x40, 0xa1, 0x96, 0xef, 0x20,
  0x05, 0x82, 0x10, 0x12, 0x85, 0x00, 0x28, 0x00, 0x40, 0x60, 0x1f, 0xbc,
  0x00, 0x60, 0x64, 0x0a, 0x81, 0x04, 0x6c, 0x22, 0xa0, 0x74, 0x0e, 0x0a,
  0x4d, 0xc4, 0x0e, 0x77, 0x10, 0xba, 0xad, 0xd7, 0x95, 0xb5, 0xb0, 0x00,
  0x84, 0xaa, 0x2a, 0x88, 0x88, 0x82, 0x00, 0xd7, 0x09, 0x7d, 0xcd, 0x95,
  0x00, 0xf3, 0xf6, 0x55, 0x2f, 0x90, 0x02, 0x0c, 0x02, 0x0c, 0x10, 0xff,
  0xe7, 0x18, 0x8c, 0x80, 0x0e, 0x02, 0x0e, 0x17, 0xff, 0xd1, 0x1f, 0x00,
  0x12, 0x02, 0x12, 0x18, 0x08, 0xfe, 0x4e, 0xef, 0xb5, 0x6a, 0xbe, 0x80,
  0x1c, 0x02, 0x1c, 0x17, 0xff, 0xff, 0x0a, 0x23, 0xff, 0x84, 0x0c, 0x01,
  0x0c, 0x30, 0x00, 0x8c, 0x02, 0x6d, 0xcb, 0x00, 0x48, 0x01, 0x10, 0x02,
  0x01, 0x38, 0x50, 0x83, 0x98, 0x27, 0x7c, 0x00, 0x0c, 0x01, 0x0c, 0x30,
  0x00, 0x44, 0x01, 0x2f, 0x72, 0x00, 0x17, 0xbe, 0xc4, 0x00, 0x11, 0x00,
  0x55, 0x9d, 0x24, 0x09, 0xfe, 0x70, 0x0c, 0x12, 0x0a, 0x15, 0xff, 0xc3,
  0xd1, 0x10, 0x80, 0x0c, 0x11, 0x0a, 0x30, 0x07, 0x1e, 0xa0, 0x04, 0x57,
  0x42, 0x01, 0x68, 0x82, 0x73, 0x81, 0xd8, 0x80, 0x00, 0x10, 0x01, 0x10,
  0x30, 0x0d, 0x77, 0xfc, 0x21, 0x4a, 0x2d, 0x00, 0x12, 0x00, 0x04, 0x03,
  0xff, 0x80, 0x80, 0x01, 0xf0, 0x0a, 0x94, 0x59, 0xc0, 0x00, 0x10, 0x01,
  0x10, 0x30, 0xff, 0xdd, 0x42, 0x01, 0x43, 0x0a, 0xd0, 0x06, 0x10, 0x02,
  0x00, 0x7f, 0xde, 0x20, 0x04, 0x00, 0x9d, 0x85, 0x68, 0x00, 0x06, 0x00,
  0x86, 0x40, 0xe3, 0x29, 0xe2, 0x65, 0x01, 0x80, 0x61, 0xc6, 0x53, 0xc4,
  0xca, 0x08, 0x0e, 0x86, 0x28, 0x3b, 0x82, 0x38, 0x43, 0x14, 0x15, 0x3c,
  0x00, 0x08, 0x0f, 0x86, 0x18, 0x6d, 0x89, 0xb8, 0xf6, 0x00, 0x08, 0x0f,
  0x86, 0x40, 0x6d, 0x09, 0x30, 0xf6, 0x00, 0x80, 0x76, 0xd8, 0x9b, 0x8f,
  0x60, 0x08, 0x0e, 0x88, 0x50, 0x66, 0x00, 0x04, 0x40, 0x07, 0x70, 0x03,
  0xfc, 0xee, 0x00, 0x47, 0x00, 0x86, 0x02, 0x82, 0x82, 0x78, 0x00, 0x12,
  0x10, 0x8e, 0x40, 0x07, 0x2c, 0x80, 0x4d, 0xb4, 0x40, 0xfd, 0x23, 0x57,
  0xd0, 0x99, 0x85, 0x02, 0x06, 0x50, 0x0b, 0x2c, 0x27, 0xa0, 0x41, 0x33,
  0x0a, 0xfa, 0x01, 0x1d, 0xed, 0x80, 0x12, 0x10, 0x90, 0x44, 0x28, 0x07,
  0x8a, 0xb5, 0x80, 0x35, 0x50, 0x67, 0x9c, 0x40, 0x0b, 0x98, 0x48, 0xe0,
  0x0c, 0xcc, 0x02, 0x01, 0x7e, 0xa0, 0xbd, 0x0a, 0x85, 0xcc, 0x20, 0x03,
  0x75, 0x66, 0x01, 0x80, 0x12, 0x10, 0x8e, 0x48, 0x07, 0xfc, 0xb5, 0xa2,
  0xd7, 0xf4, 0xd5, 0x92, 0xd5, 0xd8, 0xf6, 0x65, 0x54, 0x62, 0x6c, 0xe9,
  0x09, 0xc0, 0x00, 0xb5, 0xfd, 0x67, 0xff, 0x55, 0x1d, 0xfa, 0x40, 0x12,
  0x10, 0x8e, 0x48, 0x07, 0xd9, 0x4a, 0x20, 0x15, 0xb5, 0x75, 0xb1, 0x3e,
  0x75, 0x34, 0xe1, 0x35, 0x50, 0x8e, 0x7e, 0x42, 0x7b, 0x1f, 0xbe, 0xd8,
  0x40, 0x1f, 0xfe, 0xea, 0x77, 0xe9, 0x12, 0x11, 0x0e, 0x32, 0x3b, 0xf3,
  0x74, 0x47, 0xab, 0xff, 0xb8, 0x91, 0x38, 0xe2, 0xef, 0xb6, 0x33, 0x3b,
  0x40, 0x12, 0x10, 0x8e, 0x40, 0x06, 0xba, 0x04, 0x77, 0x90, 0x1b, 0xa2,
  0x20, 0x58, 0xaf, 0xe1, 0x7f, 0xe2, 0x46, 0x1e, 0x43, 0x8b, 0x80, 0x9b,
  0xd8, 0xa0, 0x9c, 0xc6, 0x90, 0x23, 0x19, 0xc0, 0x12, 0x10, 0x8e, 0x40,
  0x00, 0xac, 0xc0, 0x30, 0xa3, 0x80, 0x7f, 0x77, 0xe0, 0x5f, 0xf4, 0x41,
  0x81, 0xa2, 0x59, 0xe8, 0x35, 0xdc, 0x01, 0xfc, 0x7a, 0x80, 0x00, 0x12,
  0x12, 0x0e, 0x16, 0x7f, 0xf7, 0x5b, 0x37, 0x80, 0x12, 0x10, 0x8e, 0x40,
  0x98, 0x04, 0x63, 0x78, 0x80, 0x79, 0x56, 0x56, 0xd8, 0x32, 0x38, 0x52,
  0x38, 0x40, 0x44, 0x01, 0x10, 0x1e, 0x0d, 0x96, 0x1d, 0x0e, 0x26, 0x14,
  0xcb, 0xc8, 0x07, 0x28, 0x12, 0x10, 0x8e, 0x40, 0x01, 0x39, 0x40, 0x30,
  0x88, 0x80, 0x32, 0xf3, 0x80, 0x33, 0xfd, 0xdf, 0xee, 0xa7, 0x7e, 0x96,
  0x88, 0x5c, 0x41, 0xc0, 0x0d, 0x90, 0x01, 0x94, 0xf0, 0x00, 0x12, 0x10,
  0x8e, 0x40, 0x00, 0xf9, 0x00, 0x38, 0x40, 0x2d, 0xfc, 0x0b, 0xfe, 0x89,
  0x70, 0x69, 0xb5, 0x6b, 0x0d, 0x65, 0x00, 0x1d, 0xa8, 0x03, 0x3f, 0xd7,
  0xdf, 0xd4, 0xef, 0xd2, 0x12, 0x01, 0x12, 0x30, 0x26, 0xe9, 0x40, 0xec,
  0x01, 0x40, 0xf5, 0x7c, 0xa0, 0x06, 0xfa, 0xb7, 0x1d, 0x00, 0x5f, 0x58,
  0x67, 0xc0, 0x03, 0x84, 0x57, 0x5c, 0xa0, 0x07, 0xea, 0xb6, 0x1d, 0x00,
  0x12, 0x01, 0x92, 0x20, 0x01, 0xd8, 0x40, 0x50, 0x01, 0x71, 0x3e, 0x93,
  0x60, 0x04, 0x8e, 0x5b, 0x76, 0x00, 0x73, 0x8d, 0xe5, 0xc8, 0x00, 0x12,
  0x10, 0x8e, 0x40, 0x00, 0xac, 0x40, 0x06, 0x61, 0x43, 0x43, 0x9c, 0x80,
  0x9b, 0xb5, 0x51, 0x01, 0x2e, 0x1a, 0xc0, 0x29, 0x51, 0x7b, 0x0c, 0x73,
  0x79, 0x70, 0x1a, 0x60, 0x01, 0xf1, 0x00, 0x00, 0x06, 0x02, 0x84, 0x40,
  0xaa, 0xa5, 0xa9, 0x20, 0x03, 0xf0, 0x0a, 0x02, 0x8c, 0x31, 0x31, 0xb9,
  0x02, 0x4c, 0x5e, 0x00, 0x57, 0xc2, 0x60, 0x20, 0x1f, 0xfc, 0x13, 0x00,
  0x00, 0x06, 0x02, 0x86, 0x40, 0x04, 0xbf, 0x80, 0x0d, 0x00, 0xff, 0xe1,
  0x68, 0x06, 0x02, 0x86, 0x40, 0x05, 0x5e, 0xf4, 0x20, 0x1f, 0xfc, 0x1a,
  0x10, 0x0a, 0x0e, 0x8c, 0x39, 0x30, 0x06, 0x49, 0x00, 0xf5, 0x62, 0x00,
  0x5e, 0xd4, 0x01, 0x26, 0x88, 0x05, 0x90, 0xc0, 0xdb, 0x9b, 0x20, 0x0a,
  0x0e, 0x8a, 0x28, 0x4e, 0xd0, 0xbb, 0x40, 0xcf, 0x8a, 0xf6, 0xd0, 0x7d,
  0x01, 0x76, 0x72, 0x80, 0x0a, 0x0e, 0x8a, 0x38, 0x04, 0x6a, 0x01, 0x25,
  0x85, 0x66, 0x01, 0xd6, 0x40, 0x1e, 0x2a, 0x61, 0x63, 0xec, 0x07, 0xdb,
  0xf8, 0x08, 0x0e, 0x88, 0x38, 0x2c, 0x08, 0xa8, 0x83, 0x01, 0x4f, 0x82,
  0x88, 0x40, 0x40, 0x38, 0xad, 0x40, 0x0a, 0x0e, 0x0a, 0x30, 0x56, 0x4d,
  0x3a, 0xc1, 0x27, 0x8a, 0x18, 0x58, 0xfb, 0x00, 0xc5, 0xa1, 0x96, 0xd3,
  0x48, 0x0a, 0x0e, 0x0a, 0x30, 0x3d, 0x3c, 0x34, 0x6d, 0x37, 0x8b, 0xd0,
  0x60, 0xdc, 0x82, 0xde, 0xb0, 0x01, 0x1b, 0xc0, 0x0e, 0x0e, 0x90, 0x2c,
  0xd8, 0xf3, 0xaf, 0x0e, 0x23, 0x8d, 0xfa, 0x8a, 0x84, 0x39, 0xa6, 0x80,
  0x14, 0x69, 0x05, 0xc0, 0x15, 0xe5, 0x7e, 0x20, 0x0a, 0x0e, 0x0a, 0x33,
  0xc0, 0x3c, 0x1b, 0x8c, 0xf2, 0x15, 0x0b, 0x05, 0x23, 0x00, 0x04, 0x28,
  0x0e, 0xdc, 0xc0, 0x0a, 0x0e, 0x8a, 0x2c, 0x77, 0x43, 0x3a, 0x0e, 0x21,
  0xcf, 0x21, 0x04, 0xde, 0x31, 0xbb, 0x08, 0x06, 0x0e, 0x06, 0x42, 0xfe,
  0x00, 0x38, 0x00, 0x60, 0x1f, 0xf6, 0xaf, 0x68, 0x06, 0x0e, 0x06, 0x44,
  0xfb, 0xc0, 0x80, 0x80, 0x7f, 0xd2, 0x21, 0x1c, 0xe0, 0x0a, 0x0f, 0x8a,
  0x38, 0x46, 0x48, 0x32, 0xfa, 0xc6, 0xa9, 0xd2, 0x07, 0x81, 0x89, 0xd8,
  0x7b, 0xc8, 0x7b, 0xc0, 0xe7, 0xe9, 0x00, 0x06, 0x00, 0x06, 0x30, 0x3c,
  0xc5, 0x3c, 0xc0, 0x08, 0x07, 0xe0, 0x0a, 0x00, 0x0a, 0x30, 0x46, 0xd0,
  0xa3, 0xf3, 0x42, 0xe9, 0xb8, 0x09, 0x4b, 0x40, 0x5a, 0xe0, 0xb2, 0x1f,
  0x58, 0x0a, 0x0f, 0x8a, 0x38, 0x3e, 0x50, 0x9c, 0x40, 0x6c, 0xfd, 0x80,
  0xc0, 0x12, 0xb8, 0xb9, 0x73, 0x6a, 0x1f, 0x10, 0x0c, 0xff, 0x30, 0x0a,
  0x0f, 0x8c, 0x38, 0x00, 0xe0, 0xc0, 0x2e, 0x75, 0x00, 0x4a, 0x10, 0x01,
  0x1e, 0x00, 0x2d, 0x1e, 0x29, 0x19, 0xff, 0x14, 0x88, 0x05, 0x8c, 0x00,
  0x0a, 0x0f, 0x8a, 0x3a, 0xd5, 0x43, 0x83, 0x98, 0x13, 0x7a, 0x10, 0xd4,
  0xf8, 0x4f, 0xf1, 0x88, 0xae, 0x7d, 0x54, 0x7d, 0xf6, 0x00, 0x0a, 0x0f,
  0x8a, 0x38, 0x3d, 0xc8, 0x2d, 0x79, 0xbf, 0xb7, 0x83, 0x0b, 0x40, 0xc1,
  0xb1, 0x91, 0xcb, 0xfb, 0xc8, 0xe7, 0xf1, 0x80, 0x0a, 0x00, 0x0a, 0x35,
  0xee, 0xc3, 0x1c, 0xa6, 0x26, 0x65, 0x90, 0x02, 0x9b, 0x80, 0x22, 0x40,
  0x06, 0xce, 0x00, 0x0a, 0x0f, 0x8a, 0x38, 0x36, 0x50, 0x9c, 0xc0, 0xd8,
  0x80, 0x46, 0x64, 0x95, 0xd6, 0x66, 0xcd, 0x28, 0x74, 0x49, 0x6f, 0x7b,
  0x80, 0x0a, 0x0f, 0x8a, 0x38, 0xd6, 0x40, 0x40, 0xfa, 0xb9, 0x10, 0xdb,
  0x21, 0xf9, 0x81, 0xa3, 0x9f, 0x1a, 0x38, 0x5c, 0xfb, 0x96, 0x00, 0x0a,
  0x00, 0x0a, 0x28, 0x02, 0x54, 0x00, 0xcb, 0xea, 0x1e, 0x22, 0x20, 0x97,
  0xd7, 0x00, 0x53, 0x00, 0x0a, 0x01, 0x0a, 0x10, 0x08, 0xf7, 0x75, 0xa0,
  0x0a, 0x00, 0x8a, 0x20, 0x08, 0xc0, 0x3d, 0xd5, 0x8e, 0xed, 0x43, 0x99,
  0x50, 0x06, 0x0f, 0x86, 0x40, 0x11, 0x03, 0xd0, 0x88, 0xee, 0x01, 0x02,
  0x01, 0x20, 0x50, 0x31, 0x75, 0x06, 0x0f, 0x86, 0x41, 0x10, 0x13, 0xc1,
  0x08, 0x48, 0x14, 0x04, 0x40, 0x2c, 0x60, 0x6b, 0x00, 0x0a, 0x02, 0x0a,
  0x38, 0x00, 0x40, 0x03, 0xbf, 0xc5, 0x2d, 0xcf, 0x07, 0x81, 0x8e, 0x3e,
  0x06, 0x3e, 0xcb, 0x76, 0x58, 0xea, 0x70, 0x06, 0x02, 0x06, 0x38, 0x04,
  0x7b, 0xc8, 0xa0, 0xfa, 0x01, 0xf9, 0xd8, 0x0a, 0x02, 0x0a, 0x38, 0x00,
  0x40, 0x2c, 0xff, 0x22, 0x8f, 0x37, 0x2e, 0x9b, 0xf0, 0x36, 0xd2, 0x2c,
  0x84, 0x4a, 0x66, 0xfd, 0x80, 0x0a, 0x02, 0x0a, 0x38, 0x00, 0x40, 0x2c,
  0xff, 0x29, 0x37, 0x37, 0x15, 0x63, 0x40, 0x96, 0x37, 0x2e, 0xa9, 0x8a,
  0x4f, 0x1f, 0x00, 0x0a, 0x02, 0x0c, 0x38, 0x00, 0x98, 0x80, 0x2e, 0x94,
  0x00, 0x43, 0x10, 0x00, 0xda, 0xc0, 0x2a, 0x1e, 0x29, 0x19, 0xff, 0x14,
  0x88, 0x05, 0xee, 0x00, 0x0a, 0x02, 0x0a, 0x38, 0x08, 0xc1, 0x3d, 0xd0,
  0x9b, 0xf7, 0x88, 0x36, 0x60, 0x7b, 0x74, 0x4f, 0xbe, 0x82, 0x50, 0xbf,
  0x28, 0x0a, 0x02, 0x0a, 0x38, 0x00, 0x40, 0x03, 0x9f, 0xc7, 0x2d, 0xf0,
  0xc6, 0xf9, 0x02, 0x0d, 0xad, 0xfa, 0xc8, 0x82, 0x6a, 0xf4, 0x90, 0x0a,
  0x02, 0x0a, 0x38, 0x8e, 0x0c, 0xee, 0x87, 0x7e, 0x08, 0x40, 0x13, 0x00,
  0x07, 0x35, 0x00, 0x4c, 0x00, 0x0a, 0x54, 0x00, 0x0a, 0x02, 0x0a, 0x38,
  0x00, 0x40, 0x03, 0xbf, 0xe6, 0x52, 0xe6, 0xd4, 0x47, 0xbc, 0x32, 0xf3,
  0x70, 0x01, 0x48, 0x1a, 0x7c, 0xfc, 0x0a, 0x02, 0x0a, 0x38, 0x00, 0x40,
  0x07, 0xdf, 0xa3, 0x0f, 0xcd, 0x24, 0x43, 0x63, 0x82, 0x86, 0x16, 0x2f,
  0x6f, 0x73, 0xfb, 0x50, 0x0c, 0x04, 0x0c, 0x18, 0x10, 0x00, 0x80, 0x75,
  0x17, 0x40, 0x6e, 0x27, 0x00, 0x07, 0xf0, 0x0c, 0x40, 0x01, 0xd0, 0x02,
  0x18, 0xe0, 0x0f, 0xd3, 0xc0, 0xbc, 0x75, 0x20, 0x0b, 0x23, 0x70, 0x55,
  0x08, 0x07, 0xc2, 0x64, 0x00, 0x06, 0x01, 0x86, 0x38, 0xb8, 0x94, 0x10,
  0x07, 0xff, 0x00, 0xfc, 0xc0, 0x06, 0x01, 0x06, 0x40, 0x35, 0x80, 0xa8,
  0x07, 0xff, 0x00, 0xec, 0x90, 0x20, 0x10, 0x14, 0x0c, 0x28, 0x04, 0x4c,
  0x20, 0x17, 0x60, 0x80, 0x05, 0x28, 0x0b, 0xe6, 0xbe, 0x0c, 0xbc, 0xcb,
  0xc0, 0x0c, 0x0e, 0x0c, 0x19, 0xf1, 0xcd, 0x81, 0xc6, 0x3d, 0x00, 0x1b,
  0xbc, 0x40, 0x16, 0x0f, 0x98, 0x48, 0x00, 0x94, 0xc0, 0xc4, 0x03, 0x9f,
  0x6b, 0x2f, 0x24, 0x03, 0x14, 0x16, 0xe9, 0xc0, 0x3c, 0xa1, 0x04, 0x4f,
  0x06, 0x99, 0x00, 0x3c, 0x18, 0x00, 0x40, 0x28, 0xc0, 0x0e, 0x05, 0x00,
  0x28, 0x3f, 0x87, 0x93, 0x84, 0x33, 0x28, 0x00, 0x57, 0x06, 0x36, 0x13,
  0x30, 0x04, 0x8e, 0x20, 0x9d, 0xcf, 0x7f, 0x80, 0x0c, 0x07, 0xf4, 0x0a,
  0x20, 0xee, 0xd4, 0x3d, 0xd4, 0x81, 0xec, 0x18, 0x00, 0x88, 0x00, 0x10,
  0x14, 0x0c, 0x20, 0x46, 0xec, 0x61, 0x5d, 0xd1, 0x96, 0xd8, 0xe4, 0x19,
  0x79, 0x97, 0x80, 0x10, 0x14, 0x0c, 0x28, 0x22, 0x80, 0x67, 0xa4, 0x00,
  0x8e, 0xc8, 0x00, 0x5f, 0x89, 0xf0, 0x65, 0xe6, 0x5e, 0x10, 0x0f, 0x90,
  0x40, 0x04, 0x20, 0x1c, 0xff, 0xdf, 0x00, 0x03, 0x85, 0x72, 0x77, 0x05,
  0xc5, 0x46, 0x0c, 0x85, 0xb0, 0x00, 0x4c, 0x40, 0xc4, 0x00, 0x84, 0x60,
  0x13, 0xf5, 0x87, 0x80, 0x44, 0xaf, 0xc6, 0x00, 0x0c, 0x04, 0x0c, 0x29,
  0x30, 0x1a, 0x84, 0x49, 0x7d, 0x05, 0xd8, 0xbb, 0x00, 0xe7, 0x7e, 0x80,
  0xa2, 0x2a, 0x00, 0x0e, 0x14, 0x0a, 0x28, 0x04, 0x40, 0x15, 0x78, 0x00,
  0x45, 0xe0, 0x95, 0xaa, 0xdd, 0xbf, 0x68, 0x10, 0x14, 0x0c, 0x28, 0x19,
  0x02, 0x10, 0x36, 0x44, 0x98, 0x2c, 0x97, 0x89, 0x7f, 0xa3, 0x60, 0xcb,
  0xcc, 0xbc, 0x10, 0x15, 0x8c, 0x28, 0x18, 0x81, 0x88, 0x2f, 0xbf, 0x00,
  0x1a, 0x77, 0xc4, 0x5d, 0xf1, 0x90, 0x07, 0xe6, 0x6f, 0x10, 0x15, 0x8c,
  0x20, 0x46, 0x64, 0x61, 0x51, 0x11, 0x0e, 0x61, 0xaa, 0x40, 0xfc, 0xcd,
  0xe0, 0x10, 0x15, 0x8c, 0x28, 0x04, 0x4a, 0x20, 0x17, 0x70, 0x40, 0x02,
  0x94, 0x03, 0xd3, 0x5f, 0x00, 0x7e, 0x66, 0xf0, 0x07, 0xf4, 0x0a, 0x20,
  0xee, 0xd4, 0x3d, 0xd4, 0x81, 0xec, 0x18, 0x00, 0x88, 0x00, 0x10, 0x15,
  0x8c, 0x28, 0x22, 0x80, 0x67, 0xa4, 0x00, 0x8e, 0x88, 0x00, 0x3d, 0xa9,
  0xd0, 0x07, 0xe6, 0x6f, 0x0e, 0x14, 0x0a, 0x28, 0x04, 0x40, 0x15, 0x78,
  0x00, 0x45, 0xe0, 0x95, 0xaa, 0xdd, 0xbf, 0x68, 0x26, 0x0d, 0xa8, 0xa0,
  0x07, 0x85, 0x62, 0xa5, 0xcc, 0x03, 0xfe, 0x1a, 0xea, 0x75, 0x68, 0xcd,
  0x50, 0x0f, 0xcb, 0xca, 0xab, 0xef, 0xf6, 0x39, 0xd5, 0x00, 0x3c, 0xb4,
  0x59, 0x48, 0x20, 0x03, 0x8f, 0x55, 0x58, 0x06, 0x2a, 0x2c, 0x30, 0x00,
  0xa1, 0x80, 0x06, 0x9d, 0x20, 0x02, 0x90, 0xf1, 0x00, 0x47, 0x5e, 0x69,
  0x00, 0x20, 0xdc, 0x80, 0xd1, 0x88, 0x00, 0xce, 0xb9, 0x05, 0xe0, 0x17,
  0x85, 0x85, 0x85, 0x00, 0x56, 0x34, 0x7a, 0x44, 0x50, 0x01, 0x93, 0x81,
  0x81, 0x80, 0x04, 0x90, 0x09, 0x38, 0x30, 0x02, 0x41, 0x13, 0x90, 0x04,
  0x40, 0x41, 0x12, 0x60, 0x60, 0x17, 0x01, 0x00, 0x7e, 0x24, 0x61, 0x00,
  0xfc, 0xc4, 0x01, 0x10, 0x14, 0x30, 0x90, 0x10, 0x05, 0xc0, 0x5a, 0x08,
  0x00, 0x13, 0x54, 0x90, 0xa0, 0xc0, 0x09, 0x08, 0x54, 0x38, 0x02, 0x80,
  0x03, 0xcb, 0x22, 0x00, 0x08, 0x4a, 0x04, 0xaa, 0x40, 0x02, 0x50, 0x4b,
  0x2d, 0x80, 0x52, 0x12, 0x00, 0xb1, 0xa2, 0x00, 0x2f, 0x73, 0xe8, 0x02,
  0xb2, 0x91, 0x00, 0x0e, 0x8e, 0xa8, 0x04, 0x20, 0x11, 0x62, 0x33, 0x00,
  0x31, 0xe1, 0x56, 0xb9, 0x91, 0xad, 0x69, 0xc4, 0x80, 0x78, 0xf6, 0x0e,
  0x33, 0x72, 0x95, 0x5a, 0xe0, 0x1f, 0xcf, 0xd9, 0x31, 0x37, 0xf4, 0x40,
  0x1c, 0x26, 0x0d, 0xa8, 0xa0, 0x07, 0x85, 0x62, 0xa5, 0xcc, 0x03, 0xfe,
  0x1a, 0xea, 0x75, 0x68, 0xcd, 0x50, 0x0f, 0xcb, 0xca, 0xab, 0xef, 0xf6,
  0x39, 0xd5, 0x00, 0x3c, 0xb4, 0x59, 0x48, 0x20, 0x03, 0x8f, 0x55, 0x58,
  0x06, 0x2a, 0x2c, 0x30, 0x08, 0x48, 0x00, 0x34, 0xe9, 0x00, 0x14, 0x87,
  0x88, 0x06, 0xcc, 0x00, 0x68, 0x37, 0x20, 0x34, 0x62, 0x00, 0xa3, 0x48,
  0x03, 0xde, 0x16, 0x16, 0x14, 0x01, 0x88, 0x40, 0x3e, 0x32, 0x70, 0x30,
  0x30, 0x0d, 0x58, 0x40, 0x1f, 0x20, 0x89, 0xc8, 0x03, 0xff, 0x87, 0xc0,
  0x40, 0x1f, 0xfc, 0x86, 0x20, 0x0f, 0xfe, 0x1f, 0x01, 0x68, 0x20, 0x07,
  0xff, 0x09, 0x08, 0x54, 0x38, 0x03, 0xff, 0x82, 0x84, 0xa0, 0x4a, 0xa4,
  0x00, 0xff, 0xe0, 0x48, 0x48, 0x02, 0xc6, 0x88, 0x03, 0x6f, 0x00, 0x6b,
  0x29, 0x10, 0x00, 0xe8, 0xea, 0x80, 0x7c, 0x58, 0x8c, 0xc0, 0x0c, 0x78,
  0x55, 0xae, 0x64, 0x6b, 0x5a, 0x71, 0x20, 0x1e, 0x3d, 0x83, 0x8c, 0xdc,
  0xa5, 0x56, 0xb8, 0x07, 0xf3, 0xf6, 0x4c, 0x4d, 0xfd, 0x10, 0x07, 0x00,
  0x26, 0x0d, 0xa8, 0xa0, 0x07, 0x85, 0x62, 0xa5, 0xcc, 0x03, 0xfe, 0x1a,
  0xea, 0x75, 0x68, 0xcd, 0x50, 0x0f, 0xcb, 0xca, 0xab, 0xef, 0xf6, 0x39,
  0xd5, 0x00, 0x3c, 0xb4, 0x59, 0x48, 0x20, 0x03, 0x8f, 0x55, 0x58, 0x06,
  0x2a, 0x2c, 0x30, 0x0f, 0x86, 0x9d, 0x20, 0x02, 0x90, 0xf1, 0x06, 0xff,
  0xf0, 0x02, 0x0d, 0xc8, 0x0d, 0x18, 0x80, 0x0b, 0x11, 0x20, 0x18, 0x05,
  0xe1, 0x61, 0x61, 0x40, 0x11, 0xbb, 0x85, 0x11, 0x80, 0x11, 0x93, 0x81,
  0x81, 0x80, 0x74, 0x4b, 0x58, 0x07, 0x20, 0x89, 0xc8, 0x03, 0xce, 0x0d,
  0x88, 0x01, 0xb8, 0x08, 0x03, 0xf7, 0xfb, 0x06, 0xc8, 0x03, 0xcc, 0x40,
  0x19, 0x0c, 0x00, 0x72, 0x0a, 0x01, 0x70, 0x16, 0x82, 0x00, 0x55, 0xa0,
  0x11, 0x00, 0x80, 0x48, 0x42, 0xa1, 0xc0, 0x13, 0x0d, 0xab, 0xc0, 0x38,
  0x01, 0x09, 0x40, 0x95, 0x48, 0x00, 0x87, 0x4a, 0x83, 0xc1, 0x00, 0x48,
  0x48, 0x02, 0xc6, 0x88, 0x01, 0x1f, 0xbd, 0xa6, 0x00, 0xb2, 0x91, 0x00,
  0x0e, 0x8e, 0xa8, 0x04, 0x42, 0x00, 0x2c, 0x46, 0x60, 0x06, 0x3c, 0x2a,
  0xd7, 0x32, 0x35, 0xad, 0x38, 0x90, 0x0f, 0x1e, 0xc1, 0xc6, 0x6e, 0x52,
  0xab, 0x5c, 0x03, 0xf9, 0xfb, 0x26, 0x26, 0xfe, 0x88, 0x03, 0x80, 0x26,
  0x0d, 0xa8, 0xa0, 0x07, 0x85, 0x62, 0xa5, 0xcc, 0x03, 0xfe, 0x1a, 0xea,
  0x75, 0x68, 0xcd, 0x50, 0x0f, 0xcb, 0xca, 0xab, 0xef, 0xf6, 0x39, 0xd5,
  0x00, 0x3c, 0xb4, 0x59, 0x48, 0x20, 0x03, 0x8f, 0x55, 0x58, 0x06, 0x2a,
  0x2c, 0x30, 0x08, 0x4c, 0x40, 0x69, 0xd2, 0x00, 0x29, 0x0f, 0x10, 0x0d,
  0xba, 0x00, 0xd0, 0x6e, 0x40, 0x68, 0xc4, 0x01, 0xa0, 0xec, 0x40, 0x37,
  0x85, 0x85, 0x85, 0x00, 0x63, 0x76, 0x50, 0x0e, 0x32, 0x70, 0x30, 0x30,
  0x0d, 0xc5, 0x28, 0x80, 0x0e, 0x41, 0x13, 0x90, 0x06, 0xa2, 0xe0, 0x8a,
  0x00, 0xee, 0x02, 0x00, 0xe5, 0x53, 0x98, 0x07, 0xfc, 0xc4, 0x01, 0x58,
  0x1d, 0xd8, 0xc6, 0xcc, 0x02, 0xe0, 0x2d, 0x04, 0x00, 0x22, 0x00, 0x3f,
  0xc8, 0x42, 0xa1, 0xc0, 0x0a, 0xbb, 0xc6, 0x36, 0x60, 0x04, 0x25, 0x02,
  0x55, 0x20, 0x07, 0xff, 0x02, 0x42, 0x40, 0x16, 0x34, 0x40, 0x1d, 0x9c,
  0x01, 0x59, 0x48, 0x80, 0x07, 0x47, 0x54, 0x03, 0xe2, 0xc4, 0x66, 0x00,
  0x63, 0xc2, 0xad, 0x73, 0x23, 0x5a, 0xd3, 0x89, 0x00, 0xf1, 0xec, 0x1c,
  0x66, 0xe5, 0x2a, 0xb5, 0xc0, 0x3f, 0x9f, 0xb2, 0x62, 0x6f, 0xe8, 0x80,
  0x38, 0x26, 0x0d, 0xa8, 0xa0, 0x07, 0x85, 0x62, 0xa5, 0xcc, 0x03, 0xfe,
  0x1a, 0xea, 0x75, 0x68, 0xcd, 0x50, 0x0f, 0xcb, 0xca, 0xab, 0xef, 0xf6,
  0x39, 0xd5, 0x00, 0x3c, 0xb4, 0x59, 0x48, 0x20, 0x03, 0x8f, 0x55, 0x58,
  0x06, 0x2a, 0x2c, 0x30, 0x0f, 0x86, 0x9d, 0x20, 0x02, 0x90, 0xf1, 0x00,
  0xcd, 0xf2, 0x01, 0x41, 0xb9, 0x01, 0xa3, 0x10, 0x06, 0x29, 0x29, 0x00,
  0xde, 0x16, 0x16, 0x14, 0x01, 0xde, 0x1e, 0x01, 0xc6, 0x4e, 0x06, 0x06,
  0x01, 0xa0, 0x91, 0x06, 0x01, 0xc8, 0x22, 0x72, 0x00, 0xc6, 0xe0, 0xb3,
  0x90, 0x01, 0xb8, 0x08, 0x03, 0xd2, 0x13, 0xdc, 0x37, 0x30, 0x0f, 0x31,
  0x00, 0x67, 0x16, 0x01, 0x80, 0x50, 0x0b, 0x80, 0xb4, 0x10, 0x02, 0x11,
  0x00, 0x44, 0x06, 0x01, 0x21, 0x0a, 0x87, 0x00, 0x54, 0x18, 0xd1, 0x22,
  0xa0, 0x04, 0x25, 0x02, 0x55, 0x20, 0x01, 0xa0, 0xa5, 0xcf, 0x00, 0x29,
  0x09, 0x00, 0x58, 0xd1, 0x00, 0x1f, 0xba, 0xc2, 0x00, 0x59, 0x48, 0x80,
  0x07, 0x47, 0x54, 0x02, 0x11, 0x00, 0x0b, 0x11, 0x98, 0x01, 0x8f, 0x0a,
  0xb5, 0xcc, 0x8d, 0x6b, 0x4e, 0x24, 0x03, 0xc7, 0xb0, 0x71, 0x9b, 0x94,
  0xaa, 0xd7, 0x00, 0xfe, 0x7e, 0xc9, 0x89, 0xbf, 0xa2, 0x00, 0xe0, 0x26,
  0x0d, 0xa8, 0xa0, 0x07, 0x85, 0x62, 0xa5, 0xcc, 0x03, 0xfe, 0x1a, 0xea,
  0x75, 0x68, 0xcd, 0x50, 0x0f, 0xcb, 0xca, 0xab, 0xef, 0xf6, 0x39, 0xd5,
  0x00, 0x3c, 0xb4, 0x59, 0x48, 0x20, 0x03, 0x8f, 0x55, 0x58, 0x06, 0x2a,
  0x2c, 0x30, 0x01, 0x22, 0x00, 0x03, 0x4e, 0x90, 0x01, 0x48, 0x78, 0x80,
  0x2b, 0x6e, 0xdc, 0x80, 0x08, 0x37, 0x20, 0x34, 0x62, 0x00, 0x42, 0xab,
  0x6c, 0x2c, 0x40, 0x1e, 0x16, 0x16, 0x14, 0x01, 0x28, 0x51, 0x25, 0x83,
  0x80, 0x0c, 0x9c, 0x0c, 0x0c, 0x03, 0x08, 0x04, 0x20, 0x1c, 0x82, 0x27,
  0x20, 0x0c, 0x82, 0xe0, 0x30, 0x08, 0x01, 0x70, 0x10, 0x07, 0xa0, 0xa3,
  0xf8, 0xd0, 0x80, 0x3c, 0xc4, 0x01, 0x87, 0x6e, 0x44, 0x28, 0x03, 0x70,
  0x16, 0x82, 0x00, 0x72, 0x78, 0xd0, 0x80, 0x64, 0x21, 0x50, 0xe0, 0x0e,
  0x46, 0x55, 0x00, 0x64, 0x25, 0x02, 0x55, 0x20, 0x04, 0x34, 0x36, 0x01,
  0xd2, 0x12, 0x00, 0xb1, 0xa2, 0x00, 0x0f, 0x70, 0x40, 0x35, 0x94, 0x88,
  0x00, 0x74, 0x75, 0x40, 0x3e, 0x2c, 0x46, 0x60, 0x06, 0x3c, 0x2a, 0xd7,
  0x32, 0x35, 0xad, 0x38, 0x90, 0x0f, 0x1e, 0xc1, 0xc6, 0x6e, 0x52, 0xab,
  0x5c, 0x03, 0xf9, 0xfb, 0x26, 0x26, 0xfe, 0x88, 0x03, 0x80, 0x26, 0x0d,
  0xa8, 0xa0, 0x07, 0x85, 0x62, 0xa5, 0xcc, 0x03, 0xfe, 0x1a, 0xea, 0x75,
  0x68, 0xcd, 0x50, 0x0f, 0xcb, 0xca, 0xab, 0xef, 0xf6, 0x39, 0xd5, 0x00,
  0x3c, 0xb4, 0x59, 0x48, 0x20, 0x03, 0x8f, 0x55, 0x58, 0x06, 0x2a, 0x2c,
  0x30, 0x08, 0xc8, 0x00, 0x34, 0xe9, 0x00, 0x14, 0x87, 0x88, 0x04, 0x59,
  0x00, 0x1a, 0x0d, 0xc8, 0x0d, 0x18, 0x80, 0x31, 0x80, 0x7d, 0xe1, 0x61,
  0x61, 0x40, 0x1f, 0xfc, 0x13, 0x27, 0x03, 0x03, 0x00, 0xf8, 0xc0, 0x3c,
  0x82, 0x27, 0x20, 0x0f, 0x08, 0x07, 0xee, 0x02, 0x00, 0xff, 0xe4, 0x31,
  0x00, 0x7e, 0x10, 0x0f, 0x70, 0x16, 0x82, 0x00, 0x7b, 0xa0, 0x03, 0xc8,
  0x42, 0xa1, 0xc0, 0x1c, 0x3f, 0x20, 0x1c, 0x84, 0xa0, 0x4a, 0xa4, 0x00,
  0xc6, 0x26, 0x01, 0xd2, 0x12, 0x00, 0xb1, 0xa2, 0x00, 0x8b, 0xe8, 0x03,
  0x59, 0x48, 0x80, 0x07, 0x47, 0x54, 0x03, 0xe2, 0xc4, 0x66, 0x00, 0x63,
  0xc2, 0xad, 0x73, 0x23, 0x5a, 0xd3, 0x89, 0x00, 0xf1, 0xec, 0x1c, 0x66,
  0xe5, 0x2a, 0xb5, 0xc0, 0x3f, 0x9f, 0xb2, 0x62, 0x6f, 0xe8, 0x80, 0x38,
  0x26, 0x0d, 0xa8, 0xa0, 0x07, 0x85, 0x62, 0xa5, 0xcc, 0x03, 0xfe, 0x1a,
  0xea, 0x75, 0x68, 0xcd, 0x50, 0x0f, 0xcb, 0xca, 0xab, 0xef, 0xf6, 0x39,
  0xd5, 0x00, 0x3c, 0xb4, 0x59, 0x48, 0x20, 0x03, 0x8f, 0x55, 0x58, 0x06,
  0x2a, 0x2c, 0x30, 0x00, 0xa2, 0x00, 0x03, 0x4e, 0x90, 0x01, 0x48, 0x78,
  0x80, 0x23, 0xae, 0xdc, 0x80, 0x08, 0x37, 0x20, 0x34, 0x62, 0x00, 0x23,
  0xae, 0xd8, 0x50, 0x05, 0xe1, 0x61, 0x61, 0x40, 0x16, 0x0d, 0x92, 0x28,
  0x80, 0x46, 0x4e, 0x06, 0x06, 0x01, 0x47, 0x08, 0x12, 0x90, 0x06, 0x41,
  0x13, 0x90, 0x07, 0xc9, 0x81, 0xe0, 0x1b, 0x80, 0x80, 0x3f, 0x0d, 0x97,
  0x90, 0x07, 0xcc, 0x40, 0x1e, 0x20, 0xa1, 0x00, 0xee, 0x02, 0xd0, 0x40,
  0x0e, 0x3e, 0x60, 0x0f, 0x21, 0x0a, 0x87, 0x00, 0x71, 0xf3, 0x00, 0x72,
  0x12, 0x81, 0x2a, 0x90, 0x03, 0x38, 0x70, 0x07, 0x48, 0x48, 0x02, 0xc6,
  0x88, 0x02, 0x4e, 0x80, 0x0d, 0x65, 0x22, 0x00, 0x1d, 0x1d, 0x50, 0x08,
  0x40, 0x22, 0xc4, 0x66, 0x00, 0x63, 0xc2, 0xad, 0x73, 0x23, 0x5a, 0xd3,
  0x89, 0x00, 0xf1, 0xec, 0x1c, 0x66, 0xe5, 0x2a, 0xb5, 0xc0, 0x3f, 0x9f,
  0xb2, 0x62, 0x6f, 0xe8, 0x80, 0x38, 0x26, 0x0d, 0xa8, 0xa0, 0x07, 0x85,
  0x62, 0xa5, 0xcc, 0x03, 0xfe, 0x1a, 0xea, 0x75, 0x68, 0xcd, 0x50, 0x0f,
  0xcb, 0xca, 0xab, 0xef, 0xf6, 0x39, 0xd5, 0x00, 0x3c, 0xb4, 0x59, 0x48,
  0x20, 0x03, 0x8f, 0x55, 0x58, 0x06, 0x2a, 0x2c, 0x30, 0x0f, 0x86, 0x9d,
  0x20, 0x02, 0x90, 0xf1, 0x00, 0xbd, 0x41, 0xf8, 0x01, 0x06, 0xe4, 0x06,
  0x8c, 0x40, 0x11, 0x03, 0x87, 0x28, 0x05, 0xe1, 0x61, 0x61, 0x40, 0x12,
  0xd8, 0x23, 0x23, 0xb0, 0x00, 0xc9, 0xc0, 0xc0, 0xc0, 0x2b, 0x60, 0x99,
  0x11, 0xd0, 0x04, 0x82, 0x27, 0x20, 0x0d, 0xca, 0xaf, 0xe0, 0xcc, 0x00,
  0x5c, 0x04, 0x01, 0xf3, 0xe8, 0x28, 0x18, 0x07, 0xcc, 0x40, 0x13, 0xf9,
  0x47, 0xd8, 0x7a, 0x80, 0x5c, 0x05, 0xa0, 0x80, 0x04, 0x80, 0x8a, 0x33,
  0x52, 0x00, 0x48, 0x42, 0xa1, 0xc0, 0x03, 0x20, 0x75, 0x04, 0x51, 0x00,
  0x21, 0x28, 0x12, 0xa9, 0x00, 0x1a, 0x40, 0x03, 0xe0, 0x0d, 0x21, 0x20,
  0x0b, 0x1a, 0x20, 0x8d, 0x00, 0x7b, 0x00, 0x56, 0x52, 0x20, 0x01, 0xd1,
  0xd5, 0x00, 0xf8, 0xb1, 0x19, 0x80, 0x18, 0xf0, 0xab, 0x5c, 0xc8, 0xd6,
  0xb4, 0xe2, 0x40, 0x3c, 0x7b, 0x07, 0x19, 0xb9, 0x4a, 0xad, 0x70, 0x0f,
  0xe7, 0xec, 0x98, 0x9b, 0xfa, 0x20, 0x0e, 0x26, 0x0d, 0xa8, 0xa0, 0x07,
  0x85, 0x62, 0xa5, 0xcc, 0x03, 0xfe, 0x1a, 0xea, 0x75, 0x68, 0xcd, 0x50,
  0x0f, 0xcb, 0xca, 0xab, 0xef, 0xf6, 0x39, 0xd5, 0x00, 0x3c, 0xb4, 0x59,
  0x48, 0x20, 0x03, 0x8f, 0x55, 0x58, 0x06, 0x2a, 0x2c, 0x30, 0x0f, 0x86,
  0x9d, 0x20, 0x02, 0x90, 0xf1, 0x00, 0xff, 0x41, 0xb9, 0x01, 0xa3, 0x10,
  0x07, 0xff, 0x03, 0xc2, 0xc2, 0xc2, 0x80, 0x3f, 0xf8, 0x26, 0x4e, 0x06,
  0x06, 0x01, 0xff, 0xc2, 0x41, 0x13, 0x90, 0x07, 0x47, 0xfe, 0x00, 0xee,
  0x02, 0x00, 0xfb, 0x22, 0x30, 0x07, 0xe6, 0x20, 0x0e, 0x47, 0x7c, 0x01,
  0xdc, 0x05, 0xa0, 0x80, 0x1f, 0xfc, 0x24, 0x21, 0x50, 0xe0, 0x0f, 0xfe,
  0x0a, 0x12, 0x81, 0x2a, 0x90, 0x03, 0xff, 0x81, 0x21, 0x20, 0x0b, 0x1a,
  0x20, 0x0f, 0xf5, 0x94, 0x88, 0x00, 0x74, 0x75, 0x40, 0x3e, 0x2c, 0x46,
  0x60, 0x06, 0x3c, 0x2a, 0xd7, 0x32, 0x35, 0xad, 0x38, 0x90, 0x0f, 0x1e,
  0xc1, 0xc6, 0x6e, 0x52, 0xab, 0x5c, 0x03, 0xf9, 0xfb, 0x26, 0x26, 0xfe,
  0x88, 0x03, 0x80, 0x26, 0x0d, 0xa8, 0xa0, 0x07, 0x85, 0x62, 0xa5, 0xcc,
  0x03, 0xfe, 0x1a, 0xea, 0x75, 0x68, 0xcd, 0x50, 0x0f, 0xcb, 0xca, 0xab,
  0xef, 0xf6, 0x39, 0xd5, 0x00, 0x3c, 0xb4, 0x59, 0x48, 0x20, 0x03, 0x8f,
  0x55, 0x58, 0x06, 0x2a, 0x2c, 0x30, 0x0f, 0x86, 0x9d, 0x20, 0x02, 0x90,
  0xf1, 0x00, 0xff, 0x41, 0xb9, 0x01, 0xa3, 0x10, 0x07, 0xcc, 0xe0, 0x17,
  0x85, 0x85, 0x85, 0x00, 0x70, 0xbf, 0x4f, 0x80, 0x46, 0x4e, 0x06, 0x06,
  0x01, 0x0c, 0x74, 0x2d, 0xc0, 0x06, 0x41, 0x13, 0x90, 0x04, 0x5c, 0xed,
  0xb6, 0x80, 0x1d, 0xc0, 0x40, 0x1c, 0x62, 0x04, 0xc0, 0x1f, 0xe6, 0x20,
  0x08, 0x7a, 0x5a, 0xf5, 0x80, 0x3b, 0x80, 0xb4, 0x10, 0x03, 0x36, 0xd0,
  0xcc, 0x80, 0x32, 0x10, 0xa8, 0x70, 0x07, 0x97, 0x2f, 0xc0, 0x24, 0x25,
  0x02, 0x55, 0x20, 0x07, 0xc8, 0xc0, 0x14, 0x84, 0x80, 0x2c, 0x68, 0x80,
  0x3f, 0xd6, 0x52, 0x20, 0x01, 0xd1, 0xd5, 0x00, 0xf8, 0xb1, 0x19, 0x80,
  0x18, 0xf0, 0xab, 0x5c, 0xc8, 0xd6, 0xb4, 0xe2, 0x40, 0x3c, 0x7b, 0x07,
  0x19, 0xb9, 0x4a, 0xad, 0x70, 0x0f, 0xe7, 0xec, 0x98, 0x9b, 0xfa, 0x20,
  0x0e, 0x26, 0x0d, 0xa8, 0xa0, 0x07, 0x85, 0x62, 0xa5, 0xcc, 0x03, 0xfe,
  0x1a, 0xea, 0x75, 0x68, 0xcd, 0x50, 0x0f, 0xcb, 0xca, 0xab, 0xef, 0xf6,
  0x39, 0xd5, 0x00, 0x3c, 0xb4, 0x59, 0x48, 0x20, 0x03, 0x8f, 0x55, 0x58,
  0x06, 0x2a, 0x2c, 0x30, 0x0f, 0x86, 0x9d, 0x20, 0x02, 0x90, 0xf1, 0x00,
  0xff, 0x41, 0xb9, 0x01, 0xa3, 0x10, 0x00, 0xa4, 0x80, 0x3e, 0xf0, 0xb0,
  0xb0, 0xa0, 0x0c, 0xdb, 0x46, 0x01, 0xc6, 0x4e, 0x06, 0x06, 0x01, 0x17,
  0x3a, 0x65, 0xa0, 0x06, 0x41, 0x13, 0x90, 0x07, 0x0c, 0x74, 0xb5, 0xc0,
  0x05, 0xc0, 0x40, 0x1f, 0xc5, 0xc4, 0x1c, 0x01, 0xe6, 0x20, 0x0e, 0x4b,
  0xd7, 0x6e, 0x60, 0x0b, 0x80, 0xb4, 0x10, 0x02, 0x3b, 0x57, 0xe9, 0x10,
  0x0c, 0x84, 0x2a, 0x1c, 0x01, 0x0c, 0x74, 0x08, 0x07, 0x21, 0x28, 0x12,
  0xa9, 0x00, 0x04, 0xe0, 0x1f, 0xa4, 0x24, 0x01, 0x63, 0x44, 0x01, 0xfe,
  0xb2, 0x91, 0x00, 0x0e, 0x8e, 0xa8, 0x07, 0xc5, 0x88, 0xcc, 0x00, 0xc7,
  0x85, 0x5a, 0xe6, 0x46, 0xb5, 0xa7, 0x12, 0x01, 0xe3, 0xd8, 0x38, 0xcd,
  0xca, 0x55, 0x6b, 0x80, 0x7f, 0x3f, 0x64, 0xc4, 0xdf, 0xd1, 0x00, 0x70,
  0x26, 0x0d, 0xa8, 0xa0, 0x07, 0x85, 0x62, 0xa5, 0xcc, 0x03, 0xfe, 0x1a,
  0xea, 0x75, 0x68, 0xcd, 0x50, 0x0f, 0xcb, 0xca, 0xab, 0xef, 0xf6, 0x39,
  0xd5, 0x00, 0x3c, 0xb4, 0x59, 0x48, 0x20, 0x03, 0x8f, 0x55, 0x58, 0x06,
  0x2a, 0x2c, 0x30, 0x0f, 0x86, 0x9d, 0x20, 0x02, 0x90, 0xf1, 0x00, 0xff,
  0x41, 0xb9, 0x01, 0xa3, 0x10, 0x07, 0xff, 0x03, 0xc2, 0xc2, 0xc2, 0x80,
  0x24, 0x77, 0xf0, 0x04, 0x64, 0xe0, 0x60, 0x60, 0x16, 0xc4, 0x78, 0x03,
  0x20, 0x89, 0xc8, 0x03, 0x4f, 0xff, 0x80, 0x37, 0x01, 0x00, 0x78, 0x91,
  0x3c, 0x01, 0xf3, 0x10, 0x06, 0xbb, 0xf8, 0x03, 0x70, 0x16, 0x82, 0x00,
  0x51, 0x99, 0xe0, 0x0c, 0x84, 0x2a, 0x1c, 0x01, 0x09, 0x9f, 0x80, 0x24,
  0x25, 0x02, 0x55, 0x20, 0x07, 0xff, 0x02, 0x42, 0x40, 0x16, 0x34, 0x40,
  0x1f, 0xeb, 0x29, 0x10, 0x00, 0xe8, 0xea, 0x80, 0x7c, 0x58, 0x8c, 0xc0,
  0x0c, 0x78, 0x55, 0xae, 0x64, 0x6b, 0x5a, 0x71, 0x20, 0x1e, 0x3d, 0x83,
  0x8c, 0xdc, 0xa5, 0x56, 0xb8, 0x07, 0xf3, 0xf6, 0x4c, 0x4d, 0xfd, 0x10,
  0x07, 0x00, 0x26, 0x0d, 0xa8, 0xa0, 0x07, 0x85, 0x62, 0xa5, 0xcc, 0x03,
  0xfe, 0x1a, 0xea, 0x75, 0x68, 0xcd, 0x50, 0x0f, 0xcb, 0xca, 0xab, 0xef,
  0xf6, 0x39, 0xd5, 0x00, 0x3c, 0xb4, 0x59, 0x48, 0x20, 0x03, 0x8f, 0x55,
  0x58, 0x06, 0x2a, 0x2c, 0x30, 0x08, 0x40, 0x21, 0xa7, 0x48, 0x00, 0xa4,
  0x3c, 0x40, 0x23, 0xf9, 0x00, 0xd0, 0x6e, 0x40, 0x68, 0xc4, 0x01, 0x1e,
  0x8b, 0x40, 0x06, 0xf0, 0xb0, 0xb0, 0xa0, 0x08, 0xf4, 0x80, 0xde, 0x00,
  0x23, 0x27, 0x03, 0x03, 0x00, 0x1e, 0x96, 0x85, 0xcb, 0xc0, 0x04, 0x82,
  0x27, 0x20, 0x0b, 0xcb, 0x44, 0x00, 0xd2, 0xe6, 0x00, 0xe0, 0x20, 0x0e,
  0xdd, 0x08, 0x06, 0x6c, 0x30, 0x0e, 0x62, 0x00, 0x84, 0x40, 0x1e, 0x30,
  0x0b, 0x80, 0xb4, 0x10, 0x03, 0xff, 0x84, 0x84, 0x2a, 0x1c, 0x01, 0xff,
  0xc1, 0x42, 0x50, 0x25, 0x52, 0x00, 0x7f, 0xf0, 0x24, 0x24, 0x01, 0x63,
  0x44, 0x01, 0xbd, 0xc0, 0x35, 0x94, 0x88, 0x00, 0x74, 0x75, 0x40, 0x3e,
  0x2c, 0x46, 0x60, 0x06, 0x3c, 0x2a, 0xd7, 0x32, 0x35, 0xad, 0x38, 0x90,
  0x0f, 0x1e, 0xc1, 0xc6, 0x6e, 0x52, 0xab, 0x5c, 0x03, 0xf9, 0xfb, 0x26,
  0x26, 0xfe, 0x88, 0x03, 0x80, 0x26, 0x0d, 0xa8, 0xa0, 0x07, 0x85, 0x62,
  0xa5, 0xcc, 0x03, 0xfe, 0x1a, 0xea, 0x75, 0x68, 0xcd, 0x50, 0x0f, 0xcb,
  0xca, 0xab, 0xef, 0xf6, 0x39, 0xd5, 0x00, 0x3c, 0xb4, 0x59, 0x48, 0x20,
  0x03, 0x8f, 0x55, 0x58, 0x06, 0x2a, 0x2c, 0x30, 0x08, 0x84, 0x00, 0x34,
  0xe9, 0x00, 0x14, 0x87, 0x88, 0x06, 0xd6, 0x00, 0xd0, 0x6e, 0x40, 0x68,
  0xc4, 0x01, 0xff, 0xc0, 0xf0, 0xb0, 0xb0, 0xa0, 0x0f, 0xfe, 0x09, 0x93,
  0x81, 0x81, 0x80, 0x7f, 0xf0, 0x90, 0x44, 0xe4, 0x01, 0x19, 0x00, 0x79,
  0x40, 0x2e, 0x02, 0x00, 0xef, 0xc2, 0x00, 0xd3, 0x46, 0x01, 0xcc, 0x40,
  0x16, 0x9e, 0x10, 0x02, 0x1a, 0x4c, 0x01, 0xc0, 0x5a, 0x08, 0x00, 0x1c,
  0x3f, 0x0a, 0x79, 0x60, 0x09, 0x08, 0x54, 0x38, 0x02, 0x1c, 0x00, 0x14,
  0xb0, 0x04, 0x84, 0xa0, 0x4a, 0xa4, 0x00, 0x87, 0x0a, 0x58, 0x03, 0x48,
  0x48, 0x02, 0xc6, 0x88, 0x02, 0x1d, 0x60, 0x0d, 0x65, 0x22, 0x00, 0x1d,
  0x1d, 0x50, 0x0f, 0x8b, 0x11, 0x98, 0x01, 0x8f, 0x0a, 0xb5, 0xcc, 0x8d,
  0x6b, 0x4e, 0x24, 0x03, 0xc7, 0xb0, 0x71, 0x9b, 0x94, 0xaa, 0xd7, 0x00,
  0xfe, 0x7e, 0xc9, 0x89, 0xbf, 0xa2, 0x00, 0xe0, 0x26, 0x0d, 0xa8, 0xa0,
  0x07, 0x85, 0x62, 0xa5, 0xcc, 0x03, 0xfe, 0x1a, 0xea, 0x75, 0x68, 0xcd,
  0x50, 0x0f, 0xcb, 0xca, 0xab, 0xef, 0xf6, 0x39, 0xd5, 0x00, 0x3c, 0xb4,
  0x59, 0x48, 0x20, 0x03, 0x8f, 0x55, 0x58, 0x06, 0x2a, 0x2c, 0x30, 0x0f,
  0x86, 0x9d, 0x20, 0x02, 0x90, 0xf1, 0x00, 0x8a, 0xc4, 0x03, 0x41, 0xb9,
  0x01, 0xa3, 0x10, 0x04, 0x58, 0xc0, 0x1e, 0xf0, 0xb0, 0xb0, 0xa0, 0x08,
  0xb0, 0xb0, 0x40, 0x38, 0xc9, 0xc0, 0xc0, 0xc0, 0x07, 0x85, 0xa2, 0x01,
  0xf2, 0x08, 0x9c, 0x80, 0x05, 0xa2, 0x7d, 0xff, 0xda, 0x00, 0xe0, 0x20,
  0x0c, 0x48, 0x09, 0x11, 0xeb, 0x00, 0xe6, 0x20, 0x0a, 0x95, 0x09, 0xdf,
  0x98, 0x01, 0xc0, 0x5a, 0x08, 0x01, 0x52, 0xd2, 0x80, 0x7c, 0x84, 0x2a,
  0x1c, 0x01, 0xa9, 0x68, 0x80, 0x39, 0x09, 0x40, 0x95, 0x48, 0x01, 0xaa,
  0x84, 0x01, 0xd2, 0x12, 0x00, 0xb1, 0xa2, 0x00, 0xca, 0x01, 0xd6, 0x52,
  0x20, 0x01, 0xd1, 0xd5, 0x00, 0xf8, 0xb1, 0x19, 0x80, 0x18, 0xf0, 0xab,
  0x5c, 0xc8, 0xd6, 0xb4, 0xe2, 0x40, 0x3c, 0x7b, 0x07, 0x19, 0xb9, 0x4a,
  0xad, 0x70, 0x0f, 0xe7, 0xec, 0x98, 0x9b, 0xfa, 0x20, 0x0e, 0x26, 0x0d,
  0xa8, 0xa0, 0x07, 0x85, 0x62, 0xa5, 0xcc, 0x03, 0xfe, 0x1a, 0xea, 0x75,
  0x68, 0xcd, 0x50, 0x0f, 0xcb, 0xca, 0xab, 0xef, 0xf6, 0x39, 0xd5, 0x00,
  0x3c, 0xb4, 0x59, 0x48, 0x20, 0x03, 0x8f, 0x55, 0x58, 0x06, 0x2a, 0x2c,
  0x30, 0x0f, 0x86, 0x9d, 0x20, 0x02, 0x90, 0xf1, 0x00, 0xce, 0xe0, 0x0d,
  0x06, 0xe4, 0x06, 0x8c, 0x40, 0x1d, 0xf0, 0xe0, 0x1b, 0xc2, 0xc2, 0xc2,
  0x80, 0x3d, 0x0f, 0x0e, 0x01, 0x19, 0x38, 0x18, 0x18, 0x07, 0xd1, 0x18,
  0x02, 0x41, 0x13, 0x90, 0x01, 0xff, 0xfd, 0x00, 0xee, 0x00, 0x70, 0x10,
  0x06, 0x48, 0x8f, 0x38, 0x0a, 0x80, 0x73, 0x10, 0x00, 0xdd, 0xf9, 0x94,
  0x70, 0x80, 0x1c, 0x05, 0xa0, 0x80, 0x1e, 0x1c, 0x3c, 0x20, 0x09, 0x08,
  0x54, 0x38, 0x03, 0xda, 0x78, 0x40, 0x12, 0x12, 0x81, 0x2a, 0x90, 0x03,
  0xbf, 0x08, 0x03, 0x48, 0x48, 0x02, 0xc6, 0x88, 0x03, 0x19, 0x00, 0x6b,
  0x29, 0x10, 0x00, 0xe8, 0xea, 0x80, 0x7c, 0x58, 0x8c, 0xc0, 0x0c, 0x78,
  0x55, 0xae, 0x64, 0x6b, 0x5a, 0x71, 0x20, 0x1e, 0x3d, 0x83, 0x8c, 0xdc,
  0xa5, 0x56, 0xb8, 0x07, 0xf3, 0xf6, 0x4c, 0x4d, 0xfd, 0x10, 0x07, 0x00,
  0x26, 0x0d, 0xa8, 0xa0, 0x07, 0x85, 0x62, 0xa5, 0xcc, 0x03, 0xfe, 0x1a,
  0xea, 0x75, 0x68, 0xcd, 0x50, 0x0f, 0xcb, 0xca, 0xab, 0xef, 0xf6, 0x39,
  0xd5, 0x00, 0x3c, 0xb4, 0x59, 0x48, 0x20, 0x03, 0x8f, 0x55, 0x58, 0x06,
  0x2a, 0x2c, 0x30, 0x0f, 0x86, 0x9d, 0x20, 0x02, 0x90, 0xf1, 0x00, 0xff,
  0x41, 0xb9, 0x01, 0xa3, 0x10, 0x07, 0xf4, 0x10, 0x78, 0x58, 0x58, 0x50,
  0x07, 0xf5, 0x3d, 0x01, 0x93, 0x81, 0x81, 0x80, 0x7e, 0xa5, 0x54, 0x00,
  0x10, 0x44, 0xe4, 0x01, 0x3c, 0x80, 0x54, 0xaa, 0xa0, 0x0b, 0x80, 0x80,
  0x3b, 0x1a, 0x42, 0x95, 0x54, 0x01, 0xf3, 0x10, 0x05, 0x68, 0xda, 0xaa,
  0xa0, 0x0e, 0xe0, 0x2d, 0x04, 0x00, 0xad, 0x09, 0x68, 0x03, 0xc8, 0x42,
  0xa1, 0xc0, 0x1a, 0xe6, 0x80, 0x3c, 0x84, 0xa0, 0x4a, 0xa4, 0x00, 0xcc,
  0x01, 0xf4, 0x84, 0x80, 0x2c, 0x68, 0x80, 0x3f, 0xd6, 0x52, 0x20, 0x01,
  0xd1, 0xd5, 0x00, 0xf8, 0xb1, 0x19, 0x80, 0x18, 0xf0, 0xab, 0x5c, 0xc8,
  0xd6, 0xb4, 0xe2, 0x40, 0x3c, 0x7b, 0x07, 0x19, 0xb9, 0x4a, 0xad, 0x70,
  0x0f, 0xe7, 0xec, 0x98, 0x9b, 0xfa, 0x20, 0x0e, 0x26, 0x0d, 0xa8, 0xa0,
  0x07, 0x85, 0x62, 0xa5, 0xcc, 0x03, 0xfe, 0x1a, 0xea, 0x75, 0x68, 0xcd,
  0x50, 0x0f, 0xcb, 0xca, 0xab, 0xef, 0xf6, 0x39, 0xd5, 0x00, 0x3c, 0xb4,
  0x59, 0x48, 0x20, 0x03, 0x8f, 0x55, 0x58, 0x06, 0x2a, 0x2c, 0x30, 0x0f,
  0x86, 0x9d, 0x20, 0x02, 0x90, 0xf1, 0x00, 0xff, 0x41, 0xb9, 0x01, 0xa3,
  0x10, 0x00, 0xd8, 0x02, 0x27, 0x00, 0xbc, 0x2c, 0x2c, 0x28, 0x02, 0xf9,
  0x60, 0x2c, 0x82, 0x00, 0x19, 0x38, 0x18, 0x18, 0x05, 0xa5, 0x31, 0x83,
  0x64, 0x01, 0x20, 0x89, 0xc8, 0x03, 0x0e, 0x13, 0x8d, 0xa0, 0x06, 0xe0,
  0x20, 0x0f, 0x8c, 0xc0, 0x02, 0x00, 0xfc, 0xc4, 0x01, 0x8b, 0x06, 0x8e,
  0x58, 0x03, 0x70, 0x16, 0x82, 0x00, 0x5c, 0x36, 0xba, 0x52, 0x40, 0x12,
  0x10, 0xa8, 0x70, 0x05, 0xd6, 0x80, 0x39, 0x44, 0x00, 0x42, 0x50, 0x25,
  0x52, 0x00, 0x09, 0x00, 0x21, 0x50, 0x0a, 0x42, 0x40, 0x16, 0x34, 0x40,
  0x1f, 0xeb, 0x29, 0x10, 0x00, 0xe8, 0xea, 0x80, 0x7c, 0x58, 0x8c, 0xc0,
  0x0c, 0x78, 0x55, 0xae, 0x64, 0x6b, 0x5a, 0x71, 0x20, 0x1e, 0x3d, 0x83,
  0x8c, 0xdc, 0xa5, 0x56, 0xb8, 0x07, 0xf3, 0xf6, 0x4c, 0x4d, 0xfd, 0x10,
  0x07, 0x00, 0x26, 0x0d, 0xa8, 0xa0, 0x12, 0x2a, 0xff, 0xf0, 0x90, 0x00,
  0x5b, 0x75, 0x5f, 0xfc, 0x2b, 0xd0, 0x41, 0xff, 0xff, 0xe1, 0xd9, 0x00,
  0x7f, 0xf2, 0x04, 0x03, 0xf0, 0xa2, 0x00, 0x3f, 0xf8, 0x8f, 0xd7, 0x6e,
  0x30, 0x0f, 0xfe, 0x0a, 0xc1, 0xe5, 0x06, 0x88, 0x07, 0xff, 0x02, 0x43,
  0x4d, 0x60, 0x5c, 0x03, 0xff, 0x80, 0x68, 0x20, 0x06, 0x0c, 0x00, 0xff,
  0x84, 0x08, 0x03, 0x98, 0x03, 0xff, 0x82, 0x60, 0x1f, 0xfc, 0x51, 0x06,
  0x00, 0x84, 0x18, 0x03, 0xff, 0x80, 0x86, 0x40, 0x06, 0x0f, 0x00, 0xff,
  0xe0, 0x40, 0x63, 0xc4, 0x09, 0x40, 0x3f, 0xf8, 0x07, 0x67, 0x0e, 0x98,
  0x01, 0xff, 0xc2, 0x4d, 0xef, 0xb1, 0x00, 0xff, 0xe2, 0x08, 0x07, 0xf8,
  0xc4, 0x8b, 0xff, 0x88, 0x02, 0x83, 0xbb, 0xff, 0xc3, 0x94, 0x01, 0xed,
  0xdf, 0xfe, 0x1f, 0x58, 0x00, 0x26, 0x0d, 0xa8, 0xa0, 0x12, 0x2a, 0xff,
  0xf0, 0x90, 0x00, 0x5b, 0x75, 0x5f, 0xfc, 0x2b, 0xd0, 0x41, 0xff, 0xff,
  0xe1, 0xd9, 0x00, 0x7f, 0xf2, 0x04, 0x03, 0xf8, 0x8c, 0x03, 0xff, 0x8b,
  0x3b, 0x82, 0x01, 0xff, 0xc3, 0xe6, 0x20, 0x0f, 0xfe, 0x20, 0xaf, 0x38,
  0x07, 0xff, 0x10, 0x6c, 0x40, 0x3f, 0xff, 0xe0, 0x1f, 0xff, 0x5a, 0xf1,
  0x00, 0xff, 0xe8, 0x18, 0x91, 0x7f, 0xf1, 0x00, 0x50, 0x77, 0x7f, 0xf8,
  0x72, 0x80, 0x3d, 0xbb, 0xff, 0xc3, 0xeb, 0x00, 0x26, 0x0d, 0xa8, 0xa0,
  0x12, 0x2a, 0xff, 0xf0, 0x90, 0x00, 0x5b, 0x75, 0x5f, 0xfc, 0x2b, 0xd0,
  0x41, 0xff, 0xff, 0xe1, 0xd9, 0x00, 0x7f, 0xf2, 0x04, 0x03, 0xf0, 0xa2,
  0x04, 0x03, 0xff, 0x86, 0xfd, 0x76, 0xe6, 0x00, 0xff, 0xe0, 0xa4, 0x26,
  0x59, 0x49, 0x00, 0x7f, 0xf0, 0x34, 0x24, 0xd2, 0x41, 0x00, 0x3f, 0xf8,
  0x17, 0x62, 0x00, 0x08, 0x18, 0x07, 0xff, 0x00, 0x90, 0x00, 0x36, 0x2a,
  0x01, 0xff, 0xc3, 0x2f, 0x0c, 0x00, 0xff, 0xe1, 0xa6, 0x86, 0x10, 0x07,
  0xff, 0x09, 0xac, 0xbc, 0x80, 0x3f, 0xf8, 0x4f, 0x20, 0xac, 0xee, 0x30,
  0x0f, 0xfe, 0x06, 0x80, 0x1e, 0x22, 0xb0, 0x0f, 0xfe, 0x05, 0x7f, 0xfa,
  0x00, 0x3f, 0xf9, 0xc6, 0x24, 0x5f, 0xfc, 0x40, 0x14, 0x1d, 0xdf, 0xfe,
  0x1c, 0xa0, 0x0f, 0x6e, 0xff, 0xf0, 0xfa, 0xc0, 0x26, 0x0d, 0xa8, 0xa0,
  0x12, 0x2a, 0xff, 0xf0, 0x90, 0x00, 0x5b, 0x75, 0x5f, 0xfc, 0x2b, 0xd0,
  0x41, 0xff, 0xff, 0xe1, 0xd9, 0x00, 0x7f, 0xf2, 0x04, 0x03, 0xf1, 0x22,
  0x00, 0x3f, 0xf8, 0x95, 0xb7, 0x6e, 0x40, 0x0f, 0xfe, 0x0b, 0xab, 0x6d,
  0x85, 0x80, 0x7f, 0xf0, 0x78, 0xa4, 0x91, 0x80, 0xc0, 0x3f, 0xf8, 0x13,
  0xa0, 0x01, 0x41, 0x30, 0x0f, 0xfe, 0x11, 0xf7, 0x07, 0x00, 0x3f, 0xf8,
  0x65, 0x2a, 0x5c, 0x01, 0xff, 0xc1, 0x44, 0x0b, 0xd4, 0x9b, 0x00, 0x7f,
  0xf0, 0x26, 0x80, 0x23, 0x01, 0x00, 0xff, 0xe0, 0x50, 0xda, 0xb5, 0x82,
  0x80, 0x7f, 0xf0, 0x1d, 0xc9, 0x52, 0x76, 0x40, 0x1f, 0xfc, 0x18, 0xfd,
  0xed, 0x40, 0x0f, 0xfe, 0x21, 0x08, 0x07, 0xf1, 0x89, 0x17, 0xff, 0x10,
  0x05, 0x07, 0x77, 0xff, 0x87, 0x28, 0x03, 0xdb, 0xbf, 0xfc, 0x3e, 0xb0,
  0x26, 0x0d, 0xa8, 0xa0, 0x12, 0x2a, 0xff, 0xf0, 0x90, 0x00, 0x5b, 0x75,
  0x5f, 0xfc, 0x2b, 0xd0, 0x41, 0xff, 0xff, 0xe1, 0xd9, 0x00, 0x7f, 0xf2,
  0x04, 0x03, 0xfc, 0xac, 0x60, 0x1f, 0xfc, 0x45, 0xa9, 0xb0, 0x0f, 0xfe,
  0x18, 0xd9, 0x00, 0x7f, 0xf1, 0x74, 0x24, 0x03, 0xff, 0x88, 0xe7, 0x4e,
  0x01, 0xff, 0xc3, 0x38, 0x64, 0x00, 0xff, 0xe2, 0x71, 0x48, 0x07, 0xff,
  0x11, 0x08, 0x9f, 0xec, 0x07, 0xe0, 0x0f, 0xf9, 0x9d, 0xf3, 0x01, 0xc8,
  0x07, 0xfc, 0x51, 0x1a, 0x81, 0x1c, 0x03, 0xff, 0x88, 0x22, 0xf0, 0x0f,
  0xfe, 0x29, 0x73, 0x80, 0x7f, 0xf3, 0xcc, 0x48, 0xbf, 0xf8, 0x80, 0x28,
  0x3b, 0xbf, 0xfc, 0x39, 0x40, 0x1e, 0xdd, 0xff, 0xe1, 0xf5, 0x80, 0x26,
  0x0d, 0xa8, 0xa0, 0x12, 0x2a, 0xff, 0xf0, 0x90, 0x00, 0x5b, 0x75, 0x5f,
  0xfc, 0x2b, 0xd0, 0x41, 0xff, 0xff, 0xe1, 0xd9, 0x00, 0x7f, 0xf2, 0x04,
  0x03, 0xff, 0x9c, 0xdf, 0xfe, 0x00, 0xff, 0xe0, 0x88, 0x34, 0x45, 0x20,
  0x1f, 0xfc, 0x1f, 0x0b, 0x77, 0x98, 0x03, 0xff, 0x86, 0xf7, 0xb2, 0x20,
  0x1f, 0xfc, 0x11, 0x0a, 0x16, 0x66, 0x00, 0x7f, 0xf0, 0x8b, 0x2a, 0xdc,
  0x94, 0x03, 0xff, 0x81, 0x3a, 0x60, 0x0b, 0x0d, 0x00, 0xff, 0xe0, 0x77,
  0x88, 0x01, 0x43, 0x80, 0x3f, 0xf8, 0x12, 0x18, 0xcf, 0x22, 0xe0, 0x1f,
  0xfc, 0x07, 0x83, 0x98, 0x3c, 0x10, 0x0f, 0xfe, 0x0b, 0xf7, 0x58, 0x40,
  0x1f, 0xfc, 0x41, 0x10, 0x07, 0xf1, 0x89, 0x17, 0xff, 0x10, 0x05, 0x07,
  0x77, 0xff, 0x87, 0x28, 0x03, 0xdb, 0xbf, 0xfc, 0x3e, 0xb0, 0x26, 0x0d,
  0xa8, 0xa0, 0x12, 0x2a, 0xff, 0xf0, 0x90, 0x00, 0x5b, 0x75, 0x5f, 0xfc,
  0x2b, 0xd0, 0x41, 0xff, 0xff, 0xe1, 0xd9, 0x00, 0x7f, 0xf2, 0x04, 0x03,
  0xf0, 0xa2, 0x04, 0x03, 0xff, 0x86, 0xbd, 0x76, 0xe6, 0x00, 0xff, 0xe0,
  0x95, 0x1e, 0x69, 0xc9, 0x00, 0x7f, 0xf0, 0x28, 0x38, 0xcb, 0x9c, 0x40,
  0x3f, 0xf8, 0x08, 0x46, 0xf0, 0xd0, 0x60, 0x1f, 0xfc, 0x02, 0x3f, 0x87,
  0xba, 0x00, 0xff, 0xe1, 0x0b, 0xff, 0x91, 0x50, 0x03, 0xff, 0x80, 0x61,
  0x00, 0x08, 0x0c, 0x00, 0xff, 0xe0, 0x20, 0x10, 0x01, 0x83, 0xc0, 0x3f,
  0xf8, 0x16, 0x1a, 0xcf, 0x40, 0xc0, 0x1f, 0xfc, 0x02, 0xb0, 0x98, 0x2c,
  0x10, 0x0f, 0xfe, 0x0a, 0x76, 0xf6, 0x98, 0x07, 0xff, 0x10, 0x84, 0x03,
  0xf8, 0xc4, 0x8b, 0xff, 0x88, 0x02, 0x83, 0xbb, 0xff, 0xc3, 0x94, 0x01,
  0xed, 0xdf, 0xfe, 0x1f, 0x58, 0x00, 0x26, 0x0d, 0xa8, 0xa0, 0x12, 0x2a,
  0xff, 0xf0, 0x90, 0x00, 0x5b, 0x75, 0x5f, 0xfc, 0x2b, 0xd0, 0x41, 0xff,
  0xff, 0xe1, 0xd9, 0x00, 0x7f, 0xf2, 0x04, 0x03, 0xff, 0x9d, 0xbf, 0xfe,
  0x10, 0x0f, 0xfe, 0x05, 0xc4, 0x61, 0x01, 0x00, 0xff, 0xe0, 0x33, 0xbc,
  0x62, 0xc0, 0x1f, 0xfc, 0x58, 0x08, 0x00, 0xff, 0xe2, 0x21, 0xb0, 0x80,
  0x7f, 0xf1, 0x20, 0x20, 0x03, 0xff, 0x88, 0x86, 0xc2, 0x01, 0xff, 0xc4,
  0x80, 0x80, 0x0f, 0xfe, 0x22, 0x1b, 0x88, 0x07, 0xff, 0x12, 0x02, 0x40,
  0x3f, 0xf8, 0xbd, 0xc1, 0x00, 0xff, 0xe2, 0x90, 0x80, 0x7f, 0xc6, 0x24,
  0x5f, 0xfc, 0x40, 0x14, 0x1d, 0xdf, 0xfe, 0x1c, 0xa0, 0x0f, 0x6e, 0xff,
  0xf0, 0xfa, 0xc0, 0x26, 0x0d, 0xa8, 0xa0, 0x12, 0x2a, 0xff, 0xf0, 0x90,
  0x00, 0x5b, 0x75, 0x5f, 0xfc, 0x2b, 0xd0, 0x41, 0xff, 0xff, 0xe1, 0xd9,
  0x00, 0x7f, 0xf2, 0x04, 0x03, 0xf0, 0xa2, 0x00, 0x3f, 0xf8, 0x93, 0xd7,
  0x6f, 0x50, 0x0f, 0xfe, 0x0a, 0xb2, 0xf6, 0x0d, 0x00, 0x7f, 0xf0, 0x74,
  0x24, 0x4d, 0xc0, 0x80, 0x3f, 0xf8, 0x16, 0x14, 0x02, 0x82, 0x40, 0x1f,
  0xfc, 0x03, 0xa7, 0xfe, 0x1c, 0x00, 0xff, 0xe0, 0x9d, 0x83, 0xb1, 0xc8,
  0x07, 0xff, 0x06, 0x07, 0xe2, 0x64, 0x8c, 0x01, 0xff, 0xc0, 0x60, 0x10,
  0x01, 0x87, 0x00, 0x7f, 0xf0, 0x14, 0x29, 0x16, 0x02, 0xc0, 0x3f, 0xf8,
  0x10, 0xcb, 0x74, 0x74, 0x60, 0x1f, 0xfc, 0x19, 0xfd, 0xee, 0x28, 0x07,
  0xff, 0x10, 0x84, 0x03, 0xf8, 0xc4, 0x8b, 0xff, 0x88, 0x02, 0x83, 0xbb,
  0xff, 0xc3, 0x94, 0x01, 0xed, 0xdf, 0xfe, 0x1f, 0x58, 0x00, 0x26, 0x0d,
  0xa8, 0xa0, 0x12, 0x2a, 0xff, 0xf0, 0x90, 0x00, 0x5b, 0x75, 0x5f, 0xfc,
  0x2b, 0xd0, 0x41, 0xff, 0xff, 0xe1, 0xd9, 0x00, 0x7f, 0xf2, 0x04, 0x03,
  0xf1, 0x22, 0x00, 0x3f, 0xf8, 0x95, 0xb7, 0x6e, 0x30, 0x0f, 0xfe, 0x0c,
  0x2a, 0xb6, 0x87, 0x80, 0x3f, 0xf8, 0x2a, 0x14, 0x4b, 0x04, 0x80, 0x1f,
  0xfc, 0x11, 0x00, 0x84, 0x0c, 0x03, 0xff, 0x80, 0x82, 0xe0, 0x50, 0x1e,
  0x01, 0xff, 0xc0, 0x82, 0x8f, 0xd2, 0x00, 0xff, 0xe1, 0x0e, 0xd4, 0x5c,
  0x07, 0x00, 0x7f, 0xf0, 0x22, 0x95, 0xd3, 0x41, 0x00, 0x3f, 0xf8, 0x1e,
  0xb4, 0xb0, 0xca, 0x40, 0x1f, 0xfc, 0x07, 0x72, 0xd3, 0xad, 0x00, 0x7f,
  0xf0, 0xa3, 0xf7, 0xe8, 0x03, 0xff, 0x8a, 0x40, 0x1f, 0xe3, 0x12, 0x2f,
  0xfe, 0x20, 0x0a, 0x0e, 0xef, 0xff, 0x0e, 0x50, 0x07, 0xb7, 0x7f, 0xf8,
  0x7d, 0x60, 0x26, 0x0d, 0xa8, 0xa0, 0x12, 0x2a, 0xff, 0xf0, 0x90, 0x00,
  0x5b, 0x75, 0x5f, 0xfc, 0x2b, 0xd0, 0x41, 0xff, 0xff, 0xe1, 0xd9, 0x00,
  0x7f, 0xf2, 0x04, 0x03, 0xf0, 0xa2, 0x00, 0x3f, 0xf8, 0x8f, 0xd7, 0x6e,
  0x30, 0x0f, 0xfe, 0x0a, 0xc2, 0x64, 0x8e, 0x88, 0x07, 0xff, 0x02, 0x42,
  0x8f, 0x88, 0x5c, 0x03, 0xff, 0x80, 0x68, 0x22, 0x7f, 0x0c, 0x00, 0xff,
  0x84, 0x08, 0x25, 0x88, 0x18, 0x03, 0xff, 0x82, 0x62, 0xf6, 0x01, 0xff,
  0xc2, 0x10, 0x69, 0x62, 0x10, 0x60, 0x0f, 0xfe, 0x02, 0x1b, 0xd8, 0x48,
  0x78, 0x07, 0xff, 0x02, 0x00, 0x52, 0x1c, 0x94, 0x03, 0xff, 0x80, 0x76,
  0x72, 0xe9, 0x80, 0x1f, 0xfc, 0x24, 0xde, 0xfb, 0x10, 0x0f, 0xfe, 0x20,
  0x80, 0x7f, 0x8c, 0x48, 0xbf, 0xf8, 0x80, 0x28, 0x3b, 0xbf, 0xfc, 0x39,
  0x40, 0x1e, 0xdd, 0xff, 0xe1, 0xf5, 0x80, 0x26, 0x0d, 0xa8, 0xa0, 0x12,
  0x2a, 0xff, 0xf0, 0x90, 0x00, 0x5b, 0x75, 0x5f, 0xfc, 0x2b, 0xd0, 0x41,
  0xff, 0xff, 0xe1, 0xd9, 0x00, 0x7f, 0xf2, 0x04, 0x03, 0xf8, 0x48, 0x03,
  0xff, 0x8d, 0x5a, 0x20, 0x1f, 0xfc, 0x36, 0xc4, 0x00, 0xff, 0xe2, 0xf0,
  0x08, 0x07, 0xff, 0x16, 0x31, 0x00, 0x3f, 0xff, 0xe0, 0x1f, 0xff, 0x4a,
  0xf1, 0x00, 0xff, 0xe8, 0x18, 0x91, 0x7f, 0xf1, 0x00, 0x50, 0x77, 0x7f,
  0xf8, 0x72, 0x80, 0x3d, 0xbb, 0xff, 0xc3, 0xeb, 0x00, 0x26, 0x0d, 0xa8,
  0xa0, 0x12, 0x2a, 0xff, 0xf0, 0x90, 0x00, 0x5b, 0x75, 0x5f, 0xfc, 0x2b,
  0xd0, 0x41, 0xff, 0xff, 0xe1, 0xd9, 0x00, 0x7f, 0xf2, 0x04, 0x03, 0xff,
  0x9c, 0xbf, 0xfe, 0x00, 0xff, 0xe0, 0xbc, 0x44, 0x80, 0x40, 0x1f, 0xfc,
  0x12, 0x77, 0x12, 0x23, 0x40, 0x3f, 0xf8, 0x6d, 0x4b, 0x60, 0x1f, 0xfc,
  0x4a, 0x05, 0xd5, 0x00, 0xff, 0xe1, 0xe7, 0xe0, 0xd1, 0x00, 0x7f, 0xf0,
  0x11, 0x00, 0x03, 0x80, 0x50, 0x0f, 0xfe, 0x04, 0x58, 0x04, 0x40, 0x1f,
  0xfc, 0x2a, 0x0c, 0x57, 0x80, 0x60, 0x0f, 0xfe, 0x03, 0x41, 0x54, 0x1e,
  0x08, 0x07, 0xff, 0x05, 0xfb, 0x7b, 0x4c, 0x03, 0xff, 0x88, 0x42, 0x01,
  0xfc, 0x62, 0x45, 0xff, 0xc4, 0x01, 0x41, 0xdd, 0xff, 0xe1, 0xca, 0x00,
  0xf6, 0xef, 0xff, 0x0f, 0xac, 0x00, 0x26, 0x0d, 0xa8, 0xa0, 0x12, 0x2a,
  0xff, 0xf0, 0x90, 0x00, 0x5b, 0x75, 0x5f, 0xfc, 0x2b, 0xd0, 0x41, 0xff,
  0xff, 0xe1, 0xd9, 0x00, 0x7f, 0xf2, 0x04, 0x03, 0xfc, 0x44, 0x00, 0xff,
  0xe2, 0x9e, 0xc0, 0x07, 0xff, 0x17, 0x86, 0x80, 0x3f, 0xf8, 0x92, 0x5a,
  0x01, 0xff, 0xc4, 0x56, 0x72, 0x52, 0x00, 0xff, 0xe0, 0x8d, 0x9c, 0x15,
  0x50, 0x03, 0xff, 0x83, 0x43, 0xc0, 0x1f, 0xfc, 0x44, 0x40, 0xcd, 0xf8,
  0x2d, 0x00, 0x7f, 0xce, 0x8a, 0x01, 0xff, 0xc5, 0x3b, 0xbd, 0xe0, 0xb4,
  0x01, 0xff, 0xd8, 0x3f, 0x80, 0x0f, 0xfe, 0x79, 0x89, 0x17, 0xff, 0x10,
  0x05, 0x07, 0x77, 0xff, 0x87, 0x28, 0x03, 0xdb, 0xbf, 0xfc, 0x3e, 0xb0,
  0x26, 0x0d, 0xa8, 0xa0, 0x12, 0x2a, 0xff, 0xf0, 0x90, 0x00, 0x5b, 0x75,
  0x5f, 0xfc, 0x2b, 0xd0, 0x41, 0xff, 0xff, 0xe1, 0xd9, 0x00, 0x7f, 0xf2,
  0x04, 0x03, 0xff, 0xa2, 0xbf, 0x20, 0x1f, 0xfc, 0x41, 0xa2, 0x90, 0x0f,
  0xfe, 0x26, 0x87, 0x80, 0x7f, 0xf1, 0x1c, 0xd1, 0x06, 0x01, 0xff, 0xc2,
  0x28, 0x04, 0x9c, 0x80, 0x0f, 0xfe, 0x0d, 0x84, 0x7f, 0x8d, 0xcc, 0x03,
  0xff, 0x80, 0xa0, 0xe0, 0x08, 0x05, 0x00, 0xff, 0xe0, 0x30, 0x10, 0x00,
  0x80, 0xc0, 0x3f, 0xf8, 0x1c, 0x1e, 0xcf, 0x22, 0x80, 0x1f, 0xfc, 0x04,
  0x93, 0x98, 0x3d, 0x10, 0x0f, 0xfe, 0x0b, 0x77, 0x58, 0x60, 0x1f, 0xfc,
  0x41, 0x10, 0x07, 0xf1, 0x89, 0x17, 0xff, 0x10, 0x05, 0x07, 0x77, 0xff,
  0x87, 0x28, 0x03, 0xdb, 0xbf, 0xfc, 0x3e, 0xb0, 0x26, 0x0d, 0xa8, 0xa0,
  0x12, 0x2a, 0xff, 0xf0, 0x90, 0x00, 0x5b, 0x75, 0x5f, 0xfc, 0x2b, 0xd0,
  0x41, 0xff, 0xff, 0xe1, 0xd9, 0x00, 0x7f, 0xf2, 0x04, 0x03, 0xf0, 0xa2,
  0x00, 0x3f, 0xf8, 0x93, 0xd7, 0x6e, 0x40, 0x0f, 0xfe, 0x0b, 0x31, 0x32,
  0xc2, 0xc4, 0x03, 0xff, 0x81, 0xa1, 0x46, 0x90, 0x0e, 0x01, 0xff, 0xc0,
  0x70, 0x10, 0x01, 0x80, 0x7f, 0xf0, 0x90, 0x20, 0x06, 0x41, 0x00, 0x3f,
  0xf8, 0x10, 0x6f, 0xfc, 0x68, 0x40, 0x1f, 0xfc, 0x1c, 0xb9, 0x10, 0x90,
  0x0f, 0xfe, 0x1a, 0x70, 0xc9, 0x00, 0x7f, 0xf0, 0xcd, 0xd1, 0x80, 0x3f,
  0xf8, 0x9a, 0x34, 0x01, 0xff, 0xc5, 0xee, 0x08, 0x07, 0xff, 0x44, 0xc4,
  0x8b, 0xff, 0x88, 0x02, 0x83, 0xbb, 0xff, 0xc3, 0x94, 0x01, 0xed, 0xdf,
  0xfe, 0x1f, 0x58, 0x00, 0x26, 0x0d, 0xa8, 0xa0, 0x12, 0x2a, 0xff, 0xf0,
  0x90, 0x00, 0x5b, 0x75, 0x5f, 0xfc, 0x2b, 0xd0, 0x41, 0xff, 0xff, 0xe1,
  0xd9, 0x00, 0x7f, 0xf2, 0x04, 0x03, 0xf8, 0xc8, 0x03, 0xff, 0x8a, 0x39,
  0xc0, 0x1f, 0xfc, 0x51, 0x07, 0x00, 0xff, 0xf7, 0x88, 0x07, 0xff, 0xbb,
  0xa8, 0x03, 0xff, 0x8a, 0x3f, 0x40, 0x1f, 0xfc, 0x61, 0x10, 0x07, 0xff,
  0x14, 0x7e, 0xc0, 0x3f, 0xfa, 0x26, 0x24, 0x5f, 0xfc, 0x40, 0x14, 0x1d,
  0xdf, 0xfe, 0x1c, 0xa0, 0x0f, 0x6e, 0xff, 0xf0, 0xfa, 0xc0, 0x26, 0x0d,
  0xa8, 0xa0, 0x12, 0x2a, 0xff, 0xf0, 0x90, 0x00, 0x5b, 0x75, 0x5f, 0xfc,
  0x2b, 0xd0, 0x41, 0xff, 0xff, 0xe1, 0xd9, 0x00, 0x7f, 0xf2, 0x04, 0x03,
  0xf0, 0xa2, 0x00, 0x3f, 0xf8, 0x8f, 0xd7, 0x6f, 0x50, 0x0f, 0xfe, 0x09,
  0xc1, 0xe5, 0x95, 0x00, 0x7f, 0xf0, 0x54, 0x7c, 0xd1, 0x00, 0x40, 0x1f,
  0xfc, 0x06, 0xe3, 0x01, 0x41, 0x20, 0x0f, 0xfe, 0x19, 0xf9, 0xe8, 0x07,
  0xff, 0x13, 0x43, 0xcc, 0x03, 0xff, 0x86, 0x22, 0x61, 0x00, 0xff, 0xe2,
  0x0f, 0x40, 0x07, 0xff, 0x14, 0xbe, 0x00, 0x3f, 0xf8, 0xa2, 0x30, 0x07,
  0xff, 0x14, 0xfa, 0x40, 0x3f, 0xf8, 0xc2, 0x01, 0xfe, 0x31, 0x22, 0xff,
  0xe2, 0x00, 0xa0, 0xee, 0xff, 0xf0, 0xe5, 0x00, 0x7b, 0x77, 0xff, 0x87,
  0xd6, 0x00, 0x26, 0x0d, 0xa8, 0xa0, 0x12, 0x2a, 0xff, 0xf0, 0x90, 0x00,
  0x5b, 0x75, 0x5f, 0xfc, 0x2b, 0xd0, 0x41, 0xff, 0xff, 0xe1, 0xd9, 0x00,
  0x7f, 0xf2, 0x04, 0x03, 0xff, 0xa1, 0xae, 0x09, 0xe0, 0x1f, 0xfc, 0x32,
  0x30, 0x31, 0x00, 0xff, 0xe0, 0xa4, 0x06, 0x35, 0x9b, 0x00, 0x7f, 0xf0,
  0x21, 0xc1, 0xe4, 0xca, 0x00, 0x3f, 0xf8, 0x18, 0xe7, 0xfe, 0x09, 0xe0,
  0x0f, 0xfe, 0x09, 0xb0, 0x10, 0x28, 0x07, 0xff, 0x01, 0x7d, 0x17, 0xf4,
  0x31, 0xc0, 0x3f, 0xe7, 0x90, 0x7a, 0x51, 0xa5, 0x00, 0xff, 0x89, 0x42,
  0x94, 0x15, 0x44, 0x01, 0xff, 0xc0, 0x60, 0x20, 0x63, 0x00, 0xff, 0xe1,
  0x2f, 0x80, 0x32, 0x00, 0x3f, 0xfa, 0x06, 0x24, 0x5f, 0xfc, 0x40, 0x14,
  0x1d, 0xdf, 0xfe, 0x1c, 0xa0, 0x0f, 0x6e, 0xff, 0xf0, 0xfa, 0xc0, 0x26,
  0x0d, 0xa8, 0xa0, 0x12, 0x2a, 0xff, 0xf0, 0x90, 0x00, 0x5b, 0x75, 0x5f,
  0xfc, 0x2b, 0xd0, 0x41, 0xff, 0xff, 0xe1, 0xd9, 0x00, 0x7f, 0xf2, 0x04,
  0x03, 0xff, 0xfe, 0x01, 0xff, 0xd4, 0x7f, 0xfc, 0x20, 0x1f, 0xfc, 0x24,
  0x88, 0xc2, 0x01, 0xff, 0xc2, 0x37, 0x7c, 0x01, 0xff, 0xff, 0x00, 0xff,
  0xea, 0x98, 0x91, 0x7f, 0xf1, 0x00, 0x50, 0x77, 0x7f, 0xf8, 0x72, 0x80,
  0x3d, 0xbb, 0xff, 0xc3, 0xeb, 0x00, 0x26, 0x0d, 0xa8, 0xa0, 0x12, 0x2a,
  0xff, 0xf0, 0x90, 0x00, 0x5b, 0x75, 0x5f, 0xfc, 0x2b, 0xd0, 0x41, 0xff,
  0xff, 0xe1, 0xd9, 0x00, 0x7f, 0xf2, 0x04, 0x03, 0xff, 0xce, 0x74, 0x20,
  0x1f, 0xfc, 0x34, 0xbc, 0x50, 0x0f, 0xfe, 0x12, 0xe5, 0xac, 0x70, 0x80,
  0x7f, 0xf0, 0x26, 0x82, 0xb9, 0xc4, 0x03, 0xff, 0x82, 0x20, 0x5a, 0x20,
  0x1f, 0xfc, 0x38, 0xd7, 0x77, 0x51, 0x80, 0x7f, 0xf0, 0x8a, 0x79, 0xd7,
  0x04, 0x03, 0xff, 0x86, 0x31, 0xf0, 0x01, 0xff, 0xc7, 0x71, 0x00, 0xff,
  0xf1, 0x18, 0x91, 0x7f, 0xf1, 0x00, 0x50, 0x77, 0x7f, 0xf8, 0x72, 0x80,
  0x3d, 0xbb, 0xff, 0xc3, 0xeb, 0x00, 0x26, 0x0d, 0xa8, 0xa0, 0x12, 0x2a,
  0xff, 0xf0, 0x90, 0x00, 0x5b, 0x75, 0x5f, 0xfc, 0x2b, 0xd0, 0x41, 0xff,
  0xff, 0xe1, 0xd9, 0x00, 0x7f, 0xf2, 0x04, 0x03, 0xff, 0xc4, 0xb0, 0x20,
  0x1f, 0xfc, 0x67, 0xe9, 0x10, 0x0f, 0xfe, 0x1a, 0xe2, 0xb7, 0x51, 0x00,
  0x7f, 0xf0, 0x8e, 0xba, 0x13, 0x50, 0x03, 0xff, 0x86, 0x5a, 0x20, 0xe0,
  0x1f, 0xfc, 0x15, 0xcc, 0x24, 0x79, 0x80, 0x7f, 0xf0, 0x1a, 0x86, 0x79,
  0xc0, 0x3f, 0xf8, 0x45, 0x5a, 0xc0, 0x1f, 0xfc, 0x44, 0x50, 0x0f, 0xff,
  0x41, 0x89, 0x17, 0xff, 0x10, 0x05, 0x07, 0x77, 0xff, 0x87, 0x28, 0x03,
  0xdb, 0xbf, 0xfc, 0x3e, 0xb0, 0x26, 0x0d, 0xa8, 0xa0, 0x12, 0x2a, 0xff,
  0xf0, 0x90, 0x00, 0x5b, 0x75, 0x5f, 0xfc, 0x2b, 0xd0, 0x41, 0xff, 0xff,
  0xe1, 0xd9, 0x00, 0x7f, 0xf2, 0x04, 0x03, 0xff, 0xec, 0x6e, 0xfe, 0x00,
  0xff, 0xe0, 0xdc, 0x47, 0x84, 0x03, 0xff, 0x81, 0x1f, 0xfe, 0x10, 0x0f,
  0xfe, 0x01, 0x22, 0x78, 0x03, 0xff, 0x83, 0x57, 0x7e, 0x10, 0x0f, 0xfe,
  0x04, 0xe6, 0x78, 0x40, 0x3f, 0xf8, 0x02, 0x67, 0xe0, 0x0f, 0xff, 0xb9,
  0x89, 0x17, 0xff, 0x10, 0x05, 0x07, 0x77, 0xff, 0x87, 0x28, 0x03, 0xdb,
  0xbf, 0xfc, 0x3e, 0xb0, 0x26, 0x0d, 0xa8, 0xa0, 0x12, 0x2a, 0xff, 0xf0,
  0x90, 0x00, 0x5b, 0x75, 0x5f, 0xfc, 0x2b, 0xd0, 0x41, 0xff, 0xff, 0xe1,
  0xd9, 0x00, 0x7f, 0xf2, 0x04, 0x03, 0xff, 0xa3, 0xee, 0x01, 0xff, 0xed,
  0x10, 0x0f, 0xfe, 0x27, 0x7f, 0xb8, 0x23, 0xfe, 0x50, 0x0f, 0xf5, 0xcc,
  0xc0, 0xb3, 0x33, 0x80, 0x7f, 0x95, 0x9a, 0x0d, 0x66, 0x88, 0x03, 0xff,
  0xd5, 0x4a, 0x01, 0xff, 0xc6, 0x52, 0x00, 0xff, 0xe8, 0x98, 0x91, 0x7f,
  0xf1, 0x00, 0x50, 0x77, 0x7f, 0xf8, 0x72, 0x80, 0x3d, 0xbb, 0xff, 0xc3,
  0xeb, 0x00, 0x26, 0x0d, 0xa8, 0xa0, 0x12, 0x2a, 0xff, 0xf0, 0x90, 0x00,
  0x5b, 0x75, 0x5f, 0xfc, 0x2b, 0xd0, 0x41, 0xff, 0xff, 0xe1, 0xd9, 0x00,
  0x7f, 0xf2, 0x04, 0x03, 0xff, 0xfe, 0x01, 0xff, 0xd3, 0x9f, 0xff, 0x08,
  0x07, 0xff, 0x03, 0x19, 0xbc, 0x20, 0x1f, 0xfc, 0x05, 0x99, 0xf0, 0x07,
  0xff, 0xfc, 0x03, 0xff, 0xa8, 0x62, 0x45, 0xff, 0xc4, 0x01, 0x41, 0xdd,
  0xff, 0xe1, 0xca, 0x00, 0xf6, 0xef, 0xff, 0x0f, 0xac, 0x00, 0x26, 0x0d,
  0xa8, 0xa0, 0x12, 0x2a, 0xff, 0xf0, 0x90, 0x00, 0x5b, 0x75, 0x5f, 0xfc,
  0x2b, 0xd0, 0x41, 0xff, 0xff, 0xe1, 0xd9, 0x00, 0x7f, 0xf2, 0x04, 0x03,
  0xff, 0xc6, 0x80, 0x18, 0xc0, 0x3f, 0xf8, 0x2b, 0x70, 0x00, 0xcc, 0x08,
  0x07, 0xff, 0x01, 0x54, 0xf1, 0x87, 0x42, 0x01, 0xff, 0xc1, 0xa5, 0x73,
  0xa5, 0x00, 0xff, 0xe1, 0xb0, 0x03, 0x40, 0x3f, 0xf8, 0x78, 0x74, 0xaf,
  0x00, 0x1f, 0xfc, 0x15, 0x3a, 0x5a, 0x56, 0x10, 0x0f, 0xfe, 0x02, 0xea,
  0x80, 0x2b, 0xc4, 0x03, 0xff, 0x82, 0x40, 0x18, 0x40, 0x3f, 0xfc, 0x66,
  0x24, 0x5f, 0xfc, 0x40, 0x14, 0x1d, 0xdf, 0xfe, 0x1c, 0xa0, 0x0f, 0x6e,
  0xff, 0xf0, 0xfa, 0xc0, 0x26, 0x0d, 0xa8, 0xa0, 0x12, 0x2a, 0xff, 0xf0,
  0x90, 0x00, 0x5b, 0x75, 0x5f, 0xfc, 0x2b, 0xd0, 0x41, 0xff, 0xff, 0xe1,
  0xd9, 0x00, 0x7f, 0xf2, 0x04, 0x03, 0xff, 0xc8, 0x5a, 0xe0, 0x1f, 0xfc,
  0x51, 0x2d, 0x00, 0xff, 0xe2, 0x9f, 0x50, 0x07, 0xff, 0x0e, 0x7f, 0xdd,
  0xff, 0x08, 0x07, 0xff, 0x03, 0x1d, 0xfc, 0x20, 0x1f, 0xfc, 0x05, 0x88,
  0x5c, 0x44, 0x01, 0xff, 0xc3, 0x4c, 0xa0, 0x0f, 0xfe, 0x2a, 0x9e, 0x00,
  0x7f, 0xf1, 0x47, 0x18, 0x03, 0xff, 0xca, 0x62, 0x45, 0xff, 0xc4, 0x01,
  0x41, 0xdd, 0xff, 0xe1, 0xca, 0x00, 0xf6, 0xef, 0xff, 0x0f, 0xac, 0x00,
  0x26, 0x0d, 0xa6, 0xa0, 0x12, 0x2a, 0xff, 0xf0, 0x90, 0x0b, 0x6e, 0xab,
  0xff, 0x85, 0x72, 0x83, 0xff, 0xff, 0xc3, 0x84, 0x00, 0xff, 0xe8, 0x08,
  0x07, 0xff, 0x14, 0xbe, 0x40, 0x3f, 0xf8, 0x65, 0x82, 0xd2, 0x01, 0xff,
  0xc1, 0x2c, 0x20, 0x36, 0x90, 0x0f, 0xf8, 0xb0, 0xf4, 0x2e, 0x5a, 0x00,
  0x3f, 0xd2, 0x78, 0x21, 0xed, 0x2e, 0x60, 0x1f, 0xd5, 0x82, 0x01, 0x9b,
  0x4c, 0x03, 0xf8, 0x44, 0x01, 0xe2, 0x00, 0xff, 0xfd, 0xfc, 0x00, 0x7f,
  0xf3, 0xcc, 0x48, 0xbf, 0xf8, 0x7c, 0x08, 0x3b, 0xbf, 0xfc, 0x36, 0x51,
  0xed, 0xdf, 0xfe, 0x1f, 0x40, 0x26, 0x0d, 0xa6, 0xa0, 0x12, 0x2a, 0xff,
  0xf0, 0x90, 0x0b, 0x6e, 0xab, 0xff, 0x85, 0x72, 0x83, 0xff, 0xff, 0xc3,
  0x84, 0x00, 0xff, 0xe8, 0x10, 0x80, 0x7f, 0xf1, 0x76, 0x40, 0x3f, 0xff,
  0x44, 0x60, 0x1e, 0x50, 0x0f, 0xf4, 0xe9, 0x80, 0x69, 0xa4, 0x00, 0xfe,
  0xb2, 0xd2, 0x0f, 0x86, 0x94, 0x00, 0xff, 0x69, 0x60, 0x53, 0xcb, 0x00,
  0x7f, 0xc3, 0xa4, 0x05, 0x2c, 0x01, 0xff, 0xc1, 0x1d, 0x38, 0x60, 0x0f,
  0xfe, 0x18, 0xe3, 0x80, 0x7f, 0xf3, 0xcc, 0x48, 0xbf, 0xf8, 0x7c, 0x08,
  0x3b, 0xbf, 0xfc, 0x36, 0x51, 0xed, 0xdf, 0xfe, 0x1f, 0x40, 0x26, 0x0d,
  0xa8, 0xa0, 0x12, 0x2a, 0xff, 0xf0, 0x90, 0x00, 0x5b, 0x75, 0x5f, 0xfc,
  0x2b, 0xd0, 0x41, 0xff, 0xff, 0xe1, 0xd9, 0x00, 0x7f, 0xf2, 0x04, 0x03,
  0xff, 0xa0, 0x36, 0x20, 0x1f, 0xfc, 0x41, 0xc5, 0x30, 0x0f, 0xfe, 0x18,
  0xe0, 0x61, 0x00, 0x7f, 0xf0, 0x87, 0x03, 0x08, 0x03, 0xff, 0x84, 0x3e,
  0x44, 0xef, 0xfe, 0xe0, 0x0f, 0xe1, 0x60, 0x38, 0x8f, 0x48, 0x07, 0xfa,
  0x1c, 0xc5, 0xdf, 0xc0, 0x1f, 0xf4, 0x3c, 0xb0, 0x07, 0xff, 0x16, 0x1a,
  0x50, 0x03, 0xff, 0x8b, 0x34, 0x80, 0x1f, 0xfc, 0x65, 0x00, 0xff, 0xe9,
  0x18, 0x91, 0x7f, 0xf1, 0x00, 0x50, 0x77, 0x7f, 0xf8, 0x72, 0x80, 0x3d,
  0xbb, 0xff, 0xc3, 0xeb, 0x00, 0x26, 0x0d, 0xa8, 0xa0, 0x12, 0x2a, 0xff,
  0xf0, 0x90, 0x00, 0x5b, 0x75, 0x5f, 0xfc, 0x2b, 0xd0, 0x41, 0xff, 0xff,
  0xe1, 0xd9, 0x00, 0x7f, 0xf2, 0x04, 0x03, 0xff, 0xa2, 0xb2, 0x01, 0xff,
  0xc7, 0x6a, 0x00, 0xff, 0xe2, 0xad, 0x2d, 0x00, 0x7f, 0xf1, 0x56, 0xd6,
  0x80, 0x3f, 0xc9, 0xff, 0xeb, 0x05, 0xa0, 0x0f, 0xe6, 0x88, 0xf8, 0x01,
  0xc0, 0x1f, 0xc4, 0xef, 0xec, 0x0b, 0x40, 0x0f, 0xfe, 0x1d, 0xa5, 0xa0,
  0x07, 0xff, 0x0e, 0x52, 0xd0, 0x03, 0xff, 0x89, 0x16, 0x80, 0x1f, 0xfc,
  0x51, 0x40, 0x0f, 0xfe, 0x89, 0x89, 0x17, 0xff, 0x10, 0x05, 0x07, 0x77,
  0xff, 0x87, 0x28, 0x03, 0xdb, 0xbf, 0xfc, 0x3e, 0xb0, 0x26, 0x0d, 0xa8,
  0xa0, 0x12, 0x2a, 0xff, 0xf0, 0x90, 0x00, 0x5b, 0x75, 0x5f, 0xfc, 0x2b,
  0xd0, 0x41, 0xff, 0xff, 0xe1, 0xd9, 0x00, 0x7f, 0xf2, 0x04, 0x03, 0xff,
  0xd2, 0xe8, 0x01, 0xff, 0xc5, 0x78, 0x80, 0x07, 0xff, 0x11, 0xe0, 0xf0,
  0x03, 0xfc, 0x96, 0x01, 0x3c, 0x1e, 0x00, 0x7f, 0xd8, 0x96, 0x0f, 0x07,
  0x80, 0x1f, 0xfc, 0x08, 0x74, 0xd8, 0x3c, 0x00, 0xff, 0xe1, 0x43, 0x91,
  0xe0, 0x07, 0xff, 0x12, 0x27, 0x00, 0x3f, 0xf8, 0xcc, 0x01, 0xff, 0xe7,
  0x31, 0x22, 0xff, 0xe2, 0x00, 0xa0, 0xee, 0xff, 0xf0, 0xe5, 0x00, 0x7b,
  0x77, 0xff, 0x87, 0xd6, 0x00, 0x26, 0x0d, 0xa8, 0xa0, 0x12, 0x2a, 0xff,
  0xf0, 0x90, 0x00, 0x5b, 0x75, 0x5f, 0xfc, 0x2b, 0xd0, 0x41, 0xff, 0xff,
  0xe1, 0xd9, 0x00, 0x7f, 0xf2, 0x04, 0x03, 0xff, 0xc4, 0x50, 0x01, 0x0c,
  0x00, 0x7f, 0xf0, 0x6d, 0xe4, 0x07, 0x1d, 0x00, 0x3f, 0xf8, 0x12, 0x8d,
  0x38, 0x52, 0x80, 0x1f, 0xfc, 0x1b, 0x46, 0x29, 0x60, 0x0f, 0xfe, 0x10,
  0xb0, 0x03, 0xc0, 0x3f, 0xf8, 0x43, 0x85, 0x28, 0xd2, 0x01, 0xff, 0xc1,
  0xb2, 0x96, 0xb4, 0x64, 0x00, 0xff, 0xe0, 0x5d, 0x30, 0x02, 0xe9, 0x00,
  0x3f, 0xf8, 0x02, 0xa0, 0x19, 0x40, 0x3f, 0xfc, 0x66, 0x24, 0x5f, 0xfc,
  0x40, 0x14, 0x1d, 0xdf, 0xfe, 0x1c, 0xa0, 0x0f, 0x6e, 0xff, 0xf0, 0xfa,
  0xc0, 0x0a, 0x02, 0x0a, 0x38, 0x07, 0x0e, 0xfe, 0x74, 0x96, 0xa8, 0x00,
  0x4c, 0x01, 0x41, 0xc8, 0x05, 0xdc, 0xa0, 0x08, 0x4d, 0x80, 0x0c, 0x11,
  0x8a, 0x28, 0x07, 0x77, 0xfc, 0x20, 0x1f, 0xe3, 0x11, 0x80, 0x1a, 0x10,
  0x16, 0x58, 0x07, 0xff, 0x0e, 0x20, 0x01, 0xfa, 0x1f, 0xc0, 0x3e, 0x87,
  0x87, 0x00, 0xf4, 0x3c, 0xb8, 0x07, 0x9d, 0xc1, 0x3f, 0xfe, 0x65, 0x10,
  0x78, 0x8f, 0x29, 0x60, 0xab, 0x3b, 0xf1, 0x81, 0x61, 0xe0, 0x80, 0x7c,
  0x58, 0x74, 0x01, 0xf8, 0xb2, 0x40, 0x38, 0x24, 0x10, 0x20, 0x58, 0x07,
  0xff, 0x22, 0x20, 0x01, 0xff, 0xc1, 0x87, 0xf0, 0x0f, 0xfe, 0x04, 0x3c,
  0x38, 0x07, 0xfd, 0x0f, 0x2e, 0x01, 0xff, 0x3b, 0x82, 0x7f, 0xff, 0xed,
  0x51, 0x07, 0x88, 0xff, 0xac, 0xb0, 0x55, 0x9d, 0xff, 0xcc, 0x05, 0x87,
  0x82, 0x01, 0xff, 0xc0, 0x2c, 0x3a, 0x00, 0xff, 0xe0, 0x96, 0x48, 0x07,
  0xf8, 0x4a, 0x10, 0x46, 0x58, 0x07, 0xff, 0x6e, 0x20, 0x01, 0xff, 0xd4,
  0x87, 0xf0, 0x0f, 0xfe, 0x9c, 0x3c, 0x38, 0x07, 0xff, 0x4a, 0x1e, 0x1c,
  0x03, 0xff, 0xa4, 0xee, 0x08, 0xff, 0xff, 0xe9, 0x4a, 0x88, 0x34, 0x47,
  0xff, 0x4b, 0x4b, 0x05, 0x19, 0xdf, 0xff, 0xa2, 0x80, 0x58, 0x78, 0x20,
  0x1f, 0xfd, 0x32, 0xc3, 0xa0, 0x0f, 0xfe, 0xa1, 0x64, 0x80, 0x7f, 0xf4,
  0x40, 0x1a, 0x10, 0x16, 0x50, 0x06, 0x66, 0x00, 0x7e, 0x69, 0xf0, 0x0f,
  0x9a, 0x56, 0x04, 0x70, 0x01, 0x64, 0x17, 0xbb, 0x9d, 0x69, 0x6a, 0xbe,
  0x51, 0x01, 0x22, 0xf8, 0x52, 0xd2, 0x23, 0xe5, 0x04, 0xb0, 0x4f, 0xfe,
  0x60, 0x02, 0x5a, 0x50, 0x07, 0xe4, 0xbe, 0x00, 0xe0, 0x24, 0x10, 0x20,
  0x50, 0x06, 0x66, 0x00, 0x7f, 0xf0, 0x5a, 0x7c, 0x03, 0xff, 0x80, 0xd2,
  0xb0, 0x23, 0xfc, 0x00, 0x59, 0x05, 0xee, 0xff, 0x6a, 0xd2, 0xd5, 0x7f,
  0xf0, 0x24, 0x40, 0x48, 0xbf, 0xf8, 0x29, 0x69, 0x11, 0xff, 0xc0, 0xa0,
  0x4b, 0x04, 0xff, 0xff, 0x60, 0x01, 0x2d, 0x28, 0x03, 0xff, 0x82, 0x97,
  0xc0, 0x1f, 0xe0, 0x1a, 0x10, 0x16, 0x58, 0x07, 0xff, 0x12, 0x20, 0x01,
  0xfd, 0xef, 0x00, 0x1f, 0x9e, 0x1e, 0x00, 0x3f, 0x3c, 0xbc, 0x03, 0x7f,
  0xfa, 0x41, 0xdc, 0xb1, 0x1e, 0x70, 0x15, 0x37, 0x7e, 0x65, 0x1c, 0x20,
  0x0e, 0x1c, 0x3c, 0x20, 0x0f, 0x51, 0xe1, 0x00, 0x7d, 0x38, 0x40, 0x10,
  0x24, 0x10, 0x22, 0x58, 0x07, 0xff, 0x3c, 0xf0, 0x40, 0x3f, 0xf8, 0x42,
  0x58, 0x20, 0x1f, 0xfc, 0x12, 0xc3, 0xc1, 0x00, 0xff, 0xe0, 0x96, 0x06,
  0x08, 0x37, 0xff, 0xfd, 0xa4, 0x4c, 0x05, 0x88, 0xff, 0xe0, 0x10, 0x50,
  0x1b, 0xbf, 0xfd, 0xe5, 0x0e, 0x01, 0xff, 0xc0, 0x87, 0x87, 0x00, 0xff,
  0xe0, 0x2b, 0xc3, 0x80, 0x7f, 0xf0, 0x56, 0xdc, 0x03, 0x00, 0x4a, 0x10,
  0x46, 0x58, 0x07, 0xff, 0xd1, 0x68, 0x03, 0xff, 0xaa, 0x2b, 0x60, 0x1f,
  0xfd, 0x44, 0xb4, 0xb0, 0x0f, 0xfe, 0xa2, 0x5a, 0x58, 0x37, 0xff, 0xff,
  0x4a, 0xc1, 0x29, 0x62, 0x3f, 0xfa, 0x4e, 0x00, 0xe3, 0x77, 0xff, 0xe9,
  0x18, 0x5a, 0x00, 0x7f, 0xf4, 0xad, 0x2d, 0x00, 0x3f, 0xfa, 0x50, 0x96,
  0x80, 0x1f, 0xfd, 0x39, 0xb4, 0x00, 0x80, 0x1a, 0x10, 0x16, 0x50, 0x07,
  0x33, 0x00, 0x3f, 0xbe, 0x58, 0x03, 0x08, 0xe8, 0x59, 0x60, 0x03, 0x77,
  0x72, 0x84, 0xb0, 0x25, 0x57, 0xcb, 0x2a, 0x24, 0x5f, 0x08, 0x0a, 0xc4,
  0x7c, 0x96, 0x8d, 0xff, 0xc8, 0x16, 0x80, 0x1e, 0xa4, 0xb4, 0x00, 0xfb,
  0xad, 0x00, 0x20, 0x24, 0x10, 0x22, 0x50, 0x07, 0xf8, 0x64, 0x03, 0xff,
  0x86, 0x4d, 0x60, 0x1c, 0x23, 0xfc, 0x56, 0x96, 0x01, 0x37, 0x77, 0xfa,
  0xc1, 0x2c, 0x00, 0x95, 0x5f, 0xfc, 0x09, 0x4b, 0x01, 0x22, 0xff, 0xe0,
  0x70, 0x08, 0x2c, 0x47, 0xff, 0x01, 0xd6, 0x81, 0xbf, 0xff, 0xd4, 0x0b,
  0x40, 0x1f, 0xfc, 0x04, 0xa5, 0xa0, 0x0f, 0xfe, 0x0a, 0x3d, 0x00, 0x60,
  0x24, 0x10, 0x22, 0x50, 0x06, 0x83, 0x00, 0xe9, 0x10, 0x0f, 0xa1, 0xd0,
  0x03, 0x13, 0xe0, 0x80, 0x74, 0x3c, 0x38, 0x06, 0x2c, 0x3c, 0x10, 0x0a,
  0x1e, 0x5c, 0x03, 0xc5, 0x81, 0x82, 0x0e, 0xe0, 0x9f, 0xff, 0xda, 0x44,
  0xc0, 0x51, 0x07, 0x88, 0xfe, 0x20, 0xa0, 0x2c, 0x15, 0x67, 0x7f, 0xbc,
  0xa1, 0xc0, 0x05, 0x87, 0x82, 0x01, 0xd0, 0xf0, 0xe0, 0x18, 0xb0, 0xe4,
  0x03, 0x13, 0xc3, 0x80, 0x78, 0xbe, 0x00, 0x31, 0x6b, 0x80, 0x60, 0x30,
  0x10, 0x2c, 0x50, 0x06, 0x83, 0x00, 0xff, 0x14, 0x80, 0x7d, 0x0e, 0x80,
  0x1f, 0xe7, 0x6a, 0x00, 0xe8, 0x78, 0x70, 0x0f, 0xf2, 0xd2, 0xd0, 0x05,
  0x0f, 0x2e, 0x01, 0xff, 0xc0, 0x5b, 0x5a, 0x07, 0x70, 0x4f, 0xff, 0xff,
  0x0a, 0xc1, 0x65, 0x44, 0x1e, 0x23, 0xff, 0x84, 0xe0, 0x0a, 0x2c, 0x15,
  0x67, 0x7f, 0xfe, 0x09, 0x86, 0x18, 0x16, 0x1e, 0x08, 0x07, 0xfd, 0x89,
  0x86, 0x01, 0x16, 0x1c, 0x80, 0x7f, 0x98, 0xf0, 0xc0, 0x38, 0xbe, 0x00,
  0x3f, 0xcd, 0xa6, 0x01, 0x00, 0x24, 0x10, 0x22, 0x50, 0x06, 0x66, 0x00,
  0x61, 0x90, 0x0f, 0xcd, 0x3e, 0x01, 0x89, 0xac, 0x03, 0xcd, 0x2b, 0x02,
  0x38, 0xad, 0x2c, 0x03, 0x2c, 0x82, 0xf7, 0x7a, 0xc1, 0x2c, 0x00, 0xb4,
  0xb5, 0x5f, 0xe9, 0x4b, 0x01, 0x01, 0x22, 0xff, 0x70, 0x08, 0x25, 0xa4,
  0x47, 0xf9, 0xd6, 0x80, 0x09, 0x60, 0x9f, 0xfe, 0xa0, 0x5a, 0x00, 0xc9,
  0x69, 0x40, 0x19, 0x29, 0x68, 0x03, 0xc9, 0x7c, 0x01, 0x91, 0xe8, 0x03,
  0x00, 0x30, 0x10, 0x2c, 0x50, 0x06, 0x66, 0x00, 0x7f, 0x92, 0x00, 0x3e,
  0x69, 0xf0, 0x0f, 0xf1, 0xbc, 0x00, 0x73, 0x4a, 0xc0, 0x8f, 0xf9, 0x9d,
  0xd0, 0x01, 0x2c, 0x82, 0xf7, 0x7f, 0xf0, 0x1c, 0x1e, 0x01, 0x69, 0x6a,
  0xbf, 0xf8, 0x8e, 0xf0, 0x80, 0x91, 0x7f, 0xf1, 0x40, 0x52, 0xd2, 0x23,
  0xff, 0x88, 0xb2, 0xc0, 0x96, 0x09, 0xff, 0xff, 0xc0, 0x60, 0x96, 0x00,
  0x92, 0xd2, 0x80, 0x3f, 0xd0, 0xd2, 0xc0, 0x1c, 0x97, 0xc0, 0x1f, 0xeb,
  0x96, 0x00, 0x80, 0x06, 0x00, 0x06, 0x58, 0x18, 0x9e, 0x69, 0x25, 0x8f,
  0xa8, 0x5d, 0x80, 0x06, 0x01, 0x08, 0x06, 0x13, 0x00, 0xe0, 0x14, 0x0e,
  0x94, 0x88, 0x00, 0x48, 0x00, 0x60, 0x1c, 0x78, 0x8d, 0xa0, 0x1c, 0x57,
  0x35, 0xa0, 0x1e, 0x4e, 0xf3, 0x00, 0xf4, 0xe6, 0x10, 0x03, 0xca, 0x21,
  0xa0, 0x1c, 0x64, 0xc6, 0xc0, 0x1d, 0x41, 0x76, 0x05, 0x00, 0xce, 0x26,
  0xa1, 0xe0, 0x12, 0x0b, 0x81, 0x11, 0x44, 0x01, 0xc0, 0xdf, 0xe2, 0x07,
  0x00, 0x28, 0xbb, 0xcc, 0x1a, 0x0a, 0x0d, 0x11, 0x49, 0x20, 0xf0, 0x58,
  0x06, 0x50, 0x6b, 0xf3, 0x00, 0xd1, 0xee, 0x01, 0xae, 0x00, 0x3f, 0x21,
  0x80, 0x60, 0x14, 0x0e, 0x94, 0x88, 0x06, 0x32, 0x00, 0xf9, 0xf7, 0x46,
  0x01, 0xc5, 0x7b, 0x32, 0x00, 0xe2, 0xd0, 0x5a, 0x00, 0xf4, 0xe6, 0x10,
  0x03, 0xcc, 0x21, 0xa0, 0x1c, 0x62, 0xc4, 0xe0, 0x1d, 0x41, 0x6a, 0x2a,
  0x01, 0x9c, 0x4e, 0xc3, 0xc0, 0x24, 0x16, 0x03, 0x25, 0x00, 0xb8, 0x1f,
  0xfc, 0x40, 0xc0, 0x05, 0x17, 0x79, 0x83, 0x41, 0x41, 0xa2, 0x29, 0x24,
  0x1e, 0x0b, 0x00, 0xca, 0x0d, 0x7e, 0x60, 0x1a, 0x3d, 0xc0, 0x35, 0xc0,
  0x07, 0xe4, 0x30, 0x0c, 0x15, 0xf0, 0x16, 0x70, 0x07, 0xff, 0x0a, 0x7c,
  0x73, 0x80, 0x3d, 0xea, 0x36, 0xe0, 0x1e, 0x6b, 0x35, 0x90, 0x0f, 0xb7,
  0x34, 0x40, 0x3c, 0x26, 0x20, 0xe0, 0x1e, 0x60, 0xb0, 0xa0, 0x0f, 0x50,
  0x2a, 0x18, 0x80, 0x62, 0x22, 0x86, 0x83, 0x00, 0x6a, 0x0f, 0x07, 0x0a,
  0x00, 0xcc, 0x15, 0xfc, 0x04, 0x40, 0x01, 0x89, 0xbb, 0xca, 0x14, 0x00,
  0xa0, 0x88, 0xd6, 0x0c, 0x00, 0x71, 0x40, 0x08, 0x50, 0x4c, 0x15, 0xf0,
  0x16, 0x78, 0x04, 0x9d, 0xd4, 0x00, 0x79, 0x33, 0x29, 0x00, 0xf4, 0xe9,
  0xcf, 0x80, 0x7b, 0x90, 0x4d, 0x00, 0x3c, 0xf4, 0x75, 0x40, 0x0f, 0xab,
  0x34, 0x40, 0x3c, 0x28, 0x20, 0xe0, 0x1e, 0x60, 0xb0, 0xa0, 0x0f, 0x50,
  0x2a, 0x18, 0x80, 0x62, 0x22, 0x86, 0x83, 0x00, 0x6a, 0x0f, 0x07, 0x0a,
  0x00, 0xcc, 0x15, 0xfc, 0x04, 0x40, 0x01, 0x89, 0xbb, 0xca, 0x14, 0x00,
  0xa0, 0x88, 0xd6, 0x0c, 0x00, 0x71, 0x40, 0x08, 0x50, 0x4c, 0x14, 0x00,
  0x14, 0x70, 0x07, 0xff, 0x0b, 0xf0, 0x03, 0xf2, 0xd8, 0x07, 0xc3, 0x28,
  0x01, 0xf4, 0xe6, 0x10, 0x03, 0xcc, 0x21, 0xa0, 0x1c, 0x82, 0xc4, 0xe0,
  0x1d, 0xa1, 0x6a, 0x2a, 0x01, 0x9c, 0x4e, 0xc3, 0xc0, 0x25, 0x16, 0x03,
  0x25, 0x10, 0x07, 0x83, 0xff, 0x88, 0x1c, 0x00, 0xa2, 0xef, 0x30, 0x68,
  0x30, 0x34, 0x45, 0x24, 0x83, 0xa1, 0x60, 0x19, 0x41, 0xc0, 0x14, 0x0e,
  0x94, 0x70, 0x04, 0x26, 0x60, 0x0f, 0xa7, 0x30, 0x80, 0x1e, 0x61, 0x0d,
  0x00, 0xe3, 0x16, 0x27, 0x00, 0xea, 0x0b, 0x51, 0x50, 0x0c, 0xe2, 0x76,
  0x1e, 0x01, 0x20, 0xb0, 0x19, 0x28, 0x05, 0xc0, 0xff, 0xe2, 0x06, 0x00,
  0x28, 0xbb, 0xcc, 0x1a, 0x0a, 0x0d, 0x11, 0x49, 0x20, 0xf0, 0x58, 0x06,
  0x50, 0x6b, 0xf3, 0x00, 0xd1, 0xee, 0x01, 0xae, 0x00, 0x3f, 0x21, 0x80,
  0x60, 0x12, 0x00, 0x12, 0x70, 0x07, 0xff, 0x01, 0xfd, 0x00, 0x3c, 0x6a,
  0xc0, 0x18, 0xcc, 0xf0, 0x60, 0x10, 0xe6, 0x5b, 0xda, 0x80, 0x11, 0xdd,
  0xa0, 0xac, 0x02, 0x74, 0x43, 0xa8, 0x18, 0x07, 0x0b, 0x89, 0x80, 0x13,
  0xfd, 0xc7, 0x80, 0x11, 0x44, 0x18, 0x70, 0x40, 0x0c, 0xee, 0x99, 0x0c,
  0x80, 0x78, 0xc0, 0x33, 0x3b, 0xa6, 0xc2, 0xc0, 0x05, 0x10, 0x62, 0xb3,
  0x12, 0x0e, 0x92, 0x70, 0x19, 0xc4, 0x20, 0x10, 0xe6, 0x5b, 0xda, 0x80,
  0x11, 0xdd, 0xa0, 0xac, 0x02, 0x74, 0x43, 0xa8, 0x18, 0x07, 0x0b, 0x89,
  0x80, 0x13, 0xfd, 0xc7, 0x80, 0x11, 0x44, 0x18, 0x70, 0x40, 0x0c, 0xee,
  0x99, 0x0c, 0x80, 0x78, 0xc0, 0x33, 0x3b, 0xa6, 0xc2, 0xc0, 0x05, 0x10,
  0x62, 0xb3, 0x1f, 0xfe, 0xc4, 0x00, 0xcb, 0x66, 0x01, 0xe3, 0x46, 0x00,
  0x80, 0x14, 0x0f, 0x94, 0x78, 0x07, 0xff, 0x0b, 0x3c, 0x03, 0xf5, 0xa8,
  0x07, 0xc4, 0x38, 0x80, 0x1d, 0x3b, 0x32, 0xbd, 0x20, 0x04, 0xb2, 0x5e,
  0x41, 0x60, 0x13, 0x15, 0xa1, 0xbb, 0x85, 0x90, 0x2c, 0x03, 0x46, 0x3f,
  0x01, 0x00, 0x71, 0x88, 0x07, 0xfb, 0x43, 0x00, 0x31, 0x42, 0x28, 0x39,
  0x00, 0x52, 0xe0, 0x0a, 0x0d, 0x98, 0xd4, 0x48, 0x16, 0xcd, 0x9c, 0xde,
  0xc0, 0x24, 0xcf, 0xee, 0x40, 0x00, 0x14, 0x00, 0x14, 0x70, 0x07, 0xff,
  0x07, 0x78, 0x03, 0xf2, 0xb8, 0x07, 0xe8, 0x90, 0x0e, 0x1f, 0xfd, 0xd2,
  0x20, 0x18, 0x9d, 0xca, 0xde, 0x40, 0x13, 0x44, 0x2e, 0x46, 0x40, 0x3e,
  0x62, 0x40, 0x0f, 0xce, 0x04, 0x01, 0xff, 0xc5, 0x70, 0x20, 0x0f, 0x39,
  0x28, 0x04, 0xb1, 0x39, 0x03, 0x60, 0x10, 0xbb, 0x0b, 0x78, 0x80, 0x14,
  0x0e, 0x94, 0x70, 0x07, 0xf8, 0x7f, 0xf7, 0x48, 0x80, 0x62, 0x77, 0x2b,
  0x79, 0x00, 0x4d, 0x10, 0xb9, 0x19, 0x00, 0xf9, 0x89, 0x00, 0x3f, 0x38,
  0x10, 0x07, 0xff, 0x15, 0xc0, 0x80, 0x3c, 0xe4, 0xa0, 0x12, 0xc4, 0xe4,
  0x0d, 0x80, 0x42, 0xec, 0x2d, 0xe2, 0x03, 0xff, 0xb6, 0x44, 0x03, 0x9e,
  0xc4, 0x03, 0xee, 0x40, 0x0e, 0x10, 0x0e, 0x90, 0x88, 0x07, 0xfd, 0x7f,
  0x40, 0x1a, 0x1b, 0x5d, 0x80, 0x28, 0xd2, 0xd6, 0x01, 0xff, 0xf8, 0x00,
  0x4e, 0xfc, 0x00, 0x68, 0x8e, 0x00, 0xff, 0x27, 0xfe, 0x90, 0x00, 0xb3,
  0x6c, 0x00, 0x2c, 0xce, 0x50, 0x0f, 0xf2, 0xcc, 0xf0, 0x00, 0x59, 0xb8,
  0x7f, 0xfe, 0x00, 0x92, 0xd0, 0x03, 0x89, 0x04, 0x00, 0x10, 0x00, 0x10,
  0x70, 0x07, 0xfb, 0x38, 0x3e, 0xc0, 0x2b, 0x60, 0x6c, 0x00, 0x9e, 0x02,
  0x5c, 0x07, 0xff, 0xe0, 0x01, 0x3b, 0xf0, 0x01, 0xa2, 0x38, 0x03, 0xfc,
  0x9f, 0xfa, 0x40, 0x02, 0xcd, 0xb0, 0x00, 0xb3, 0x39, 0x40, 0x3f, 0xcb,
  0x33, 0xc0, 0x01, 0x66, 0xe0, 0x10, 0x00, 0x10, 0x70, 0x07, 0xfc, 0xde,
  0xa0, 0x1c, 0x4a, 0xc0, 0x1c, 0x94, 0x60, 0x01, 0xff, 0xf8, 0x00, 0x4e,
  0xfc, 0x00, 0x68, 0x8e, 0x00, 0xff, 0x27, 0xfe, 0x90, 0x00, 0xb3, 0x6c,
  0x00, 0x2c, 0xce, 0x50, 0x0f, 0xf2, 0xcc, 0xf0, 0x00, 0x59, 0xb8, 0x10,
  0x0e, 0x90, 0x70, 0x07, 0xe1, 0xff, 0xf8, 0x00, 0x4e, 0xfc, 0x00, 0x68,
  0x8e, 0x00, 0xff, 0x27, 0xfe, 0x90, 0x00, 0xb3, 0x6c, 0x00, 0x2c, 0xce,
  0x50, 0x0f, 0xf2, 0xcc, 0xf0, 0x00, 0x59, 0xb8, 0x7f, 0xfe, 0x00, 0x92,
  0xd0, 0x03, 0x89, 0x04, 0x00, 0x10, 0x0f, 0x90, 0x78, 0x07, 0xfd, 0x1e,
  0x60, 0x1d, 0xaa, 0x20, 0x1c, 0xb4, 0x40, 0x01, 0xff, 0xf6, 0x00, 0x09,
  0xdf, 0x50, 0x01, 0xa2, 0x33, 0x00, 0x7f, 0x93, 0xff, 0x30, 0x00, 0x59,
  0xb2, 0x80, 0x16, 0x67, 0x18, 0x07, 0xff, 0x30, 0x76, 0x80, 0x38, 0x14,
  0x0f, 0x94, 0x78, 0x07, 0xff, 0x0b, 0x3c, 0x03, 0xf5, 0xb0, 0x07, 0xc4,
  0x3e, 0x80, 0x1d, 0x3b, 0x32, 0xbd, 0x30, 0x04, 0xb1, 0xde, 0x41, 0x68,
  0x93, 0x16, 0x21, 0xbc, 0x0b, 0x20, 0x58, 0x06, 0x7d, 0x6e, 0x02, 0x00,
  0x12, 0xa9, 0xc8, 0x03, 0x96, 0xaa, 0x8d, 0x0c, 0x00, 0x3e, 0xe0, 0x0a,
  0x8b, 0x90, 0x00, 0xac, 0x3c, 0x2c, 0x36, 0x63, 0x1c, 0xd4, 0x16, 0xcd,
  0x9c, 0xdb, 0x00, 0x24, 0xcf, 0xef, 0x90, 0x00, 0x14, 0x00, 0x14, 0x70,
  0x07, 0xff, 0x00, 0xbe, 0x8b, 0xe4, 0x03, 0x1a, 0xe1, 0xae, 0x00, 0x46,
  0x6a, 0x61, 0xa4, 0x31, 0x16, 0x48, 0x06, 0x4c, 0x60, 0x0f, 0xfe, 0xa2,
  0x7f, 0xea, 0x00, 0xc2, 0xcd, 0x90, 0x03, 0x2c, 0xce, 0xe0, 0x0f, 0xfe,
  0xa0, 0x14, 0x00, 0x14, 0x70, 0x07, 0xff, 0x0b, 0x7c, 0x03, 0xf2, 0xb0,
  0x07, 0x19, 0x04, 0x48, 0x09, 0x80, 0xe4, 0x80, 0x69, 0xc4, 0x00, 0xff,
  0xea, 0x27, 0xfe, 0x70, 0x0c, 0x2c, 0xd8, 0xc0, 0x32, 0xcc, 0xe4, 0x00,
  0xff, 0xea, 0x00, 0x14, 0x0e, 0x94, 0x70, 0x19, 0x00, 0x61, 0x30, 0x1c,
  0x90, 0x0d, 0x38, 0x80, 0x1f, 0xfd, 0x44, 0xff, 0xce, 0x01, 0x85, 0x9b,
  0x18, 0x06, 0x59, 0x9c, 0x80, 0x1f, 0xfd, 0x41, 0xfb, 0x00, 0xd1, 0xe8,
  0x01, 0xa6, 0xc0, 0x3f, 0x2a, 0x80, 0x30, 0x09, 0xf0, 0x0a, 0x70, 0x07,
  0x4f, 0x8e, 0x77, 0xa8, 0xdb, 0xb5, 0x1b, 0x48, 0x26, 0x40, 0x07, 0xff,
  0x88, 0x09, 0xf0, 0x0a, 0x80, 0x04, 0xe8, 0x00, 0x79, 0x50, 0x00, 0xe8,
  0xcf, 0xbc, 0x77, 0xa0, 0x9a, 0x35, 0x9c, 0xd0, 0x26, 0x40, 0x07, 0xff,
  0x88, 0x08, 0x00, 0x06, 0x70, 0x04, 0x3f, 0x62, 0xb8, 0x12, 0xa3, 0x92,
  0x01, 0xff, 0xcf, 0x08, 0x0e, 0x86, 0x70, 0x19, 0x0e, 0x48, 0x07, 0xff,
  0x3c, 0x7e, 0xc2, 0xe0, 0x10, 0x80, 0x12, 0x0e, 0x94, 0x70, 0x19, 0x00,
  0x62, 0x30, 0x1c, 0x90, 0x0a, 0x36, 0x40, 0x3c, 0xee, 0x3a, 0x00, 0xe5,
  0x82, 0xd0, 0x0e, 0x3a, 0x1c, 0x10, 0x0c, 0xda, 0x0e, 0x20, 0x1c, 0x40,
  0x4c, 0x60, 0x1e, 0xdf, 0x0d, 0x00, 0xe4, 0x32, 0x81, 0x90, 0x0f, 0x9c,
  0xd9, 0x00, 0x3e, 0xe0, 0xa1, 0x17, 0xd8, 0x04, 0x5f, 0xc2, 0x01, 0xad,
  0xc0, 0x3e, 0x14, 0xd0, 0x0c, 0x10, 0x0e, 0x90, 0x70, 0x19, 0x00, 0x70,
  0xe4, 0x80, 0x7f, 0xfc, 0xd6, 0x67, 0x20, 0x00, 0x59, 0xb1, 0x8f, 0xff,
  0x9c, 0x02, 0x9b, 0x00, 0xf2, 0xa8, 0x02, 0x11, 0xfe, 0x92, 0x80, 0xf7,
  0x56, 0x01, 0x86, 0xaa, 0x80, 0x0e, 0x47, 0x63, 0x00, 0xe1, 0xc9, 0x00,
  0xff, 0xfd, 0xac, 0xce, 0x40, 0x08, 0x59, 0xb1, 0x80, 0xff, 0xf9, 0xc0,
  0x34, 0xd8, 0x07, 0xca, 0xa0, 0x08, 0x18, 0x00, 0x18, 0x70, 0x07, 0xff,
  0x16, 0xfc, 0x40, 0x3f, 0xb1, 0x44, 0x03, 0x8c, 0xc2, 0x0f, 0x40, 0x03,
  0x30, 0x8b, 0x31, 0x40, 0x19, 0xb3, 0x0e, 0x01, 0x20, 0x80, 0x54, 0x01,
  0xc4, 0x0c, 0x00, 0x13, 0x20, 0x0c, 0xe3, 0x40, 0x06, 0x04, 0x00, 0xc2,
  0xc4, 0x61, 0x43, 0x80, 0x1d, 0x61, 0x64, 0x46, 0x00, 0xf1, 0x93, 0x28,
  0x58, 0x07, 0xd4, 0x32, 0x46, 0x01, 0xf3, 0x00, 0xd0, 0x07, 0xe1, 0x40,
  0x60, 0x0c, 0x18, 0x0e, 0x98, 0x70, 0x19, 0x84, 0x03, 0x8c, 0xc2, 0x2c,
  0xc5, 0x00, 0x66, 0xcc, 0x38, 0x04, 0x82, 0x01, 0x50, 0x07, 0x10, 0x30,
  0x00, 0x4c, 0x80, 0x33, 0x8d, 0x00, 0x18, 0x10, 0x03, 0x0b, 0x11, 0x85,
  0x0e, 0x00, 0x75, 0x85, 0x91, 0x18, 0x03, 0xc6, 0x4c, 0xa1, 0x60, 0x1f,
  0x50, 0xc9, 0x18, 0x07, 0xcc, 0x03, 0x40, 0x1f, 0x85, 0x01, 0x80, 0x30,
  0xfd, 0x80, 0x2f, 0xc4, 0x17, 0xd8, 0x03, 0xa2, 0xc0, 0x3f, 0xc4, 0x82,
  0x01, 0x80, 0x14, 0x00, 0x14, 0x70, 0x07, 0xff, 0x0b, 0x3c, 0x03, 0xf5,
  0xa8, 0x07, 0x19, 0x03, 0xd0, 0x09, 0x88, 0xb3, 0x50, 0x02, 0x6c, 0x40,
  0x0a, 0x80, 0x3f, 0x08, 0xa4, 0x03, 0xe5, 0x46, 0x30, 0x0f, 0xa4, 0x38,
  0x03, 0xe2, 0x82, 0x70, 0x0f, 0x9c, 0xa3, 0x80, 0x3e, 0xe0, 0x60, 0x0f,
  0x8d, 0x80, 0x3f, 0xa4, 0x40, 0x00, 0x14, 0x0e, 0x94, 0x70, 0x19, 0x00,
  0x61, 0x31, 0x16, 0x6a, 0x00, 0x4d, 0x88, 0x01, 0x50, 0x07, 0xe1, 0x14,
  0x80, 0x7c, 0xa8, 0xc6, 0x01, 0xf4, 0x87, 0x00, 0x7c, 0x50, 0x4e, 0x01,
  0xf3, 0x94, 0x70, 0x07, 0xdc, 0x0c, 0x01, 0xf1, 0xb0, 0x07, 0xf4, 0x88,
  0x00, 0x7e, 0xc0, 0x37, 0x7a, 0x80, 0x68, 0xb0, 0x0f, 0xc6, 0x80, 0x18,
  0x14, 0x0e, 0x94, 0x88, 0x06, 0x34, 0x00, 0xf9, 0x32, 0x60, 0x03, 0xdb,
  0x5e, 0x44, 0x00, 0xeb, 0x34, 0xe2, 0x00, 0xd3, 0xb3, 0x2b, 0xd2, 0x00,
  0x4b, 0x25, 0xe3, 0x96, 0x01, 0x31, 0x5a, 0x1c, 0x40, 0x5d, 0x02, 0xc0,
  0x33, 0x05, 0xf0, 0x10, 0x06, 0x11, 0x10, 0x07, 0xe1, 0x3d, 0x0c, 0x00,
  0xc4, 0x0c, 0xa0, 0xc4, 0x01, 0x48, 0x70, 0x50, 0xec, 0xc6, 0xa2, 0xa8,
  0x16, 0xcd, 0x9c, 0xde, 0x80, 0x24, 0xcf, 0xee, 0x40, 0x07, 0xa2, 0x80,
  0x3f, 0x1a, 0x00, 0x60, 0x14, 0x0f, 0x96, 0x78, 0x07, 0xff, 0x04, 0x7e,
  0xc7, 0xe4, 0x03, 0x85, 0x70, 0x57, 0xc0, 0x3d, 0x02, 0xdc, 0xc0, 0x1d,
  0x3b, 0x32, 0xbe, 0x30, 0x0a, 0x58, 0xef, 0x60, 0x70, 0x80, 0x58, 0xb1,
  0x09, 0xe8, 0x2c, 0x1c, 0x2c, 0x03, 0x28, 0xb8, 0x70, 0x10, 0x07, 0x10,
  0x80, 0x7f, 0xf0, 0x34, 0x30, 0x03, 0x8c, 0x81, 0x45, 0xc8, 0x02, 0x90,
  0xa0, 0x05, 0x86, 0xcc, 0x63, 0x1b, 0x80, 0x16, 0xcd, 0x9c, 0xdb, 0x00,
  0x32, 0x67, 0xf7, 0xc8, 0x04, 0x14, 0x0f, 0x94, 0x80, 0x05, 0x9f, 0xf0,
  0x80, 0x76, 0xf7, 0x34, 0x40, 0x31, 0x74, 0xae, 0xb0, 0x06, 0x34, 0xe7,
  0x42, 0x00, 0xc3, 0x20, 0xbe, 0x80, 0x1a, 0x76, 0x65, 0x7a, 0x40, 0x09,
  0x64, 0xbc, 0x72, 0xf0, 0x26, 0x2b, 0x43, 0x87, 0x27, 0x40, 0xb0, 0x0d,
  0x21, 0x7c, 0x04, 0x01, 0x84, 0x04, 0x03, 0xfd, 0xa1, 0x80, 0x18, 0xc1,
  0xd4, 0x18, 0x80, 0x28, 0x0e, 0x0a, 0x1c, 0x98, 0xd4, 0x54, 0x05, 0xb3,
  0x67, 0x38, 0xa0, 0x09, 0x37, 0xfb, 0x8e, 0x00, 0x14, 0x0f, 0x94, 0x78,
  0x07, 0xff, 0x0a, 0xfc, 0x03, 0xf6, 0x28, 0x07, 0xc4, 0x38, 0x80, 0x1d,
  0x3b, 0x32, 0xbd, 0x20, 0x04, 0xb2, 0x5e, 0x39, 0x60, 0x13, 0x15, 0xa1,
  0xc4, 0x05, 0xd0, 0x2c, 0x03, 0x30, 0x5f, 0x01, 0x00, 0x61, 0x11, 0x00,
  0x7e, 0x13, 0xd0, 0xc0, 0x0c, 0x40, 0xca, 0x0c, 0x40, 0x14, 0x87, 0x05,
  0x0e, 0xcc, 0x6a, 0x2a, 0x81, 0x6c, 0xd9, 0xcd, 0xe8, 0x02, 0x4c, 0xfe,
  0xe4, 0x00, 0x00, 0x14, 0x0e, 0x94, 0x70, 0x04, 0x4c, 0xc4, 0x00, 0xe9,
  0xd9, 0x95, 0xe9, 0x00, 0x25, 0x92, 0xf1, 0xcb, 0x00, 0x98, 0xad, 0x0e,
  0x20, 0x2e, 0x81, 0x60, 0x19, 0x82, 0xf8, 0x08, 0x03, 0x08, 0x88, 0x03,
  0xf0, 0x9e, 0x86, 0x00, 0x62, 0x06, 0x50, 0x62, 0x00, 0xa4, 0x38, 0x28,
  0x76, 0x63, 0x51, 0x54, 0x0b, 0x66, 0xce, 0x6f, 0x40, 0x12, 0x67, 0xf7,
  0x20, 0x03, 0xd1, 0x40, 0x1f, 0x8d, 0x00, 0x30, 0x14, 0x0e, 0x94, 0x78,
  0x07, 0xea, 0xd0, 0x08, 0x99, 0xd9, 0x58, 0xc0, 0x13, 0xb3, 0x13, 0x45,
  0x21, 0x2c, 0x97, 0x8e, 0x00, 0x72, 0x62, 0xb4, 0x38, 0x71, 0x74, 0x0b,
  0x00, 0xd2, 0x17, 0xc0, 0x40, 0x18, 0x40, 0x80, 0x3f, 0x8f, 0x43, 0x00,
  0x31, 0x83, 0xa8, 0x31, 0x00, 0x50, 0x1c, 0x14, 0x39, 0x31, 0xa8, 0xa8,
  0x0b, 0x66, 0xce, 0x71, 0x40, 0x12, 0x6f, 0xf7, 0x1c, 0x03, 0xd1, 0x40,
  0x1f, 0x8d, 0x00, 0x30, 0x14, 0x0f, 0x94, 0x88, 0x04, 0x62, 0x23, 0x00,
  0xe1, 0xc6, 0x9c, 0x10, 0x0c, 0x34, 0xb5, 0x41, 0x00, 0xec, 0xe7, 0x92,
  0x00, 0xe3, 0x8f, 0x42, 0x00, 0xe8, 0x2c, 0xc0, 0x07, 0x4e, 0xcc, 0xaf,
  0x48, 0x01, 0x2c, 0x97, 0x8e, 0x5e, 0x04, 0xc5, 0x68, 0x70, 0xe4, 0xe8,
  0x16, 0x01, 0xa4, 0x2f, 0x80, 0x80, 0x30, 0x80, 0x80, 0x7f, 0xb4, 0x30,
  0x03, 0x18, 0x3a, 0x83, 0x10, 0x05, 0x01, 0xc1, 0x43, 0x93, 0x1a, 0x8a,
  0x80, 0xb6, 0x6c, 0xe7, 0x14, 0x01, 0x26, 0xff, 0x71, 0xc0, 0x00, 0x12,
  0x0f, 0x92, 0x78, 0x07, 0xff, 0x01, 0xfd, 0x40, 0x3c, 0x6a, 0xc0, 0x1e,
  0x4a, 0x30, 0x08, 0x7f, 0xfa, 0xcc, 0x02, 0x27, 0x72, 0xa6, 0x08, 0x01,
  0xa2, 0x15, 0x00, 0xc0, 0x1e, 0x30, 0xf0, 0x0e, 0x28, 0x0c, 0x00, 0x27,
  0xfb, 0x4d, 0x90, 0x00, 0x51, 0x09, 0xd9, 0x00, 0x99, 0xdc, 0xc4, 0x01,
  0xff, 0xc8, 0x1d, 0xa0, 0x0f, 0x00, 0x12, 0x0f, 0x92, 0x78, 0x07, 0xff,
  0x01, 0x7d, 0xc0, 0x3c, 0xca, 0x60, 0x1e, 0x3a, 0x40, 0x08, 0x7f, 0xfa,
  0xcc, 0x02, 0x28, 0x83, 0x26, 0x08, 0x01, 0x9d, 0xd3, 0x20, 0x60, 0x0f,
  0x10, 0x78, 0x07, 0x14, 0x06, 0x00, 0x13, 0xfd, 0xa6, 0xe8, 0x00, 0x28,
  0x80, 0x14, 0x00, 0x4c, 0xee, 0x52, 0x50, 0x0f, 0x40, 0x40, 0x07, 0x89,
  0x89, 0x87, 0x68, 0x02, 0x9d, 0x70, 0x12, 0x0e, 0x92, 0x70, 0x07, 0xf0,
  0xff, 0xf5, 0x98, 0x04, 0x51, 0x06, 0x4c, 0x10, 0x03, 0x3b, 0xa6, 0x40,
  0xc0, 0x1e, 0x20, 0xf0, 0x0e, 0x28, 0x0c, 0x00, 0x27, 0xfb, 0x4d, 0xd0,
  0x00, 0x51, 0x00, 0x28, 0x00, 0x99, 0xdc, 0xc4, 0xa0, 0x1e, 0x80, 0x80,
  0x0f, 0x0b, 0x13, 0x0e, 0xd0, 0x05, 0x3a, 0xe0, 0x42, 0x76, 0xa0, 0x42,
  0x01, 0x3a, 0x10, 0x04, 0x12, 0x0e, 0x92, 0x80, 0x01, 0x7b, 0xa7, 0x00,
  0xc9, 0x55, 0x28, 0x06, 0x14, 0x48, 0x80, 0x03, 0xff, 0xd6, 0x60, 0x11,
  0x44, 0x19, 0x30, 0x40, 0x0c, 0xee, 0x99, 0x03, 0x00, 0x78, 0x83, 0xc0,
  0x38, 0xa0, 0x30, 0x00, 0x9f, 0xed, 0x37, 0x40, 0x01, 0x44, 0x00, 0xa0,
  0x02, 0x67, 0x73, 0x12, 0x80, 0x7a, 0x02, 0x00, 0x3c, 0x2c, 0x4c, 0x3b,
  0x40, 0x14, 0xeb, 0x81, 0x09, 0xda, 0x81, 0x08, 0x04, 0xe8, 0x40, 0x10,
  0x12, 0x0f, 0x92, 0x88, 0x07, 0xff, 0x02, 0x7c, 0x40, 0x38, 0x71, 0xcc,
  0x40, 0x34, 0xcb, 0x74, 0x40, 0x1a, 0x1e, 0x2c, 0xc0, 0x3b, 0xe1, 0xc0,
  0x32, 0xfd, 0xd6, 0x69, 0x00, 0xd0, 0xd6, 0xc1, 0x70, 0x28, 0x4a, 0x93,
  0xb0, 0x83, 0x04, 0xa8, 0x02, 0x74, 0x0a, 0x06, 0xbf, 0x1c, 0x02, 0x7e,
  0x95, 0x28, 0xd0, 0x35, 0x06, 0xae, 0x52, 0x44, 0x53, 0x00, 0x44, 0x02,
  0xc1, 0x12, 0xd2, 0xe2, 0x83, 0x88, 0xd2, 0xc7, 0x82, 0x07, 0x7f, 0xdf,
  0x84, 0x00, 0x12, 0x0f, 0x92, 0x78, 0x07, 0xff, 0x02, 0xfc, 0x40, 0x3d,
  0x8a, 0x20, 0x1e, 0x3f, 0x30, 0x0c, 0xbf, 0x75, 0x9a, 0x40, 0x34, 0x37,
  0xb0, 0x5c, 0x0a, 0x12, 0x84, 0xec, 0x20, 0xc1, 0x4a, 0x00, 0x9d, 0x02,
  0x82, 0xaf, 0xc7, 0x00, 0x9f, 0xa5, 0x4a, 0x30, 0x0d, 0x41, 0xab, 0x94,
  0xd1, 0x14, 0xc0, 0x11, 0x00, 0xb0, 0x44, 0xb4, 0xb8, 0xa0, 0xe2, 0x34,
  0xb1, 0xe0, 0x81, 0xdf, 0xf7, 0xe1, 0x00, 0x12, 0x0e, 0x92, 0x70, 0x04,
  0x8a, 0x60, 0x19, 0x7e, 0xeb, 0x34, 0x80, 0x68, 0x6f, 0x60, 0xb8, 0x14,
  0x25, 0x09, 0xd8, 0x41, 0x82, 0x94, 0x01, 0x3a, 0x05, 0x05, 0x5f, 0x8e,
  0x01, 0x3f, 0x4a, 0x94, 0x60, 0x1a, 0x83, 0x57, 0x29, 0xa2, 0x29, 0x80,
  0x22, 0x01, 0x60, 0x89, 0x69, 0x71, 0x41, 0xc4, 0x69, 0x63, 0xc1, 0x03,
  0xbf, 0xef, 0xc2, 0x00, 0xcf, 0x42, 0x01, 0xed, 0x40, 0x0c, 0x12, 0x0e,
  0x92, 0x88, 0x07, 0xff, 0x02, 0xfc, 0x40, 0x3d, 0x8a, 0x20, 0x1e, 0x3f,
  0x30, 0x0c, 0xbf, 0x75, 0x9a, 0x40, 0x34, 0x37, 0xb0, 0x5c, 0x0a, 0x12,
  0x84, 0xec, 0x20, 0xc1, 0x4a, 0x00, 0x9d, 0x02, 0x82, 0xaf, 0xc7, 0x00,
  0x9f, 0xa5, 0x4a, 0x30, 0x0d, 0x41, 0xab, 0x94, 0xd1, 0x14, 0xc0, 0x11,
  0x00, 0xb0, 0x44, 0xb4, 0xb8, 0xa0, 0xe2, 0x34, 0xb1, 0xe0, 0x81, 0xdf,
  0xf7, 0xe1, 0x00, 0x67, 0xa1, 0x00, 0xf6, 0xa0, 0x06, 0x12, 0x0f, 0x92,
  0x78, 0x07, 0xff, 0x02, 0xfc, 0x40, 0x3d, 0x8a, 0x20, 0x1e, 0x7a, 0x00,
  0xdd, 0xff, 0xf1, 0xcb, 0xb8, 0x81, 0xde, 0x27, 0x88, 0x30, 0x4c, 0x40,
  0x40, 0x3f, 0xfe, 0xd5, 0xa2, 0x01, 0x00, 0x12, 0x0e, 0x92, 0x70, 0x07,
  0xf7, 0x7f, 0xfc, 0x72, 0xee, 0x20, 0x77, 0x89, 0xe2, 0x0c, 0x13, 0x10,
  0x10, 0x0f, 0xff, 0xb5, 0x68, 0x80, 0x7a, 0x64, 0x01, 0xf1, 0x20, 0x06,
  0x14, 0x0f, 0x92, 0x78, 0x07, 0xfc, 0x7e, 0xb3, 0xe2, 0x01, 0x0a, 0xb6,
  0x28, 0x80, 0x04, 0xe8, 0xd6, 0x84, 0x6e, 0xa0, 0x0d, 0x9c, 0x01, 0xff,
  0xea, 0x11, 0x20, 0x80, 0x0c, 0x8c, 0x24, 0x3e, 0x27, 0x42, 0x41, 0xe0,
  0x1d, 0x82, 0x54, 0x00, 0xfd, 0xd9, 0x80, 0x14, 0x0f, 0x92, 0x88, 0x07,
  0x32, 0x80, 0x78, 0xe5, 0x80, 0x3c, 0xf6, 0x60, 0x18, 0xfc, 0x77, 0xc4,
  0x02, 0x14, 0x6e, 0x41, 0x00, 0x20, 0x59, 0xbd, 0x99, 0x86, 0xe4, 0x03,
  0x76, 0x00, 0x7f, 0xf8, 0x44, 0x03, 0xc6, 0x20, 0x28, 0x20, 0x03, 0x12,
  0x09, 0x0f, 0x89, 0xc0, 0x80, 0x78, 0x07, 0x62, 0xa4, 0x00, 0x3f, 0x75,
  0xaa, 0x00, 0x14, 0x0e, 0x92, 0x70, 0x19, 0x00, 0x62, 0x31, 0xc9, 0x00,
  0xdf, 0x80, 0x1f, 0xfe, 0x11, 0x00, 0xf8, 0x40, 0x50, 0x40, 0x06, 0x44,
  0x09, 0x0f, 0x89, 0xc0, 0x90, 0x78, 0x07, 0x62, 0xa5, 0x00, 0x3f, 0x75,
  0xaa, 0x01, 0x15, 0x93, 0xd8, 0x06, 0x14, 0x6f, 0x41, 0x00, 0x14, 0x0f,
  0x92, 0x88, 0x04, 0xa0, 0x4a, 0x01, 0xd9, 0x5e, 0x60, 0x1d, 0x27, 0x6c,
  0x01, 0x8f, 0xf3, 0xfc, 0x20, 0x10, 0xa3, 0x72, 0x08, 0x01, 0x02, 0xcd,
  0xec, 0xcc, 0x37, 0x20, 0x1b, 0xb0, 0x03, 0xff, 0xc2, 0x20, 0x1e, 0x31,
  0x01, 0x41, 0x00, 0x18, 0x90, 0x48, 0x7c, 0x4e, 0x04, 0x03, 0xc0, 0x3b,
  0x15, 0x20, 0x01, 0xfb, 0xad, 0x50, 0x14, 0x0f, 0x92, 0x88, 0x04, 0xc6,
  0x01, 0xf0, 0xf0, 0x07, 0xcf, 0x64, 0x01, 0xc7, 0xe7, 0x7e, 0x20, 0x10,
  0xa3, 0x7a, 0x08, 0x01, 0x02, 0xcd, 0xac, 0xd0, 0x6e, 0x40, 0x37, 0x58,
  0x07, 0xff, 0x84, 0x40, 0x3e, 0x10, 0x14, 0x10, 0x01, 0x91, 0x02, 0x43,
  0xe2, 0x70, 0x24, 0x1e, 0x01, 0xd8, 0xa9, 0x40, 0x0f, 0xdd, 0x6a, 0x80,
  0x14, 0x0f, 0x92, 0x80, 0x05, 0xbd, 0xca, 0x00, 0xef, 0xcc, 0x40, 0x06,
  0x3d, 0x7b, 0xd1, 0x00, 0x85, 0x1b, 0x90, 0x40, 0x08, 0x16, 0x6f, 0x66,
  0x61, 0xb9, 0x00, 0xdd, 0x80, 0x1f, 0xfe, 0x11, 0x00, 0xf1, 0x88, 0x0a,
  0x08, 0x00, 0xc4, 0x82, 0x43, 0xe2, 0x70, 0x20, 0x1e, 0x01, 0xd8, 0xa9,
  0x00, 0x0f, 0xdd, 0x6a, 0x80, 0x14, 0x0e, 0x94, 0x70, 0x19, 0x00, 0x62,
  0x30, 0x1c, 0x90, 0x0d, 0x78, 0x40, 0x1f, 0xfe, 0x61, 0x00, 0xf1, 0x80,
  0x42, 0x82, 0x00, 0x14, 0x02, 0x09, 0x0f, 0x88, 0x78, 0xb8, 0x01, 0xe4,
  0x1d, 0xc1, 0x10, 0x00, 0x9b, 0xbb, 0x38, 0x07, 0xa2, 0xc0, 0x3f, 0x2a,
  0x00, 0x60, 0x14, 0x0e, 0x96, 0x78, 0x07, 0xe4, 0xd3, 0x03, 0x20, 0x0c,
  0x46, 0x40, 0x39, 0x20, 0x1a, 0x60, 0xc8, 0x03, 0xfb, 0x44, 0x03, 0xff,
  0xc0, 0x20, 0x1f, 0x84, 0x00, 0x28, 0x20, 0x01, 0x41, 0x00, 0xa4, 0x3e,
  0x21, 0xe1, 0x20, 0x13, 0xc0, 0x3b, 0x82, 0x5c, 0x03, 0x3f, 0x76, 0x60,
  0x0f, 0xa2, 0xc0, 0x3f, 0x95, 0x00, 0x38, 0x14, 0x0f, 0x94, 0x88, 0x00,
  0x58, 0x8d, 0x80, 0x38, 0xa5, 0x2e, 0x44, 0x03, 0x1e, 0x3c, 0xe0, 0x80,
  0x77, 0xe6, 0x3c, 0x03, 0xd1, 0x14, 0x80, 0x66, 0x44, 0x2a, 0xc8, 0xc0,
  0x33, 0xe0, 0x1b, 0xa4, 0x80, 0x3f, 0xfc, 0xc2, 0x0e, 0x01, 0x84, 0x0c,
  0x04, 0xc8, 0x00, 0x28, 0x22, 0x08, 0x0c, 0x88, 0x78, 0x48, 0x01, 0xa4,
  0x1d, 0xc1, 0x0e, 0x01, 0x37, 0x76, 0x70, 0x00, 0x14, 0x0e, 0x94, 0x71,
  0x10, 0x03, 0x84, 0x86, 0x35, 0x00, 0x34, 0x6a, 0x78, 0x68, 0x06, 0x71,
  0x55, 0x0b, 0x80, 0x48, 0x2e, 0x00, 0x71, 0x40, 0x06, 0x86, 0x80, 0x34,
  0x38, 0x00, 0xe2, 0x80, 0x04, 0x15, 0x04, 0x16, 0x00, 0xcc, 0x09, 0xa1,
  0x60, 0x1a, 0x83, 0x50, 0x8c, 0x03, 0x11, 0x18, 0x94, 0x03, 0xd4, 0x00,
  0xa0, 0x0f, 0x3f, 0xf8, 0x80, 0x3e, 0xb8, 0x00, 0xfc, 0x84, 0x01, 0x80,
  0x1d, 0xff, 0x9e, 0x78, 0x07, 0xff, 0x22, 0x7c, 0x73, 0x80, 0x3f, 0xde,
  0xa3, 0x6e, 0x01, 0xe1, 0x00, 0x9a, 0x85, 0xe4, 0x02, 0x10, 0x07, 0x70,
  0x02, 0x7e, 0xc0, 0x0a, 0x79, 0x01, 0x04, 0x80, 0x18, 0x06, 0x01, 0x20,
  0x20, 0x68, 0x20, 0x01, 0x04, 0x10, 0x04, 0x90, 0x00, 0x81, 0x80, 0x61,
  0x21, 0x80, 0x81, 0x80, 0x02, 0x14, 0x04, 0x05, 0x24, 0x0c, 0x04, 0x00,
  0x9c, 0x4b, 0x04, 0x90, 0xc1, 0x04, 0xc0, 0x2c, 0x04, 0x48, 0x30, 0x14,
  0x90, 0x03, 0x20, 0x50, 0x78, 0x20, 0x48, 0x60, 0x06, 0x13, 0x30, 0x20,
  0x09, 0x98, 0x1c, 0x03, 0x90, 0x08, 0x40, 0x08, 0x04, 0x20, 0x1d, 0x1d,
  0x80, 0x14, 0x76, 0x00, 0x40, 0x1c, 0x0f, 0x9c, 0x78, 0x07, 0xff, 0x23,
  0xf0, 0x03, 0xff, 0x80, 0xb6, 0x01, 0xe1, 0x10, 0x06, 0xb6, 0x00, 0xc2,
  0x1b, 0xc4, 0x00, 0x3e, 0xe0, 0x04, 0xdc, 0xf6, 0x08, 0x00, 0x40, 0x01,
  0x80, 0x30, 0x11, 0x01, 0x80, 0x0c, 0x10, 0x40, 0x02, 0x09, 0x98, 0x50,
  0x00, 0x8e, 0x38, 0x04, 0x28, 0x00, 0x41, 0x12, 0x07, 0xa2, 0x01, 0x03,
  0x00, 0x18, 0x09, 0x80, 0xfe, 0x07, 0x80, 0x80, 0x04, 0x0c, 0x42, 0x14,
  0x04, 0x72, 0x20, 0x00, 0x88, 0xa6, 0x80, 0x25, 0x64, 0x80, 0x19, 0x0c,
  0x30, 0x00, 0x86, 0x18, 0x01, 0xb0, 0x00, 0x80, 0x0c, 0x00, 0x20, 0x06,
  0x5e, 0xe0, 0x80, 0x17, 0xb8, 0x20, 0x00, 0x1c, 0x0e, 0x9c, 0x71, 0x10,
  0x03, 0x11, 0x00, 0x31, 0x0c, 0xe9, 0x00, 0x13, 0x74, 0x01, 0x36, 0xb6,
  0x02, 0x00, 0x30, 0x00, 0x60, 0x0c, 0x04, 0x40, 0x60, 0x01, 0x04, 0x10,
  0x00, 0x82, 0x66, 0x14, 0x00, 0x1b, 0x96, 0x01, 0x0a, 0x00, 0x10, 0x49,
  0x03, 0x11, 0x00, 0x81, 0x80, 0x0c, 0x04, 0xc0, 0x4c, 0x03, 0xc0, 0x70,
  0x03, 0x87, 0xa1, 0x0a, 0x02, 0x39, 0x08, 0x00, 0x49, 0x0d, 0x40, 0x4a,
  0xc9, 0x00, 0x32, 0x10, 0x60, 0x01, 0x4c, 0x34, 0x03, 0x68, 0x01, 0x00,
  0x18, 0x00, 0x40, 0x0c, 0x9f, 0xe0, 0x09, 0x3f, 0xc0, 0x1f, 0xd7, 0x00,
  0x1f, 0xfc, 0x04, 0x30, 0x0f, 0x00, 0x14, 0x00, 0x14, 0x70, 0x07, 0xff,
  0x02, 0x7c, 0x73, 0x80, 0x3b, 0xd4, 0x6d, 0xc0, 0x21, 0x37, 0xa0, 0x79,
  0x22, 0x02, 0xe6, 0x80, 0x4d, 0xb6, 0x08, 0xc6, 0xe0, 0x52, 0x52, 0x00,
  0x92, 0x82, 0xe0, 0xe0, 0x0d, 0xc1, 0x86, 0xe6, 0x01, 0x8d, 0x84, 0x50,
  0x01, 0xe5, 0x01, 0x30, 0x0e, 0x83, 0x60, 0xe0, 0x0c, 0x8e, 0x73, 0x05,
  0x20, 0x01, 0xa0, 0xe0, 0x73, 0x64, 0x0b, 0x19, 0x20, 0x07, 0x05, 0x08,
  0x14, 0x00, 0x14, 0x70, 0x07, 0xff, 0x04, 0x7e, 0xc0, 0x3e, 0x15, 0xd0,
  0x0c, 0x26, 0x21, 0x4c, 0x04, 0x60, 0x79, 0xe2, 0x00, 0x4d, 0x80, 0x29,
  0x1b, 0x01, 0xa1, 0xa0, 0x03, 0x22, 0xa4, 0x0d, 0x88, 0x05, 0x41, 0x4c,
  0xaa, 0x00, 0xc3, 0x22, 0x16, 0x01, 0xec, 0x00, 0x20, 0x07, 0x32, 0xa8,
  0x68, 0x40, 0x22, 0x92, 0xab, 0x0a, 0x00, 0xb8, 0x38, 0x15, 0x48, 0xc0,
  0xe6, 0xe6, 0x00, 0xb1, 0x92, 0x12, 0x0f, 0x94, 0x78, 0x07, 0xff, 0x02,
  0x7c, 0x73, 0x80, 0x3b, 0xd4, 0x6d, 0xc0, 0x21, 0x13, 0x50, 0x3c, 0x80,
  0x85, 0xf3, 0x00, 0x45, 0xfe, 0x0b, 0x08, 0x10, 0x04, 0x05, 0x80, 0xc8,
  0xc0, 0x1a, 0x9a, 0x80, 0x18, 0x98, 0xfc, 0x38, 0x03, 0x70, 0x69, 0xb1,
  0x00, 0x63, 0x51, 0x14, 0x00, 0x7a, 0x41, 0xc4, 0x03, 0xff, 0xb0, 0x7d,
  0x00, 0x18, 0x12, 0x0f, 0x94, 0x78, 0x07, 0xff, 0x04, 0x7e, 0xc0, 0x3e,
  0x15, 0xd0, 0x0c, 0x22, 0x00, 0x53, 0x00, 0x04, 0x1b, 0xa4, 0x03, 0x77,
  0x09, 0xc9, 0x88, 0x01, 0x03, 0x04, 0x12, 0x12, 0x04, 0xe4, 0xe0, 0x04,
  0x54, 0x58, 0x09, 0x00, 0xd6, 0x16, 0xa8, 0x80, 0x0c, 0x30, 0x21, 0x20,
  0x1e, 0x60, 0x42, 0x00, 0xff, 0xec, 0x0f, 0x50, 0x06, 0x12, 0x0e, 0x94,
  0x70, 0x90, 0x07, 0x09, 0x03, 0x6d, 0x00, 0x43, 0xfa, 0x2e, 0x4a, 0x60,
  0x08, 0x18, 0x10, 0xe0, 0xf0, 0x26, 0x27, 0x00, 0x1a, 0x9a, 0xc8, 0x48,
  0x06, 0xb0, 0xa4, 0x54, 0x00, 0xc3, 0x00, 0x0b, 0x00, 0xf3, 0x02, 0x08,
  0x07, 0xff, 0x60, 0x7e, 0xc0, 0x3f, 0x5c, 0x00, 0x7c, 0x28, 0x40, 0x18,
  0x12, 0x00, 0x12, 0x70, 0x07, 0xff, 0x02, 0xfc, 0x40, 0x3d, 0x8a, 0x20,
  0x1e, 0x7a, 0x00, 0xd5, 0xff, 0xf1, 0x7b, 0xbe, 0x50, 0x13, 0x58, 0x8a,
  0x5c, 0x28, 0x40, 0x35, 0x14, 0xa0, 0x06, 0x84, 0x66, 0x00, 0x65, 0x73,
  0x90, 0x0c, 0x74, 0x3a, 0x01, 0x87, 0x43, 0x44, 0x03, 0x50, 0x9d, 0x4c,
  0xe1, 0x60, 0x36, 0x6e, 0x20, 0x12, 0x0e, 0x92, 0x70, 0x07, 0xf5, 0x7f,
  0xfc, 0x5e, 0xef, 0x94, 0x04, 0xd6, 0x22, 0x97, 0x0a, 0x10, 0x0d, 0x45,
  0x28, 0x01, 0xa1, 0x19, 0x80, 0x19, 0x5c, 0xe4, 0x03, 0x1d, 0x0e, 0x80,
  0x61, 0xd0, 0xd1, 0x00, 0xd4, 0x27, 0x53, 0x38, 0x58, 0x0d, 0x9b, 0x8b,
  0x7f, 0xfe, 0x30, 0x0a, 0x2c, 0x03, 0xe2, 0x40, 0x0c, 0x14, 0x0f, 0x94,
  0x78, 0x07, 0xff, 0x0b, 0x3c, 0x03, 0xf5, 0xa8, 0x07, 0xc4, 0x38, 0x80,
  0x1d, 0x3b, 0x32, 0xbd, 0x30, 0x04, 0xb2, 0x5e, 0x41, 0x68, 0x93, 0x15,
  0xa1, 0xbc, 0x0b, 0x20, 0x58, 0x06, 0x7d, 0x6e, 0x02, 0x00, 0x12, 0xa9,
  0xc8, 0x03, 0x96, 0xaa, 0x8d, 0x0c, 0x00, 0x3e, 0xe0, 0x01, 0x45, 0xc8,
  0x00, 0x54, 0x01, 0x58, 0x6c, 0xc6, 0x30, 0x80, 0x16, 0xc9, 0x9c, 0xa9,
  0xc0, 0x24, 0xdf, 0xee, 0x2c, 0xd8, 0x0a, 0x00, 0x0a, 0x70, 0x07, 0x57,
  0x86, 0x76, 0x28, 0x5b, 0xb5, 0x03, 0xcc, 0x7f, 0xd9, 0x6c, 0x07, 0x27,
  0xa0, 0x8a, 0x01, 0xff, 0xcd, 0x4e, 0x04, 0x6c, 0x50, 0x3a, 0x0a, 0x00,
  0x0a, 0x80, 0x04, 0xe6, 0x00, 0x79, 0x20, 0x00, 0xe8, 0xcf, 0xb4, 0x77,
  0x10, 0x0d, 0x1e, 0xc2, 0x2a, 0x3f, 0xec, 0xb6, 0x03, 0x93, 0xd0, 0x45,
  0x00, 0xff, 0xe6, 0xa7, 0x02, 0x36, 0x28, 0x1d, 0x00, 0x0a, 0x00, 0x0a,
  0x70, 0x07, 0x87, 0xec, 0x00, 0x2b, 0x80, 0x15, 0x38, 0x2f, 0xfe, 0x78,
  0x02, 0x82, 0x60, 0x67, 0x00, 0xff, 0xe6, 0x94, 0x83, 0x3b, 0xc0, 0x50,
  0x0a, 0x0e, 0x8a, 0x70, 0x07, 0x2f, 0xfe, 0x78, 0x02, 0x82, 0x60, 0x67,
  0x00, 0xff, 0xe6, 0x94, 0x83, 0x3b, 0xc0, 0x50, 0xbf, 0xf8, 0x01, 0x70,
  0x01, 0x21, 0x00, 0x10, 0x0e, 0x8e, 0x70, 0x09, 0x00, 0x0c, 0x00, 0xb8,
  0x71, 0xe0, 0x04, 0x8f, 0x3d, 0x00, 0x92, 0x3c, 0x40, 0x11, 0xb7, 0x6e,
  0x33, 0x3b, 0x7e, 0x8c, 0x1f, 0xc2, 0x28, 0x38, 0xdf, 0x56, 0x00, 0xb2,
  0x4f, 0x58, 0x80, 0x87, 0x1c, 0x08, 0x32, 0x3e, 0x08, 0x80, 0x17, 0xfe,
  0x9e, 0xd0, 0x00, 0xdb, 0x80, 0x63, 0x4e, 0x00, 0x00, 0x10, 0x0e, 0x8e,
  0x70, 0x04, 0x62, 0x01, 0xa7, 0x7c, 0x80, 0x08, 0xbe, 0xd6, 0x00, 0x4e,
  0x4c, 0x90, 0x04, 0xed, 0x5f, 0x11, 0xb2, 0xfe, 0x0c, 0x1f, 0xda, 0x20,
  0x18, 0x6f, 0xab, 0x00, 0x0c, 0x93, 0xd6, 0x00, 0x10, 0xe3, 0x80, 0x03,
  0x23, 0xe0, 0x08, 0x02, 0xff, 0xd1, 0xd8, 0x00, 0x1b, 0x70, 0x0c, 0x69,
  0xc0, 0x00, 0x10, 0x0f, 0x8e, 0x60, 0x07, 0xe8, 0xf3, 0xaf, 0x00, 0x6a,
  0x96, 0x28, 0x01, 0x61, 0x4a, 0x80, 0x11, 0xb7, 0x6e, 0x32, 0x75, 0xfc,
  0x18, 0x2d, 0x84, 0x50, 0x71, 0x9d, 0xba, 0x01, 0x64, 0x8f, 0xc1, 0x01,
  0x0f, 0x38, 0x10, 0x64, 0x7c, 0x11, 0x00, 0x2f, 0xfd, 0x3d, 0xa0, 0x10,
  0x0f, 0x8e, 0x68, 0x1f, 0xfd, 0x40, 0x03, 0xee, 0xac, 0x01, 0x1c, 0x77,
  0xc0, 0x0e, 0x30, 0x23, 0x00, 0x37, 0x36, 0x60, 0x01, 0x1b, 0x76, 0xe3,
  0x33, 0xaf, 0xe0, 0xc1, 0xfd, 0xa2, 0x83, 0x8d, 0xf5, 0x68, 0x0b, 0x24,
  0xf5, 0x88, 0x08, 0x71, 0xc0, 0x83, 0x23, 0xe0, 0x88, 0x01, 0x7f, 0xe9,
  0xed, 0x10, 0x0f, 0x8e, 0x60, 0x07, 0xf1, 0x7d, 0x00, 0x63, 0x5c, 0x00,
  0xc7, 0xe4, 0x01, 0x4e, 0xd5, 0xf1, 0x1b, 0x2f, 0xe0, 0xc1, 0xfd, 0xa2,
  0x01, 0x86, 0xfa, 0xb0, 0x00, 0xc9, 0x3d, 0x60, 0x01, 0x0e, 0x38, 0x00,
  0x32, 0x3e, 0x00, 0x80, 0x2f, 0xfd, 0x1d, 0x80, 0x10, 0x0e, 0x8e, 0x58,
  0x00, 0x95, 0x00, 0x29, 0xda, 0xbe, 0x23, 0x65, 0xfc, 0x18, 0x3f, 0xb4,
  0x40, 0x30, 0xdf, 0x56, 0x00, 0x19, 0x27, 0xac, 0x00, 0x21, 0xc7, 0x00,
  0x06, 0x47, 0xc0, 0x10, 0x05, 0xff, 0xa3, 0xb0, 0x00, 0x36, 0xe0, 0x18,
  0xd3, 0x80, 0x00, 0x10, 0x0f, 0x90, 0x68, 0x06, 0xa9, 0x00, 0x8c, 0x41,
  0x10, 0x00, 0x1c, 0xb0, 0xed, 0x00, 0xff, 0xe0, 0x8a, 0x98, 0x06, 0x6f,
  0xac, 0xc0, 0x04, 0x71, 0xce, 0x70, 0x00, 0x46, 0x18, 0x15, 0x00, 0x10,
  0x04, 0x66, 0x00, 0x28, 0x00, 0x48, 0x80, 0x03, 0x95, 0xa0, 0xa0, 0x02,
  0x2d, 0x23, 0x30, 0x7e, 0xf3, 0xbe, 0x40, 0x10, 0x0e, 0x90, 0x70, 0x18,
  0x80, 0x70, 0xe5, 0x80, 0x7f, 0xf1, 0x05, 0x4c, 0x03, 0x37, 0xd6, 0x60,
  0x02, 0x38, 0xe7, 0x38, 0x00, 0x23, 0x0c, 0x0a, 0x80, 0x08, 0x02, 0x33,
  0x00, 0x14, 0x02, 0x22, 0x00, 0x0e, 0x56, 0xc2, 0xc0, 0x08, 0xb4, 0x8c,
  0xe3, 0xf7, 0x9d, 0xf2, 0x01, 0x96, 0x8c, 0x03, 0x89, 0x1c, 0x00, 0x10,
  0x0f, 0x90, 0x60, 0x07, 0xfd, 0xfa, 0x01, 0xe6, 0x50, 0x0e, 0x1c, 0xd1,
  0x00, 0x9b, 0xaa, 0x9c, 0xa0, 0x52, 0x7b, 0xa2, 0xa0, 0x50, 0x92, 0x27,
  0xd0, 0xf8, 0x30, 0x00, 0x94, 0x78, 0x14, 0x00, 0xb2, 0x2e, 0x30, 0xcc,
  0xa4, 0x11, 0x69, 0xcc, 0x8b, 0xc0, 0x07, 0xbd, 0xcd, 0x20, 0x10, 0x0f,
  0x90, 0x68, 0x01, 0x6d, 0x00, 0x38, 0x90, 0x80, 0xc4, 0x00, 0xfe, 0xc3,
  0x96, 0x01, 0xfe, 0x15, 0x30, 0x0c, 0xfd, 0x59, 0x40, 0x02, 0x82, 0xcd,
  0x00, 0x94, 0x20, 0xca, 0x40, 0x1e, 0x0c, 0x00, 0x20, 0x07, 0x02, 0x80,
  0x0c, 0x00, 0xe1, 0x0c, 0xce, 0x00, 0x0d, 0x84, 0xca, 0x80, 0x24, 0xee,
  0x7b, 0xfd, 0x00, 0x10, 0x0e, 0x90, 0x70, 0x07, 0x8c, 0x40, 0x38, 0x72,
  0xc0, 0x3f, 0xc2, 0xa6, 0x01, 0x9f, 0xab, 0x28, 0x00, 0x50, 0x59, 0xa0,
  0x12, 0x84, 0x19, 0x48, 0x03, 0xc1, 0x80, 0x04, 0x00, 0xe0, 0x50, 0x01,
  0x80, 0x1c, 0x21, 0x99, 0xc0, 0x01, 0xb0, 0x99, 0x50, 0x04, 0x9d, 0xcf,
  0x7f, 0xa0, 0x0a, 0x2c, 0x03, 0xca, 0x80, 0x10, 0x10, 0x0e, 0x90, 0x70,
  0x04, 0x64, 0x01, 0xcf, 0xba, 0x30, 0x08, 0xaf, 0x66, 0x40, 0x11, 0x6b,
  0x15, 0x00, 0x4b, 0xd5, 0x7c, 0x60, 0x54, 0x9d, 0xa7, 0xc0, 0xa1, 0xa4,
  0x2a, 0x47, 0xe1, 0x39, 0x87, 0x06, 0xe0, 0xcf, 0xf7, 0x6a, 0xb8, 0xf2,
  0x23, 0x30, 0x03, 0xa1, 0x76, 0x0c, 0x00, 0x1e, 0xf7, 0x34, 0x80, 0x35,
  0x48, 0x07, 0x90, 0xc0, 0x20, 0x10, 0x0f, 0x90, 0x60, 0x07, 0xf3, 0x7a,
  0x4f, 0x88, 0x01, 0x54, 0xd8, 0xa2, 0x00, 0x3b, 0x71, 0xa0, 0x09, 0x7a,
  0xaf, 0x8c, 0x0a, 0x93, 0xb4, 0xf8, 0x14, 0x34, 0x85, 0x08, 0xfc, 0x27,
  0x30, 0xc0, 0xdc, 0x19, 0xfe, 0xed, 0x57, 0x1e, 0x44, 0x66, 0x00, 0x74,
  0x2e, 0xc1, 0x80, 0x03, 0xde, 0xe6, 0x90, 0x00, 0x10, 0x0f, 0x90, 0x60,
  0x07, 0xfd, 0xf8, 0x01, 0xe5, 0xb0, 0x0e, 0x1f, 0x30, 0x0c, 0xbd, 0x57,
  0xc6, 0x05, 0x49, 0xda, 0x7c, 0x0a, 0x1a, 0x42, 0xa4, 0x7e, 0x13, 0x98,
  0x70, 0x6e, 0x0c, 0xff, 0x76, 0xab, 0x8f, 0x22, 0x33, 0x00, 0x3a, 0x17,
  0x60, 0xc0, 0x01, 0xef, 0x73, 0x48, 0x00, 0x10, 0x0e, 0x90, 0x58, 0x00,
  0x55, 0x00, 0x32, 0xf5, 0x5f, 0x18, 0x15, 0x27, 0x69, 0xf0, 0x28, 0x69,
  0x0a, 0x91, 0xf8, 0x4e, 0x61, 0xc1, 0xb8, 0x33, 0xfd, 0xda, 0xae, 0x3c,
  0x88, 0xcc, 0x00, 0xe8, 0x5d, 0x83, 0x00, 0x07, 0xbd, 0xcd, 0x20, 0x0d,
  0x52, 0x01, 0xe4, 0x30, 0x08, 0x0a, 0x00, 0x0a, 0x70, 0x07, 0x8f, 0xe4,
  0x00, 0x4b, 0x80, 0x01, 0xa7, 0x10, 0x3e, 0xd9, 0x0a, 0x19, 0x91, 0x90,
  0x10, 0x62, 0x05, 0xce, 0xa0, 0x64, 0x90, 0x81, 0x08, 0x07, 0xff, 0x20,
  0x10, 0x0e, 0x90, 0x70, 0x07, 0xfd, 0xdc, 0x00, 0xf3, 0xb8, 0x03, 0x8b,
  0x28, 0x0c, 0x41, 0xf6, 0xb2, 0xb2, 0x4a, 0x0f, 0x74, 0xc0, 0x05, 0x08,
  0x22, 0x78, 0x03, 0xc1, 0xc0, 0x04, 0x00, 0xe0, 0x50, 0x02, 0x00, 0x1c,
  0x65, 0xdd, 0x60, 0x01, 0xd2, 0x89, 0x80, 0x09, 0xbf, 0xdc, 0x41, 0xe1,
  0x19, 0x0f, 0x40, 0xa1, 0xe8, 0xb2, 0xb8, 0x40, 0x11, 0xf0, 0x12, 0x70,
  0x07, 0xf5, 0x78, 0xe7, 0x00, 0x6c, 0x51, 0xb7, 0x00, 0xcd, 0x46, 0xd2,
  0x01, 0xc7, 0x92, 0x01, 0xff, 0xc6, 0x15, 0x20, 0x0e, 0x3e, 0xad, 0x60,
  0x0c, 0xb7, 0x60, 0x80, 0x0c, 0xe8, 0x85, 0x10, 0x0c, 0x20, 0x18, 0x40,
  0x3f, 0xf9, 0xe0, 0x10, 0x00, 0x10, 0x70, 0x07, 0xe1, 0xfa, 0x00, 0xf2,
  0xe0, 0x07, 0x0c, 0xb8, 0x07, 0x0e, 0x58, 0x07, 0xff, 0x15, 0x10, 0x01,
  0x9b, 0xae, 0xda, 0x01, 0x1c, 0x6a, 0x93, 0x80, 0x11, 0x8a, 0x03, 0x80,
  0x02, 0x00, 0x30, 0x30, 0x0f, 0xfe, 0x60, 0x10, 0x0e, 0x90, 0x70, 0x18,
  0x80, 0x70, 0xe5, 0x80, 0x7f, 0xf1, 0x05, 0x48, 0x03, 0x37, 0xd6, 0xb0,
  0x04, 0x75, 0x61, 0x00, 0x12, 0x26, 0x10, 0x08, 0x40, 0x02, 0x01, 0xff,
  0xce, 0x1f, 0xa0, 0x05, 0x78, 0x06, 0x98, 0x00, 0xf2, 0x98, 0x04, 0x06,
  0x00, 0x06, 0x58, 0x04, 0x3f, 0x40, 0xb8, 0x32, 0x83, 0x90, 0x01, 0xff,
  0xc6, 0x07, 0xf0, 0x0a, 0x58, 0x07, 0x57, 0x8e, 0x76, 0x28, 0xdb, 0xb5,
  0x1b, 0x48, 0x1e, 0x48, 0x07, 0xff, 0x4c, 0x07, 0xf0, 0x0a, 0x68, 0x04,
  0xc8, 0x00, 0x78, 0x50, 0x00, 0xe8, 0xcf, 0xb4, 0x77, 0x10, 0x0d, 0x1e,
  0xce, 0x68, 0x0f, 0x24, 0x03, 0xff, 0xa6, 0x06, 0x0e, 0x86, 0x70, 0x04,
  0x3f, 0x40, 0xb8, 0x32, 0x83, 0x90, 0x01, 0xff, 0xc6, 0x1f, 0xa1, 0xb7,
  0x04, 0xd0, 0x07, 0xfe, 0x88, 0x70, 0x07, 0x27, 0xc0, 0x32, 0xe8, 0x14,
  0xa0, 0x1e, 0x30, 0x07, 0xff, 0x25, 0xc3, 0xc2, 0x0a, 0x48, 0xc4, 0xc9,
  0x85, 0x00, 0x07, 0xfe, 0x88, 0x70, 0x07, 0x0f, 0xd0, 0x0a, 0xe0, 0x02,
  0x50, 0x07, 0x20, 0x03, 0xff, 0xa0, 0x54, 0x1a, 0xcd, 0x38, 0x07, 0xfe,
  0x8c, 0x70, 0x07, 0xc3, 0xf4, 0x01, 0x0a, 0xe0, 0x06, 0x94, 0x00, 0x87,
  0x20, 0x00, 0x24, 0x0c, 0x21, 0x78, 0x07, 0xc9, 0x5a, 0x09, 0xc8, 0x06,
  0x02, 0x20, 0x0f, 0xfe, 0x39, 0x50, 0x68, 0x01, 0x9a, 0x70, 0x00, 0x10,
  0x0e, 0x90, 0x70, 0x18, 0x80, 0x70, 0xe5, 0x80, 0x7f, 0xf1, 0x88, 0xc4,
  0x03, 0x26, 0xf8, 0x80, 0x47, 0x65, 0xa0, 0x13, 0x60, 0xe0, 0x80, 0x46,
  0x00, 0x30, 0x0c, 0x76, 0x3c, 0x01, 0x99, 0x20, 0xe4, 0x03, 0x9d, 0x19,
  0x47, 0xe8, 0x01, 0x7e, 0xa0, 0x14, 0xd0, 0x07, 0x95, 0x00, 0x20, 0x0c,
  0x00, 0x0c, 0x58, 0x18, 0x80, 0x43, 0x96, 0x01, 0xff, 0xcc, 0x6f, 0x80,
  0x08, 0xcb, 0xc0, 0x25, 0xd7, 0x00, 0xff, 0xe3, 0x00, 0x06, 0x0e, 0x86,
  0x70, 0x18, 0x8b, 0x2c, 0x03, 0xff, 0x9e, 0x3f, 0x43, 0x6e, 0x09, 0xa0,
  0x07, 0xfe, 0x8a, 0x81, 0x77, 0x54, 0x55, 0x54, 0x82, 0x3a, 0x98, 0x0e,
  0x58, 0x07, 0xff, 0x8c, 0x7e, 0x80, 0x03, 0x6e, 0x01, 0x26, 0x80, 0x18,
  0x00, 0x18, 0x58, 0x07, 0xff, 0x16, 0xbc, 0x80, 0x3f, 0xb1, 0x4c, 0x03,
  0x8c, 0x81, 0x16, 0x84, 0xd0, 0x00, 0x39, 0x3d, 0x79, 0x19, 0x8b, 0xe1,
  0x00, 0x25, 0x60, 0xba, 0xeb, 0x8c, 0x80, 0x15, 0x0d, 0xc2, 0x0a, 0x80,
  0x40, 0x3f, 0x8c, 0x0c, 0x03, 0xff, 0xb0, 0x18, 0x0e, 0x98, 0x58, 0x19,
  0x02, 0x98, 0x01, 0x10, 0x00, 0x1c, 0x9e, 0xac, 0x8c, 0xbb, 0x70, 0x80,
  0x12, 0xb0, 0x5d, 0x75, 0xc6, 0x40, 0x0a, 0x86, 0xe1, 0x05, 0x40, 0x20,
  0x1f, 0xc6, 0x06, 0x01, 0xff, 0xd8, 0x1f, 0xa0, 0x04, 0xf8, 0x80, 0xfd,
  0x00, 0x73, 0xd8, 0x80, 0x7f, 0x72, 0x00, 0x70, 0x10, 0x00, 0x10, 0x58,
  0x07, 0xfd, 0x98, 0x00, 0xf5, 0xd8, 0x03, 0x19, 0x31, 0x90, 0x00, 0x73,
  0xbe, 0xf5, 0x80, 0x23, 0xab, 0x08, 0x00, 0x91, 0x30, 0x80, 0x42, 0x00,
  0x10, 0x0f, 0xfe, 0x70, 0x10, 0x0e, 0x90, 0x58, 0x19, 0x0a, 0x90, 0x00,
  0x73, 0xbe, 0xb5, 0x80, 0x23, 0xab, 0x08, 0x00, 0x91, 0x30, 0x80, 0x42,
  0x00, 0x10, 0x0f, 0xfe, 0x70, 0xfd, 0x00, 0x2b, 0xc0, 0x34, 0xc0, 0x07,
  0x94, 0xc0, 0x20, 0x10, 0x0e, 0x90, 0x70, 0x04, 0x64, 0x01, 0xcb, 0xba,
  0x40, 0x08, 0x7a, 0xa9, 0xe2, 0x00, 0x1a, 0x10, 0xa1, 0x00, 0x2f, 0x55,
  0x39, 0x40, 0xa8, 0xb7, 0x0a, 0x85, 0x42, 0x08, 0xe0, 0x1f, 0xc1, 0x80,
  0x02, 0x1d, 0xc0, 0x50, 0x01, 0x06, 0xb8, 0xc3, 0x32, 0x05, 0x47, 0x4e,
  0x64, 0x7a, 0x00, 0x3d, 0xee, 0x69, 0x80, 0x6b, 0x80, 0x0f, 0x3a, 0x00,
  0x40, 0x10, 0x0f, 0x90, 0x60, 0x07, 0xf2, 0x7a, 0xcf, 0x88, 0x01, 0x95,
  0xb1, 0x44, 0x00, 0x56, 0xc1, 0x40, 0x13, 0x75, 0x53, 0x90, 0x0a, 0x4f,
  0x70, 0x28, 0x14, 0x20, 0x8d, 0x85, 0x3c, 0x1c, 0x01, 0xc0, 0x3c, 0x0c,
  0x00, 0xf0, 0x67, 0x1b, 0x67, 0x62, 0x31, 0xd3, 0x98, 0x3f, 0x00, 0x1e,
  0xf7, 0x30, 0x80, 0x10, 0x0f, 0x90, 0x68, 0x03, 0xbf, 0xd6, 0x01, 0xbf,
  0xb9, 0x40, 0x12, 0x72, 0x47, 0x08, 0x01, 0xd1, 0xb9, 0x04, 0x00, 0x74,
  0xc7, 0x60, 0x13, 0x75, 0x5f, 0x18, 0x14, 0x9e, 0xe0, 0x68, 0x28, 0x41,
  0x1b, 0x0a, 0x78, 0x38, 0x03, 0x80, 0x78, 0x18, 0x01, 0xe0, 0xce, 0x36,
  0xce, 0xc4, 0x63, 0xa7, 0x30, 0x7e, 0x00, 0x3d, 0xee, 0x61, 0x00, 0x10,
  0x0f, 0x90, 0x60, 0x07, 0xfd, 0xda, 0x01, 0xe7, 0x50, 0x0e, 0x1c, 0xd1,
  0x00, 0x97, 0xaa, 0x9c, 0xa0, 0x54, 0x5b, 0x85, 0x42, 0xa1, 0x04, 0x70,
  0x0f, 0xe0, 0xc0, 0x01, 0x0e, 0xe0, 0x28, 0x00, 0x83, 0x5c, 0x61, 0x99,
  0x02, 0xa3, 0xa7, 0x32, 0x3d, 0x00, 0x1e, 0xf7, 0x34, 0xc0, 0x10, 0x0e,
  0x90, 0x58, 0x00, 0x55, 0x42, 0x01, 0x2f, 0x55, 0x39, 0x40, 0xa8, 0xb7,
  0x0a, 0x85, 0x42, 0x08, 0xe0, 0x1f, 0xc1, 0x80, 0x02, 0x1d, 0xc0, 0x50,
  0x01, 0x06, 0xb8, 0xc3, 0x32, 0x05, 0x47, 0x4e, 0x64, 0x7a, 0x00, 0x3d,
  0xee, 0x69, 0x80, 0x6b, 0x80, 0x0f, 0x3a, 0x00, 0x40, 0x10, 0x0e, 0x90,
  0x60, 0x07, 0xaa, 0x40, 0x02, 0xaa, 0x47, 0x20, 0x5e, 0xaa, 0x58, 0x41,
  0x51, 0x6e, 0x11, 0x4a, 0x10, 0x47, 0x00, 0xde, 0x0c, 0x00, 0x60, 0xfe,
  0x05, 0x00, 0x28, 0x73, 0x8c, 0x33, 0x20, 0x5c, 0x74, 0xe6, 0x47, 0xa2,
  0x07, 0xbd, 0xcd, 0x30, 0x0d, 0x76, 0x00, 0xf3, 0xb8, 0x02, 0x10, 0x0f,
  0x90, 0x70, 0x00, 0xc4, 0x46, 0x01, 0x1e, 0x24, 0xe0, 0x04, 0x54, 0x95,
  0x40, 0x08, 0x7e, 0x9e, 0x44, 0x00, 0x41, 0xfe, 0x41, 0x00, 0x15, 0x8f,
  0xc8, 0x04, 0xbd, 0x54, 0xe5, 0x02, 0xa2, 0xdc, 0x2a, 0x15, 0x08, 0x23,
  0x80, 0x7f, 0x06, 0x00, 0x30, 0x77, 0x01, 0x40, 0x0a, 0x1c, 0xe3, 0x0c,
  0xc8, 0x17, 0x1d, 0x39, 0x91, 0xe8, 0x81, 0xef, 0x73, 0x4c, 0x00, 0x10,
  0x0e, 0x90, 0x70, 0x07, 0xfc, 0xbe, 0xe0, 0x1c, 0xca, 0x60, 0x11, 0x09,
  0xcb, 0x00, 0x07, 0x75, 0xd9, 0xb6, 0x01, 0x1c, 0xe2, 0xa3, 0x80, 0x11,
  0xce, 0x82, 0x80, 0x04, 0x01, 0x11, 0x80, 0x08, 0x02, 0x23, 0x00, 0x24,
  0x25, 0x05, 0x00, 0x11, 0x6d, 0x51, 0xc0, 0x03, 0xb9, 0xb6, 0x01, 0xc6,
  0x40, 0x18, 0xc0, 0x38, 0x0a, 0x00, 0x0a, 0x58, 0x07, 0xdf, 0x80, 0x13,
  0x58, 0x00, 0xed, 0x8c, 0x72, 0x7b, 0x40, 0x09, 0x3a, 0x00, 0x46, 0x30,
  0x00, 0x80, 0x7f, 0xf1, 0x40, 0x0a, 0x0e, 0x8a, 0x58, 0x19, 0x09, 0x8e,
  0x4f, 0x68, 0x01, 0x27, 0x40, 0x08, 0xc6, 0x00, 0x10, 0x0f, 0xfe, 0x28,
  0xfd, 0x00, 0x06, 0xdc, 0x02, 0x4d, 0x00, 0x00, 0x0a, 0x0e, 0x8a, 0x68,
  0x7f, 0xda, 0x19, 0x97, 0x00, 0x04, 0x9c, 0x72, 0x7a, 0x80, 0x09, 0x3a,
  0x00, 0x46, 0x30, 0x00, 0x80, 0x7f, 0xf1, 0x47, 0xe8, 0x00, 0x36, 0xe0,
  0x12, 0x68, 0x00, 0x0e, 0x0f, 0x8e, 0x70, 0x01, 0x28, 0xc0, 0x31, 0xab,
  0x00, 0x67, 0xe1, 0x30, 0x0d, 0x36, 0xe0, 0x11, 0x25, 0x20, 0x04, 0x32,
  0xe0, 0x01, 0xdc, 0xad, 0x90, 0x72, 0x9f, 0x76, 0x33, 0x05, 0x2d, 0x59,
  0x2c, 0x15, 0x6f, 0x80, 0xaf, 0x71, 0xd2, 0x5f, 0x5c, 0xc0, 0x1e, 0xcc,
  0x8d, 0x75, 0x70, 0x9f, 0xde, 0xa0, 0x0e, 0x0f, 0x8e, 0x70, 0x00, 0x48,
  0x03, 0x9f, 0x54, 0x02, 0x15, 0x96, 0x10, 0x02, 0x69, 0xe2, 0x00, 0x16,
  0x66, 0x50, 0x09, 0x25, 0x40, 0x03, 0xb9, 0x59, 0x40, 0xe5, 0x3f, 0x0a,
  0x86, 0x14, 0xad, 0xe8, 0xb0, 0x55, 0xd6, 0x24, 0x9d, 0xc7, 0x49, 0x7c,
  0x73, 0x00, 0x7a, 0xb4, 0x6b, 0xab, 0x84, 0xfe, 0xf5, 0x00, 0x0e, 0x0f,
  0x8e, 0x60, 0x07, 0xf3, 0x7a, 0x80, 0x62, 0x56, 0x00, 0xcf, 0xe0, 0x10,
  0xee, 0x56, 0x50, 0x39, 0x4f, 0xc2, 0xa1, 0x85, 0x2b, 0x7a, 0x2c, 0x15,
  0x75, 0x89, 0x27, 0x71, 0xd2, 0x5f, 0x1c, 0xc0, 0x1e, 0xad, 0x1a, 0xea,
  0xe1, 0x3f, 0xbd, 0x40, 0x0e, 0x0e, 0x8e, 0x58, 0x00, 0xd4, 0xc0, 0x03,
  0xb9, 0x59, 0x40, 0xe5, 0x3f, 0x0a, 0x86, 0x14, 0xad, 0xe8, 0xb0, 0x55,
  0xd6, 0x24, 0x9d, 0xc7, 0x49, 0x7c, 0x73, 0x00, 0x7a, 0xb4, 0x6b, 0xab,
  0x84, 0xfe, 0xf5, 0x00, 0x49, 0x2a, 0x01, 0x89, 0x04, 0x00, 0x0e, 0x0e,
  0x8e, 0x70, 0x07, 0xf3, 0x7a, 0x80, 0x62, 0x56, 0x00, 0xcf, 0xe0, 0x10,
  0xee, 0x56, 0x50, 0x39, 0x4f, 0xc2, 0xa1, 0x85, 0x2b, 0x7a, 0x2c, 0x15,
  0x75, 0x89, 0x27, 0x71, 0xd2, 0x5f, 0x1c, 0xc0, 0x1e, 0xad, 0x1a, 0xea,
  0xe1, 0x3f, 0xbd, 0x40, 0x12, 0x4a, 0x80, 0x62, 0x41, 0x00, 0x00, 0x0b,
  0xf0, 0x0c, 0x68, 0x07, 0xdf, 0x47, 0xee, 0x0b, 0x84, 0xa6, 0x14, 0xe5,
  0x48, 0x00, 0xbc, 0x10, 0x01, 0x88, 0x29, 0x06, 0xa0, 0x5d, 0x83, 0x10,
  0x2e, 0x00, 0x84, 0x14, 0x40, 0x3f, 0xf8, 0x46, 0x12, 0x60, 0x0b, 0x27,
  0xa0, 0x0a, 0x00, 0x0a, 0x68, 0x07, 0xab, 0xc4, 0x01, 0x8a, 0x20, 0x07,
  0x90, 0x0a, 0xf0, 0x40, 0xc4, 0x14, 0x75, 0x02, 0xe7, 0x10, 0x32, 0x48,
  0x40, 0x84, 0x03, 0xfe, 0x30, 0x93, 0x0b, 0x27, 0xb0, 0x0a, 0x0e, 0x8a,
  0x68, 0x09, 0x80, 0x57, 0x82, 0x06, 0x20, 0xa3, 0xa8, 0x17, 0x38, 0x81,
  0x92, 0x42, 0x04, 0x20, 0x1f, 0xf1, 0x84, 0x98, 0x59, 0x3d, 0x81, 0x6f,
  0xc0, 0x02, 0xe0, 0x02, 0x43, 0x00, 0x10, 0x0f, 0x90, 0x60, 0x07, 0xf0,
  0xfd, 0x0f, 0xc8, 0x00, 0x57, 0x05, 0x7c, 0x00, 0x36, 0xc1, 0x4e, 0x22,
  0xeb, 0x00, 0x17, 0x40, 0x07, 0xff, 0x30, 0x40, 0x40, 0x02, 0x01, 0x12,
  0x43, 0x70, 0x05, 0xc2, 0xf3, 0x40, 0x11, 0xf7, 0x3d, 0xfe, 0x40, 0x10,
  0x0f, 0x90, 0x70, 0x06, 0x27, 0x10, 0x0e, 0xec, 0x10, 0x0c, 0x37, 0x60,
  0x08, 0x7e, 0xdb, 0xe4, 0x02, 0x4d, 0x14, 0xe0, 0x02, 0xcb, 0x85, 0x99,
  0x0d, 0xc0, 0x00, 0xae, 0xc0, 0x1f, 0xfc, 0xc1, 0x01, 0x00, 0x30, 0x04,
  0x49, 0x0d, 0x20, 0x17, 0x0b, 0xcd, 0x00, 0x47, 0xdc, 0xf7, 0xf9, 0x10,
  0x0e, 0x90, 0x58, 0x19, 0x00, 0x46, 0x22, 0xc8, 0x00, 0x1e, 0x48, 0x07,
  0xff, 0x30, 0x40, 0x40, 0x0c, 0x01, 0x12, 0x43, 0xd8, 0x05, 0xc2, 0xf3,
  0x20, 0x08, 0xfb, 0xa7, 0xf8, 0x00, 0x5c, 0x85, 0xb8, 0x04, 0x86, 0x29,
  0xc0, 0x10, 0x0f, 0x90, 0x70, 0x01, 0x08, 0x10, 0x80, 0x22, 0xc8, 0x93,
  0x00, 0x9a, 0x07, 0xc4, 0x00, 0x3f, 0x91, 0xb2, 0x01, 0x26, 0x8a, 0x70,
  0x01, 0x65, 0xc2, 0xcc, 0x86, 0xe0, 0x00, 0x57, 0x60, 0x0f, 0xfe, 0x60,
  0x80, 0x80, 0x18, 0x02, 0x24, 0x86, 0x90, 0x0b, 0x85, 0xe6, 0x80, 0x23,
  0xee, 0x7b, 0xfc, 0x80, 0x10, 0x0f, 0x90, 0x70, 0x01, 0x58, 0x03, 0xc3,
  0x2a, 0x01, 0xc9, 0x60, 0x1c, 0x3f, 0xc9, 0xf2, 0x01, 0x26, 0x8a, 0x78,
  0x01, 0x65, 0xc2, 0xc8, 0x83, 0x70, 0x00, 0x2b, 0xb0, 0x07, 0xff, 0x30,
  0x40, 0x40, 0x0c, 0x01, 0x12, 0x43, 0x48, 0x05, 0xc2, 0xf3, 0x40, 0x11,
  0xf7, 0x3d, 0xfe, 0x40, 0x10, 0x0f, 0x90, 0x68, 0x02, 0xbb, 0xa4, 0x00,
  0xa3, 0x76, 0x40, 0x00, 0xec, 0x96, 0x48, 0x04, 0x9a, 0x29, 0xc0, 0x05,
  0x97, 0x0b, 0x32, 0x1b, 0x80, 0x01, 0x5d, 0x80, 0x3f, 0xf9, 0x82, 0x02,
  0x00, 0x60, 0x08, 0x92, 0x1a, 0x40, 0x2e, 0x17, 0x9a, 0x00, 0x8f, 0xb9,
  0xef, 0xf2, 0x10, 0x0e, 0x90, 0x58, 0x19, 0x00, 0x46, 0x43, 0x90, 0x00,
  0x1c, 0x80, 0x0f, 0xfe, 0x60, 0x80, 0x80, 0x08, 0x02, 0x24, 0x86, 0xe0,
  0x0b, 0x85, 0xe6, 0x80, 0x23, 0xee, 0x7b, 0xfd, 0x00, 0x4f, 0x66, 0x01,
  0xdc, 0x8c, 0x00, 0x12, 0x0e, 0x92, 0x60, 0x07, 0xcf, 0x40, 0x42, 0x01,
  0x16, 0xb8, 0xed, 0x80, 0x07, 0x55, 0x40, 0x1f, 0x2c, 0x00, 0x7f, 0xf1,
  0x84, 0x04, 0x00, 0x40, 0x18, 0x92, 0x1b, 0x80, 0x37, 0x0b, 0xcd, 0x00,
  0x63, 0xee, 0x7b, 0xfd, 0x00, 0x67, 0xb3, 0x00, 0xf7, 0x23, 0x00, 0x40,
  0x10, 0x0f, 0x90, 0x70, 0x01, 0x8c, 0xcc, 0x01, 0x0c, 0xa5, 0xc8, 0x80,
  0x07, 0x5a, 0x74, 0x40, 0x28, 0xcc, 0x70, 0x06, 0x98, 0x88, 0x02, 0x67,
  0x55, 0x3b, 0x08, 0xa7, 0x80, 0x09, 0x24, 0x01, 0xff, 0xcc, 0x10, 0x10,
  0x07, 0x00, 0x44, 0x91, 0x06, 0x00, 0xa4, 0x5d, 0x58, 0x02, 0x4e, 0xe6,
  0xcf, 0x98, 0x10, 0x0e, 0x90, 0x59, 0x10, 0x02, 0x13, 0x1b, 0xd3, 0x00,
  0x46, 0x15, 0x05, 0x00, 0x1c, 0x8c, 0xc4, 0xe0, 0x83, 0x40, 0x0a, 0x14,
  0xd0, 0x60, 0x03, 0x06, 0xba, 0x08, 0x00, 0x51, 0x87, 0x80, 0x37, 0x00,
  0xa8, 0x06, 0x5f, 0xe0, 0x0f, 0x5c, 0x00, 0x70, 0xa1, 0x00, 0x40, 0x16,
  0x0f, 0x96, 0x60, 0x07, 0xff, 0x0a, 0xfc, 0x3b, 0x00, 0x3d, 0xaa, 0x0f,
  0x60, 0x10, 0x88, 0x1a, 0x86, 0x5c, 0x04, 0x55, 0xc2, 0x0d, 0xce, 0x00,
  0xed, 0xd0, 0x20, 0x60, 0x60, 0x20, 0x5b, 0x87, 0x82, 0x1a, 0x06, 0x82,
  0x89, 0xa1, 0x8c, 0x02, 0x20, 0x88, 0x16, 0x34, 0x28, 0x5a, 0x4a, 0x00,
  0x50, 0x67, 0x05, 0x60, 0xb0, 0x01, 0x10, 0x34, 0x2c, 0x04, 0xc0, 0x2c,
  0xd4, 0x03, 0xdf, 0x00, 0x00, 0x16, 0x0f, 0x98, 0x60, 0x07, 0xff, 0x10,
  0x7e, 0x80, 0x3f, 0x85, 0x70, 0x03, 0xc2, 0x01, 0x5b, 0x00, 0x42, 0x0f,
  0xca, 0x05, 0xd6, 0x00, 0xce, 0x15, 0x0c, 0x05, 0x04, 0x00, 0x19, 0x84,
  0x88, 0x81, 0x86, 0x08, 0x80, 0xb0, 0x02, 0x91, 0x12, 0x8b, 0x30, 0x0a,
  0x00, 0xb0, 0xb0, 0x75, 0x52, 0x11, 0x00, 0x06, 0x2c, 0x43, 0x84, 0x6a,
  0x01, 0x9c, 0x14, 0x10, 0x01, 0x60, 0x1a, 0x36, 0x00, 0x1d, 0xa6, 0x00,
  0x16, 0x0e, 0x98, 0x58, 0x98, 0x04, 0x62, 0x00, 0x13, 0x06, 0xc5, 0x03,
  0xcd, 0x00, 0x6e, 0x02, 0x86, 0x02, 0x01, 0x88, 0x1a, 0x01, 0x11, 0xc2,
  0xd0, 0x11, 0x43, 0x40, 0x0a, 0x24, 0x7a, 0x79, 0x80, 0x70, 0x05, 0x84,
  0x03, 0xa2, 0x14, 0xc4, 0x00, 0x62, 0xa6, 0x36, 0x47, 0x60, 0x19, 0xc2,
  0xc0, 0xc4, 0x14, 0x03, 0x4f, 0xb8, 0x03, 0xbc, 0x80, 0x3c, 0x36, 0xe0,
  0x1f, 0xe4, 0xd0, 0x0e, 0x0e, 0x00, 0x10, 0x58, 0x07, 0xf5, 0x78, 0xe7,
  0x00, 0x58, 0xa3, 0x6e, 0x00, 0x25, 0xa0, 0x7b, 0x30, 0x6c, 0xa0, 0x4d,
  0xa0, 0x46, 0x55, 0x49, 0x48, 0x02, 0x4a, 0x8b, 0x80, 0x35, 0x01, 0x18,
  0x04, 0x50, 0x44, 0x80, 0x0b, 0xc7, 0x11, 0xcc, 0x24, 0xac, 0x68, 0x78,
  0x00, 0x0e, 0x00, 0x10, 0x58, 0x07, 0xf8, 0x7e, 0xc0, 0x38, 0x57, 0x00,
  0x21, 0x31, 0xa7, 0x23, 0x03, 0xcd, 0x02, 0xd8, 0x02, 0x93, 0x79, 0x1a,
  0x00, 0x32, 0x42, 0x58, 0x80, 0x5c, 0x00, 0x50, 0x08, 0x6c, 0x82, 0x80,
  0x2b, 0x1f, 0x75, 0x50, 0x32, 0xb9, 0x41, 0x58, 0x80, 0x10, 0x0e, 0x90,
  0x70, 0x07, 0xf4, 0xf8, 0xe7, 0x00, 0x5e, 0xa3, 0x6e, 0x00, 0x17, 0xa0,
  0x79, 0x20, 0xbe, 0x10, 0x05, 0x69, 0x70, 0x30, 0x01, 0x4c, 0x90, 0x68,
  0x14, 0x28, 0x00, 0xc4, 0x4f, 0x06, 0x00, 0x50, 0x52, 0xa8, 0x02, 0x24,
  0x70, 0xe0, 0x0d, 0xc0, 0x48, 0x01, 0xea, 0x00, 0x85, 0xe0, 0x18, 0x02,
  0x38, 0x0a, 0x10, 0x08, 0x10, 0x0e, 0x90, 0x70, 0x07, 0xf8, 0x7e, 0xc0,
  0x38, 0x57, 0x00, 0x21, 0x20, 0xa7, 0x02, 0x19, 0xd4, 0x00, 0x3e, 0xad,
  0x07, 0x00, 0x28, 0x50, 0x8d, 0x40, 0x88, 0xc0, 0x09, 0x05, 0xa0, 0xa0,
  0x02, 0x87, 0xa9, 0x90, 0x04, 0xca, 0x54, 0x01, 0xa8, 0x00, 0xc0, 0x18,
  0x41, 0x40, 0x33, 0xf0, 0x48, 0x06, 0x82, 0x93, 0x00, 0x80, 0x10, 0x0e,
  0x90, 0x59, 0x10, 0x02, 0x13, 0x1b, 0xd2, 0x00, 0x46, 0x1d, 0x05, 0x00,
  0x1c, 0xc8, 0xc9, 0x81, 0x46, 0x80, 0x14, 0x27, 0xe0, 0xc0, 0x06, 0x0a,
  0x55, 0x00, 0x42, 0xac, 0x1c, 0x01, 0xb8, 0x09, 0x00, 0x3d, 0x40, 0x1a,
  0x28, 0x1a, 0xe4, 0x05, 0x8a, 0xc5, 0x14, 0x00, 0x0e, 0x00, 0x0e, 0x58,
  0x07, 0xf1, 0x7d, 0x00, 0x63, 0x5c, 0x00, 0x8c, 0xa5, 0x4c, 0x89, 0x99,
  0xd0, 0x59, 0x91, 0x87, 0x01, 0x99, 0x0e, 0x10, 0x00, 0x90, 0xae, 0x00,
  0x2a, 0x2a, 0x00, 0xbc, 0x55, 0x98, 0x84, 0x40, 0x79, 0x97, 0x00, 0x0e,
  0x0e, 0x8e, 0x58, 0x19, 0xf1, 0x13, 0x33, 0xa0, 0xb3, 0x23, 0x0e, 0x03,
  0x32, 0x1c, 0x20, 0x01, 0x21, 0x5c, 0x00, 0x54, 0x54, 0x01, 0x78, 0xab,
  0x31, 0x08, 0x80, 0xf3, 0x2e, 0x2f, 0xfe, 0xa0, 0x00, 0xdb, 0x80, 0x72,
  0x68, 0x00, 0x10, 0x0e, 0x90, 0x70, 0x00, 0x80, 0x06, 0x01, 0x0e, 0xaa,
  0xb0, 0x02, 0x1b, 0x99, 0x60, 0x06, 0x69, 0xe3, 0x30, 0x83, 0xed, 0x6d,
  0xe3, 0x14, 0x16, 0xe3, 0x00, 0x14, 0x24, 0x8e, 0x00, 0x1e, 0x0e, 0x00,
  0x60, 0x07, 0x02, 0x80, 0x14, 0x00, 0xe1, 0x0c, 0xc8, 0x00, 0x0d, 0x04,
  0xc3, 0x00, 0x4b, 0xdd, 0x47, 0xb8, 0x05, 0x14, 0x01, 0xe4, 0x40, 0x04,
  0x10, 0x0e, 0x90, 0x70, 0x04, 0x66, 0x00, 0xe5, 0xcd, 0x60, 0x08, 0x7a,
  0xea, 0x82, 0x00, 0x19, 0x17, 0xc2, 0x10, 0x7d, 0xac, 0xbc, 0x92, 0x82,
  0xdd, 0x38, 0x01, 0x42, 0x08, 0x9e, 0x00, 0xf0, 0x60, 0x01, 0x00, 0x38,
  0x14, 0x00, 0x80, 0x07, 0x08, 0x66, 0x58, 0x00, 0x6c, 0x26, 0x60, 0x09,
  0x3b, 0x9e, 0xff, 0x00, 0x14, 0x58, 0x07, 0x95, 0x00, 0x20, 0x10, 0x0f,
  0x90, 0x60, 0x07, 0xf2, 0x7a, 0xcf, 0x88, 0x01, 0x95, 0xbd, 0x44, 0x00,
  0x50, 0xc9, 0x46, 0x00, 0x7d, 0xad, 0xbc, 0x42, 0x82, 0xdc, 0x60, 0x02,
  0x84, 0x91, 0xc0, 0x03, 0xc1, 0xc0, 0x0c, 0x00, 0xe0, 0x50, 0x02, 0x80,
  0x1c, 0x21, 0x99, 0x00, 0x01, 0xa0, 0x98, 0x60, 0x09, 0x7b, 0xa8, 0xf4,
  0x10, 0x0f, 0x90, 0x68, 0x03, 0xfe, 0xd0, 0x0d, 0xdd, 0x60, 0x04, 0x9c,
  0xb1, 0xc2, 0x00, 0x73, 0x7e, 0x31, 0x00, 0x1f, 0x32, 0xe1, 0x80, 0x1f,
  0x6b, 0x6f, 0x10, 0xa0, 0xb7, 0x18, 0x00, 0xa1, 0x24, 0x70, 0x00, 0xf0,
  0x70, 0x03, 0x00, 0x38, 0x14, 0x00, 0xa0, 0x07, 0x08, 0x66, 0x40, 0x00,
  0x68, 0x26, 0x18, 0x02, 0x5e, 0xea, 0x3d, 0x00, 0x10, 0x0f, 0x90, 0x60,
  0x07, 0xfd, 0xde, 0x01, 0xe6, 0x60, 0x07, 0x16, 0xd0, 0x18, 0x83, 0xed,
  0x65, 0xe4, 0x94, 0x16, 0xe9, 0xc0, 0x0a, 0x10, 0x44, 0xf0, 0x07, 0x83,
  0x00, 0x08, 0x01, 0xc0, 0xa0, 0x04, 0x00, 0x38, 0x43, 0x32, 0xc0, 0x03,
  0x61, 0x33, 0x00, 0x49, 0xdc, 0xf7, 0xf8, 0x10, 0x0e, 0x90, 0x58, 0x00,
  0x94, 0xc0, 0xc4, 0x1f, 0x6b, 0x2f, 0x24, 0xa0, 0xb7, 0x4e, 0x00, 0x50,
  0x82, 0x27, 0x80, 0x3c, 0x18, 0x00, 0x40, 0x0e, 0x05, 0x00, 0x20, 0x01,
  0xc2, 0x19, 0x96, 0x00, 0x1b, 0x09, 0x98, 0x02, 0x4e, 0xe7, 0xbf, 0xc0,
  0x05, 0x16, 0x01, 0xe5, 0x40, 0x08, 0x06, 0x0e, 0x86, 0x58, 0x19, 0x0e,
  0x40, 0x07, 0xff, 0x18, 0x7e, 0x86, 0xdc, 0x13, 0x40, 0x08, 0x00, 0x0a,
  0x70, 0x07, 0xab, 0xc8, 0x01, 0x8a, 0x60, 0x06, 0xb3, 0x00, 0x4f, 0x69,
  0x03, 0x16, 0x10, 0x83, 0x00, 0x64, 0xc2, 0x00, 0x26, 0x90, 0x00, 0x48,
  0x03, 0xff, 0x92, 0x0c, 0x00, 0x0c, 0x58, 0x18, 0x80, 0x43, 0x96, 0x01,
  0xff, 0xcc, 0x6f, 0x80, 0x08, 0xcb, 0xc0, 0x25, 0xd7, 0x00, 0xf0, 0x83,
  0x98, 0x04, 0xe7, 0x40, 0x00, 0x08, 0x0e, 0x88, 0x70, 0x18, 0x80, 0xe5,
  0x80, 0x7f, 0xf4, 0x44, 0x1c, 0xc1, 0xce, 0x82, 0x3a, 0x41, 0xec, 0x43,
  0x50, 0x00, 0x09, 0xfe, 0x8a, 0x81, 0x77, 0x54, 0x55, 0x54, 0x82, 0x3a,
  0x98, 0x0e, 0x58, 0x07, 0xff, 0x64, 0x41, 0xcc, 0x00, 0xe7, 0x40, 0x08,
  0xe9, 0x00, 0x3d, 0x88, 0x03, 0x50, 0x00, 0x09, 0xf0, 0x0a, 0x68, 0x07,
  0x57, 0x8e, 0x76, 0x28, 0xdb, 0xb5, 0x1b, 0x48, 0x1e, 0x48, 0x06, 0x13,
  0x00, 0x9b, 0x00, 0x26, 0xd0, 0x08, 0x48, 0x03, 0xfe, 0x10, 0x46, 0x02,
  0x53, 0x90, 0x08, 0x00, 0x0a, 0x68, 0x07, 0x0f, 0xd0, 0x04, 0xb8, 0x00,
  0x19, 0x70, 0x00, 0xe5, 0x80, 0x61, 0x30, 0x09, 0x30, 0x80, 0x09, 0xa4,
  0x00, 0x12, 0x00, 0xff, 0x84, 0x1d, 0x80, 0x0e, 0x72, 0x40, 0x08, 0x0e,
  0x8a, 0x68, 0x18, 0x80, 0x07, 0x2c, 0x03, 0x09, 0x80, 0x49, 0x84, 0x00,
  0x4d, 0x20, 0x00, 0x90, 0x07, 0xfc, 0x20, 0xec, 0x00, 0x73, 0x92, 0x08,
  0xef, 0x20, 0x5b, 0x30, 0x01, 0xa3, 0x00, 0x10, 0x0f, 0x90, 0x60, 0x07,
  0xf0, 0xfd, 0x0f, 0xc8, 0x00, 0x57, 0x05, 0x7c, 0x00, 0x36, 0xc1, 0x4e,
  0x22, 0xeb, 0x00, 0x17, 0x40, 0x07, 0xff, 0x30, 0x40, 0x40, 0x02, 0x02,
  0x06, 0x90, 0xde, 0x18, 0x1a, 0x8f, 0x25, 0x28, 0x03, 0x7f, 0xdc, 0x60,
  0x10, 0x0f, 0x90, 0x70, 0x06, 0x27, 0x10, 0x0e, 0xec, 0x10, 0x0c, 0x37,
  0x60, 0x08, 0x7e, 0xdb, 0xe4, 0x02, 0x4d, 0x14, 0xe0, 0x02, 0xcb, 0x85,
  0x99, 0x0d, 0xc0, 0x00, 0xae, 0xc0, 0x1f, 0xfc, 0xc1, 0x01, 0x00, 0x08,
  0x08, 0x22, 0x21, 0xbc, 0x30, 0x29, 0x1e, 0x4a, 0x50, 0x06, 0xff, 0xb8,
  0xc0, 0x10, 0x0e, 0x90, 0x58, 0x18, 0x80, 0x46, 0x22, 0xcb, 0x00, 0x16,
  0x40, 0x07, 0xff, 0x30, 0x40, 0x40, 0x02, 0x02, 0x08, 0x88, 0x6f, 0x0c,
  0x0a, 0x47, 0x92, 0x94, 0x01, 0xbf, 0xee, 0x30, 0x00, 0x6d, 0xc6, 0xdc,
  0x02, 0x4d, 0x14, 0xe0, 0x10, 0x0f, 0x90, 0x70, 0x01, 0x08, 0x10, 0x80,
  0x22, 0xc8, 0x93, 0x00, 0x9a, 0x07, 0xc4, 0x00, 0x3f, 0x91, 0xb2, 0x01,
  0x26, 0x8a, 0x70, 0x01, 0x65, 0xc2, 0xcc, 0x86, 0xe0, 0x00, 0x57, 0x60,
  0x0f, 0xfe, 0x60, 0x80, 0x80, 0x04, 0x04, 0x11, 0x10, 0xde, 0x18, 0x14,
  0x8f, 0x25, 0x28, 0x03, 0x7f, 0xdc, 0x60, 0x10, 0x0f, 0x90, 0x70, 0x01,
  0x58, 0x03, 0xc3, 0x2a, 0x01, 0xc9, 0x60, 0x1c, 0x3f, 0xc9, 0xf2, 0x01,
  0x26, 0x8a, 0x78, 0x01, 0x65, 0xc2, 0xc8, 0x83, 0x70, 0x00, 0x2b, 0xb0,
  0x07, 0xff, 0x30, 0x40, 0x40, 0x02, 0x02, 0x08, 0x88, 0x6f, 0x0c, 0x0a,
  0x47, 0x92, 0x94, 0x01, 0xbf, 0xee, 0x30, 0x00, 0x10, 0x0f, 0x90, 0x68,
  0x02, 0xbb, 0xa4, 0x00, 0xa3, 0x76, 0x40, 0x00, 0xec, 0x96, 0x48, 0x04,
  0x9a, 0x29, 0xc0, 0x05, 0x97, 0x0b, 0x32, 0x1b, 0x80, 0x01, 0x5d, 0x80,
  0x3f, 0xf9, 0x82, 0x02, 0x00, 0x10, 0x10, 0x44, 0x43, 0x78, 0x60, 0x52,
  0x3c, 0x94, 0xa0, 0x0d, 0xff, 0x71, 0x80, 0x10, 0x0e, 0x90, 0x58, 0x19,
  0x00, 0x08, 0xc0, 0x72, 0x00, 0x11, 0x80, 0x1f, 0xfc, 0xd1, 0x01, 0x00,
  0x08, 0x04, 0x68, 0xee, 0x44, 0x00, 0x38, 0xe2, 0x07, 0x20, 0x02, 0xce,
  0xfc, 0x20, 0x0d, 0x10, 0x00, 0xf2, 0x98, 0x04, 0x12, 0x0e, 0x92, 0x60,
  0x07, 0xcf, 0x40, 0x42, 0x01, 0x16, 0xb8, 0xed, 0x80, 0x07, 0x55, 0x40,
  0x1f, 0x2c, 0x00, 0x7f, 0xf1, 0x84, 0x04, 0x00, 0x60, 0x60, 0x04, 0x44,
  0x2f, 0x06, 0x80, 0x29, 0x1e, 0x8e, 0x10, 0x00, 0x37, 0xfd, 0xee, 0x01,
  0xcf, 0x44, 0x01, 0xed, 0x41, 0x00, 0x80, 0x10, 0x0f, 0x90, 0x70, 0x01,
  0x8c, 0xcc, 0x01, 0x0c, 0xa5, 0xc8, 0x80, 0x07, 0x5a, 0x74, 0x40, 0x28,
  0xcc, 0x70, 0x06, 0x98, 0x88, 0x02, 0x67, 0x55, 0x3b, 0x08, 0xa7, 0x80,
  0x09, 0x24, 0x01, 0xff, 0xcc, 0x10, 0x10, 0x07, 0x00, 0x82, 0x21, 0xd9,
  0x84, 0x40, 0xa3, 0x89, 0x2e, 0x00, 0x0e, 0x7f, 0x69, 0x80, 0x10, 0x00,
  0x10, 0x70, 0x07, 0xfb, 0x38, 0x3e, 0xc0, 0x2b, 0x60, 0x6c, 0x00, 0x9e,
  0x02, 0x5c, 0x07, 0xff, 0xe0, 0x01, 0x3b, 0xf0, 0x01, 0xa2, 0x38, 0x03,
  0xfc, 0x9f, 0xfa, 0x40, 0x02, 0xcd, 0xb0, 0x00, 0xb3, 0x39, 0x40, 0x3f,
  0xcb, 0x33, 0xc0, 0x01, 0x66, 0xe0, 0x09, 0xf0, 0x0a, 0x70, 0x07, 0x4f,
  0x8e, 0x77, 0xa8, 0xdb, 0xb5, 0x1b, 0x48, 0x26, 0x40, 0x07, 0xff, 0x88,
  0x14, 0x0f, 0x94, 0x78, 0x07, 0xff, 0x00, 0xfd, 0xdb, 0xd0, 0x03, 0x0a,
  0x9a, 0xa9, 0x80, 0x31, 0x49, 0x2c, 0x90, 0x04, 0x39, 0x89, 0x96, 0x58,
  0x80, 0x34, 0xdb, 0x30, 0xc9, 0xa0, 0x66, 0x49, 0x33, 0x4a, 0x9a, 0x9f,
  0xd8, 0x06, 0x90, 0xc6, 0xff, 0xf6, 0x01, 0x18, 0x2c, 0x46, 0x70, 0x03,
  0x01, 0x3b, 0xed, 0x03, 0x30, 0xb0, 0x80, 0x06, 0x02, 0x82, 0xc7, 0xe6,
  0x5e, 0x4e, 0x40, 0xb4, 0x6c, 0xc0, 0x98, 0x00, 0x97, 0x7b, 0xa6, 0x00,
  0x00, 0x1d, 0xf0, 0x1e, 0x70, 0x07, 0xff, 0x22, 0x7c, 0x73, 0x80, 0x3f,
  0xde, 0xa3, 0x6e, 0x01, 0xe2, 0x30, 0x03, 0x51, 0xb4, 0x80, 0x08, 0xc0,
  0x0b, 0x92, 0x00, 0x4c, 0x80, 0x01, 0xef, 0x80, 0x1c, 0x98, 0x80, 0x3d,
  0xe1, 0xe0, 0x14, 0x84, 0x00, 0x72, 0x9b, 0x18, 0x04, 0x88, 0x53, 0x00,
  0xd0, 0x10, 0x01, 0xd2, 0x1b, 0x20, 0xfa, 0x4e, 0x20, 0x1c, 0x80, 0x42,
  0x00, 0x60, 0x40, 0x0e, 0x18, 0x1c, 0x80, 0x7b, 0x63, 0x50, 0x0d, 0x03,
  0x60, 0x1d, 0x01, 0x60, 0x11, 0xb1, 0xa8, 0x07, 0x0c, 0x0c, 0x00, 0x3c,
  0x3c, 0x03, 0xe7, 0x27, 0x20, 0x12, 0x0f, 0x92, 0x78, 0x07, 0xfd, 0xf6,
  0x3f, 0x20, 0x19, 0x70, 0x57, 0x00, 0x35, 0x1a, 0xc2, 0x80, 0x47, 0xd7,
  0x5b, 0x60, 0x16, 0x85, 0xeb, 0xa4, 0x01, 0x8c, 0xa1, 0x40, 0x20, 0x1f,
  0xb8, 0x01, 0x41, 0x00, 0x35, 0xfd, 0x3c, 0x00, 0x6e, 0x72, 0x76, 0x02,
  0x51, 0x58, 0xd2, 0x90, 0x4a, 0x70, 0x08, 0x40, 0x5c, 0x65, 0xd6, 0x8d,
  0x04, 0x58, 0x71, 0x4a, 0xab, 0x00, 0x16, 0x76, 0xfd, 0x00, 0x00, 0x14,
  0x00, 0x14, 0x70, 0x07, 0xff, 0x00, 0x7e, 0xc7, 0xe4, 0x03, 0x0a, 0xe0,
  0xae, 0x00, 0x46, 0x54, 0xe1, 0x48, 0x62, 0x2c, 0x90, 0x0d, 0x98, 0x90,
  0x0f, 0x41, 0x00, 0x7c, 0x6e, 0x20, 0x1f, 0x70, 0x40, 0x07, 0xa0, 0xa0,
  0xc0, 0x38, 0x9c, 0x9c, 0x03, 0xdc, 0x1c, 0x01, 0xe4, 0x37, 0x30, 0x0f,
  0x8a, 0x00, 0x3f, 0x70, 0x07, 0x80, 0x14, 0x0f, 0x94, 0x78, 0x07, 0xff,
  0x07, 0xe8, 0xfe, 0x00, 0x39, 0x70, 0x97, 0x40, 0x3a, 0x0d, 0xf9, 0x40,
  0x34, 0x6d, 0x4d, 0xe9, 0x00, 0x21, 0xce, 0xf2, 0x0b, 0x04, 0x4e, 0x58,
  0x86, 0xf2, 0x32, 0x81, 0x40, 0x19, 0x81, 0x48, 0x23, 0xff, 0x80, 0x84,
  0x1a, 0xab, 0x80, 0x48, 0x0d, 0x57, 0x38, 0x12, 0x0a, 0x98, 0x05, 0x21,
  0x41, 0x41, 0x95, 0x1a, 0x88, 0x60, 0x4c, 0x35, 0x72, 0x7b, 0x00, 0x8f,
  0x3f, 0xbe, 0x00, 0x00, 0x14, 0x0f, 0x94, 0x78, 0x07, 0xff, 0x02, 0x7c,
  0x73, 0x80, 0x3b, 0xd4, 0x6d, 0x80, 0x39, 0xbd, 0xca, 0x40, 0x32, 0x75,
  0x45, 0x74, 0x00, 0x0a, 0xc6, 0x76, 0xc9, 0xdc, 0x14, 0x12, 0xc4, 0x98,
  0x30, 0x17, 0x66, 0x00, 0x85, 0xc1, 0x0d, 0x01, 0x7f, 0xe6, 0x02, 0x00,
  0x9d, 0xf1, 0x81, 0xac, 0x09, 0x44, 0x4c, 0x0c, 0x4f, 0x20, 0x11, 0xa9,
  0x1b, 0x93, 0xdc, 0x56, 0x07, 0x00, 0x31, 0x51, 0xd4, 0xf0, 0xc0, 0x03,
  0x5f, 0xdf, 0x86, 0x00, 0x12, 0x00, 0x12, 0x70, 0x07, 0xfd, 0x9c, 0x1f,
  0x80, 0x1a, 0xdc, 0x1a, 0xc0, 0x04, 0x6f, 0x21, 0x2e, 0x65, 0x58, 0xe0,
  0x13, 0x65, 0x48, 0x48, 0x05, 0x61, 0x22, 0xc2, 0xc0, 0x64, 0xa2, 0x10,
  0x16, 0x12, 0x12, 0x00, 0x15, 0x25, 0x51, 0x18, 0x05, 0x01, 0x41, 0x60,
  0x18, 0x94, 0x05, 0x80, 0x3b, 0x01, 0x80, 0x31, 0xcc, 0x04, 0x80, 0x65,
  0x63, 0xb1, 0x00, 0x80, 0x12, 0x00, 0x12, 0x70, 0x07, 0xfc, 0xde, 0x93,
  0xe2, 0x01, 0x12, 0xb7, 0xa8, 0x80, 0x0d, 0xa8, 0x9a, 0x8c, 0x87, 0x24,
  0x03, 0x67, 0x00, 0x7f, 0xf1, 0x84, 0x18, 0x03, 0xe3, 0x28, 0x34, 0x90,
  0x0b, 0x89, 0xf2, 0xd8, 0x02, 0x2d, 0xcb, 0xce, 0x00, 0xe3, 0x43, 0x10,
  0x0f, 0xfe, 0x40, 0x18, 0x00, 0x18, 0x70, 0x07, 0xff, 0x0d, 0x7d, 0x27,
  0xc4, 0x03, 0xcc, 0xad, 0xea, 0x20, 0x18, 0x84, 0xe8, 0x9a, 0x80, 0x48,
  0x07, 0x68, 0x03, 0xd5, 0xa2, 0x01, 0xff, 0xce, 0x67, 0x72, 0x90, 0x07,
  0xc5, 0x10, 0xad, 0x70, 0x0f, 0x27, 0xfb, 0x0a, 0x08, 0x03, 0xf1, 0xd0,
  0x38, 0x07, 0xf7, 0x00, 0x80, 0x72, 0xc4, 0x2d, 0x89, 0x00, 0x38, 0x5d,
  0xca, 0xac, 0x00, 0xc0, 0x0a, 0x00, 0x0a, 0x70, 0x07, 0x57, 0x86, 0x76,
  0x28, 0x5b, 0xb5, 0x03, 0xcc, 0x7f, 0xd9, 0x6c, 0x07, 0x27, 0xa0, 0x8a,
  0x01, 0xff, 0xcd, 0x4e, 0x04, 0x6c, 0x50, 0x3a, 0x10, 0x0f, 0x90, 0x60,
  0x07, 0xf0, 0xfc, 0x8f, 0xc8, 0x00, 0x57, 0xc5, 0x70, 0x02, 0x83, 0x5a,
  0x50, 0x04, 0x6d, 0x53, 0xd0, 0x11, 0xdb, 0xf8, 0xec, 0x57, 0x20, 0x42,
  0x41, 0xe3, 0x3b, 0xaa, 0x01, 0xe0, 0xbd, 0xd4, 0x81, 0x30, 0x43, 0x3d,
  0x8a, 0x8e, 0x0d, 0xd0, 0xe0, 0x00, 0xf7, 0xb9, 0x84, 0x00, 0x16, 0x00,
  0x18, 0x58, 0x07, 0xff, 0x0e, 0x7c, 0x73, 0x80, 0x3e, 0xf5, 0x1b, 0x70,
  0x0c, 0x46, 0x0d, 0x46, 0xd2, 0x06, 0x60, 0x6c, 0xa0, 0x3c, 0x90, 0x5c,
  0x90, 0x48, 0x57, 0x00, 0x8a, 0x8e, 0x80, 0x0e, 0x91, 0x60, 0x5e, 0x3a,
  0x01, 0xbc, 0x1c, 0x14, 0x9c, 0x40, 0x21, 0xa0, 0x90, 0x63, 0x64, 0x00,
  0xa8, 0x69, 0x40, 0x74, 0x68, 0x82, 0x11, 0xd4, 0x02, 0x1d, 0x1e, 0x00,
  0x0e, 0x0f, 0x8e, 0x60, 0x07, 0xed, 0xd0, 0x7d, 0x00, 0x15, 0x40, 0xb8,
  0x00, 0x8b, 0x59, 0x60, 0x05, 0xe5, 0x65, 0x02, 0xa4, 0xfa, 0xa8, 0x57,
  0xdd, 0x5c, 0x84, 0x00, 0xb6, 0x54, 0x04, 0x88, 0xe8, 0x82, 0xa5, 0xca,
  0xe0, 0x0b, 0x35, 0x49, 0x08, 0x13, 0xfd, 0xee, 0x00, 0x10, 0x00, 0x10,
  0x58, 0x07, 0xfb, 0xec, 0x7e, 0x40, 0x25, 0xc1, 0x5f, 0x00, 0x1c, 0x38,
  0x52, 0x90, 0xe4, 0x00, 0x1b, 0x20, 0x03, 0x1c, 0x80, 0x7b, 0x88, 0x03,
  0xa8, 0xbc, 0x03, 0x22, 0xd1, 0x00, 0x61, 0x65, 0x00, 0xe3, 0x90, 0x0c,
  0x10, 0x0f, 0x90, 0x60, 0x07, 0xf3, 0xf9, 0xd7, 0x80, 0x46, 0xa3, 0x8a,
  0x01, 0x24, 0x39, 0x50, 0x05, 0x1b, 0x57, 0xc6, 0x0a, 0xe9, 0xb6, 0x3c,
  0x1e, 0x10, 0x6a, 0xc4, 0x62, 0x19, 0xdc, 0x60, 0x62, 0x0d, 0xff, 0x30,
  0x3d, 0x07, 0xab, 0xb1, 0x91, 0xd1, 0xd4, 0x26, 0x80, 0x17, 0xb7, 0xac,
  0x40, 0x10, 0x0f, 0x90, 0x60, 0x07, 0xf4, 0xf8, 0xe7, 0x00, 0x5e, 0xa3,
  0x6c, 0x01, 0x34, 0x29, 0xc0, 0x05, 0x3b, 0x57, 0xa2, 0x0a, 0xcc, 0xea,
  0x2a, 0x01, 0x7b, 0x26, 0x34, 0x14, 0x86, 0xcc, 0x18, 0x1a, 0xcb, 0x7f,
  0x8c, 0x08, 0x5b, 0x92, 0x0d, 0x81, 0x20, 0xed, 0xd6, 0x40, 0x0f, 0xfb,
  0xf4, 0x00, 0x10, 0x00, 0x10, 0x58, 0x07, 0xf1, 0x7d, 0x0f, 0xc8, 0x00,
  0xd7, 0x05, 0x70, 0x00, 0x50, 0xc1, 0x4c, 0x22, 0xc8, 0x00, 0x1e, 0x48,
  0x07, 0xe1, 0x06, 0x00, 0xf2, 0x1d, 0xcc, 0x00, 0x54, 0xec, 0xec, 0x01,
  0x0c, 0x6f, 0x70, 0x03, 0xfc, 0x14, 0x00, 0x14, 0x58, 0x07, 0xff, 0x00,
  0x7e, 0x8f, 0xdc, 0x03, 0x0a, 0xe0, 0xa9, 0x80, 0x44, 0x34, 0xc5, 0x48,
  0x42, 0x2d, 0xb0, 0x0c, 0x7a, 0xc0, 0x1f, 0xfc, 0x05, 0xfe, 0xb3, 0x00,
  0xe3, 0x86, 0x5d, 0x70, 0x0c, 0xcf, 0x0c, 0x24, 0x01, 0x99, 0xdc, 0xc2,
  0x40, 0x18, 0xe2, 0x05, 0xae, 0x00, 0x12, 0x0f, 0x92, 0x78, 0x07, 0xfd,
  0x5e, 0x19, 0xc0, 0x1b, 0x14, 0x2d, 0xc0, 0x06, 0xcf, 0x40, 0xf2, 0xaa,
  0xb9, 0xc0, 0x0a, 0x6a, 0x64, 0xe4, 0xc0, 0x2c, 0x9a, 0x30, 0x14, 0x0c,
  0x10, 0x20, 0x06, 0x33, 0x49, 0x98, 0x02, 0xb0, 0xe1, 0x90, 0x0c, 0x48,
  0x42, 0xa0, 0x1d, 0xc0, 0xe0, 0x1e, 0x10, 0x10, 0x0f, 0xfe, 0x62, 0x74,
  0x00, 0x40, 0x09, 0xf0, 0x0a, 0x58, 0x07, 0x57, 0x86, 0x76, 0x28, 0x5b,
  0xb5, 0x1b, 0x48, 0x1e, 0x48, 0x07, 0xff, 0x28, 0x41, 0x08, 0x09, 0x4d,
  0x40, 0x10, 0x0f, 0x90, 0x60, 0x07, 0xf0, 0xfd, 0x0f, 0xc8, 0x00, 0x57,
  0x05, 0x7c, 0x00, 0x36, 0xc1, 0x4e, 0x22, 0xeb, 0x00, 0x17, 0x40, 0x07,
  0xff, 0x30, 0x40, 0x40, 0x02, 0x02, 0x06, 0x90, 0xde, 0x18, 0x1a, 0x8f,
  0x25, 0x28, 0x03, 0x7f, 0xdc, 0x60, 0x10, 0x0f, 0x90, 0x68, 0x06, 0x10,
  0x0f, 0x2f, 0x08, 0x05, 0x7c, 0x49, 0x3e, 0x21, 0x8c, 0xf7, 0xaa, 0x20,
  0xd2, 0x00, 0x5b, 0x01, 0xeb, 0x00, 0x37, 0x28, 0x07, 0xff, 0x30, 0x40,
  0x40, 0x02, 0x02, 0x06, 0x8e, 0xd2, 0x0a, 0x1c, 0x71, 0x21, 0x62, 0x05,
  0x9f, 0xdc, 0x40, 0x09, 0xe0, 0x0e, 0x60, 0x04, 0x20, 0x1c, 0xfc, 0x20,
  0x08, 0xf4, 0x05, 0xf8, 0xd5, 0x3f, 0x55, 0x6a, 0xd0, 0x98, 0x52, 0x80,
  0x1f, 0x18, 0x03, 0xff, 0xa8, 0x61, 0x84, 0x01, 0x2a, 0x21, 0x40, 0x09,
  0xf0, 0x0a, 0x68, 0x08, 0x00, 0x53, 0xb9, 0x5a, 0xf9, 0xf9, 0xb5, 0x83,
  0xbf, 0xc8, 0x06, 0xaf, 0x67, 0x36, 0x07, 0x92, 0x01, 0xff, 0xca, 0x10,
  0x42, 0x02, 0x53, 0x50, 0x10, 0x0f, 0x90, 0x68, 0x04, 0x20, 0x1f, 0x6d,
  0x00, 0x6d, 0xd5, 0x34, 0xf8, 0x01, 0x54, 0xd9, 0x85, 0x00, 0x4c, 0x80,
  0x0b, 0x60, 0x3d, 0x60, 0x05, 0xe6, 0x00, 0xff, 0xe6, 0x08, 0x08, 0x00,
  0xc0, 0xc0, 0xd2, 0x1a, 0x01, 0x03, 0x8d, 0xe4, 0x28, 0x40, 0xb3, 0xfb,
  0x8a, 0x00, 0x10, 0x0f, 0x90, 0x68, 0x06, 0x10, 0x0f, 0x2f, 0x08, 0x05,
  0x7c, 0x49, 0x3e, 0x21, 0x8c, 0xf7, 0xaa, 0x20, 0xd2, 0x00, 0x5b, 0x01,
  0xeb, 0x00, 0x37, 0x28, 0x07, 0xff, 0x30, 0x40, 0x40, 0x02, 0x02, 0x06,
  0x8e, 0xd2, 0x0a, 0x1c, 0x71, 0x21, 0x62, 0x05, 0x9f, 0xdc, 0x40, 0x10,
  0x0f, 0x90, 0x70, 0x04, 0x20, 0x01, 0x00, 0xaf, 0xb3, 0x0c, 0x01, 0x6f,
  0xc4, 0xb8, 0x00, 0x66, 0x96, 0xa4, 0x02, 0x4d, 0x14, 0xe0, 0x02, 0xcb,
  0x85, 0x99, 0x0d, 0xc0, 0x00, 0xae, 0xc0, 0x1f, 0xfc, 0xc1, 0x01, 0x00,
  0x08, 0x08, 0x22, 0x21, 0xbc, 0x30, 0x29, 0x1e, 0x4a, 0x50, 0x06, 0xff,
  0xb8, 0xc0, 0x06, 0x02, 0x86, 0x18, 0x04, 0x3f, 0xa0, 0x4c, 0x06, 0x00,
  0x06, 0x10, 0xf6, 0x00, 0x88, 0x06, 0x0e, 0x86, 0x28, 0xf6, 0x00, 0x8d,
  0x82, 0x2d, 0x91, 0xe5, 0x06, 0x00, 0x06, 0x40, 0x04, 0x3f, 0xa0, 0x4c,
  0x3b, 0x60, 0x1e, 0x1e, 0xc0, 0x11, 0x00, 0x06, 0x0e, 0x86, 0x58, 0x04,
  0x3f, 0xa0, 0x4c, 0x3b, 0x60, 0x1e, 0x1e, 0xc0, 0x11, 0xb0, 0x45, 0xb2,
  0x3c, 0xa0, 0x14, 0x00, 0x14, 0x10, 0xf6, 0x06, 0x70, 0xc7, 0x20, 0x08,
  0x80, 0x44, 0x02, 0x30, 0x06, 0x00, 0x06, 0x58, 0x19, 0x13, 0x20, 0xc0,
  0x3e, 0x31, 0x00, 0xf8, 0x43, 0xa0, 0xbe, 0x84, 0x4c, 0x10, 0x00, 0x10,
  0x58, 0x00, 0x51, 0x00, 0x19, 0xfa, 0xed, 0xc8, 0x07, 0x09, 0x96, 0x14,
  0x08, 0x30, 0x68, 0xe2, 0x27, 0xe3, 0x01, 0x71, 0x10, 0x04, 0x9e, 0x1a,
  0x01, 0xa8, 0xfc, 0xc0, 0x21, 0x12, 0x88, 0x06, 0x1e, 0x80, 0x0e, 0x4f,
  0x90, 0x0f, 0x09, 0x80, 0x40, 0x06, 0x01, 0x86, 0x18, 0xed, 0x81, 0x30,
  0xfe, 0x80, 0x06, 0x0e, 0x86, 0x58, 0x04, 0x3f, 0xa0, 0x4c, 0x3b, 0x60,
  0x1e, 0x1e, 0xc0, 0x11, 0x83, 0x41, 0xb0, 0x27, 0x00, 0x0e, 0x00, 0x0e,
  0x10, 0xf6, 0x06, 0x70, 0x80, 0x88, 0x04, 0x40, 0x06, 0x00, 0x86, 0x40,
  0xed, 0x81, 0x30, 0xfe, 0x80, 0x7c, 0x42, 0x2d, 0xc0, 0x44, 0x00, 0x08,
  0x00, 0x06, 0x10, 0xf6, 0x00, 0x88, 0x08, 0x0e, 0x86, 0x28, 0x76, 0x00,
  0x90, 0x69, 0x86, 0x58, 0x73, 0x00, 0x08, 0x00, 0x06, 0x40, 0x04, 0x3f,
  0xa0, 0x4c, 0x3b, 0x60, 0x1e, 0x1e, 0xc0, 0x11, 0x00, 0x08, 0x0e, 0x86,
  0x58, 0x04, 0x3f, 0xa0, 0x4c, 0x3b, 0x60, 0x1e, 0x1e, 0xc0, 0x11, 0xb0,
  0x45, 0xb2, 0x3c, 0xa0, 0x08, 0x00, 0x86, 0x40, 0xed, 0x81, 0x30, 0xfe,
  0x80, 0x7c, 0x42, 0x2d, 0xc1, 0x44, 0x00, 0x06, 0x01, 0x06, 0x48, 0x04,
  0x3f, 0xa0, 0x4c, 0x3b, 0x60, 0x1e, 0x1d, 0xb0, 0x26, 0x1f, 0xd0, 0x12,
  0x14, 0x0e, 0x20, 0x06, 0x10, 0x0e, 0xbb, 0x00, 0x07, 0xe5, 0xbf, 0xac,
  0x57, 0x35, 0x5f, 0x00, 0x12, 0x14, 0x0e, 0x20, 0x04, 0x20, 0x1c, 0x3c,
  0xa0, 0x01, 0xf8, 0x42, 0xeb, 0x15, 0xcb, 0x77, 0x60, 0x12, 0x14, 0x0e,
  0x20, 0x06, 0x10, 0x0e, 0xbb, 0x00, 0x07, 0xe5, 0xbf, 0xac, 0x57, 0x35,
  0x5f, 0x00, 0x0e, 0x14, 0x0a, 0x28, 0x08, 0x00, 0x67, 0xb3, 0x0d, 0x9d,
  0xf2, 0xf7, 0x45, 0x52, 0xa6, 0x29, 0xc0, 0x00, 0x14, 0x0c, 0x18, 0x07,
  0x87, 0xe5, 0x3d, 0xc5, 0x7d, 0x94, 0xc0, 0x00, 0x04, 0x06, 0x18, 0x04,
  0x3f, 0x62, 0xb8, 0x00, 0x04, 0x06, 0x18, 0x04, 0x3f, 0x62, 0xb8, 0x00,
  0x04, 0x1a, 0x18, 0x08, 0x04, 0x20, 0x01, 0x00, 0x08, 0x0f, 0x68, 0x6f,
  0x0d, 0xf1, 0x8f, 0x68, 0x13, 0x03, 0x10, 0x11, 0x00, 0x04, 0xc0, 0x00,
  0x04, 0x14, 0x18, 0x08, 0x04, 0x20, 0x01, 0x01, 0xed, 0x0d, 0xe1, 0x9e,
  0x50, 0x26, 0x06, 0x20, 0xe2, 0x10, 0x00, 0x0e, 0x94, 0x10, 0xf6, 0x06,
  0x70, 0xc7, 0x20, 0x08, 0x80, 0x44, 0x02, 0x30, 0x10, 0x14, 0x0c, 0x18,
  0x07, 0x87, 0xe5, 0x3d, 0xc5, 0x7d, 0x94, 0xc0, 0x06, 0x04, 0x06, 0x18,
  0x04, 0x3f, 0x62, 0xb8, 0x16, 0x14, 0x10, 0x18, 0x07, 0xe1, 0xf9, 0x5f,
  0x3c, 0xe1, 0x5f, 0x65, 0x2b, 0x70, 0x12, 0x14, 0x0e, 0x20, 0x06, 0x10,
  0x0e, 0xbb, 0x00, 0x07, 0xe5, 0xbf, 0xac, 0x57, 0x35, 0x5f, 0x00, 0x10,
  0x1e, 0x8c, 0x10, 0x5b, 0x95, 0xa8, 0xa7, 0x0a, 0x18, 0x08, 0x04, 0x08,
  0x2b, 0xd0, 0x03, 0x14, 0x42, 0xf5, 0x48, 0x3a, 0x4d, 0x43, 0xc4, 0x0c,
  0x04, 0x0c, 0x28, 0x07, 0xec, 0xe0, 0x0d, 0x52, 0x01, 0x67, 0x8f, 0x08,
  0x6a, 0xde, 0x08, 0x0c, 0x05, 0x8c, 0x28, 0x07, 0xec, 0xe0, 0x0d, 0x52,
  0x01, 0x67, 0x8f, 0x08, 0x6a, 0xde, 0x08, 0x10, 0x14, 0x0c, 0x28, 0x04,
  0x4e, 0x20, 0x17, 0xe0, 0x80, 0x0a, 0xac, 0x07, 0xed, 0xbe, 0x45, 0x3c,
  0x53, 0x80, 0x10, 0x15, 0x8c, 0x28, 0x04, 0x4e, 0x20, 0x17, 0xe8, 0x80,
  0x0a, 0xa8, 0x03, 0xf6, 0xdf, 0x22, 0x9e, 0x29, 0xc0, 0x10, 0x14, 0x0c,
  0x28, 0x21, 0x02, 0x10, 0x16, 0x4c, 0x8c, 0x1a, 0x43, 0xc4, 0x5f, 0xd1,
  0xb2, 0x29, 0xe2, 0x9c, 0x10, 0x15, 0x8c, 0x28, 0x29, 0x02, 0x90, 0x1e,
  0x4c, 0x18, 0x34, 0x87, 0x88, 0xbf, 0xa3, 0x64, 0x53, 0xc5, 0x38, 0x10,
  0x14, 0x0c, 0x28, 0x2a, 0x80, 0x30, 0xd2, 0x00, 0x49, 0x42, 0x00, 0x1f,
  0xc4, 0xf9, 0x14, 0xf1, 0x4e, 0x10, 0x15, 0x8c, 0x28, 0x2b, 0x00, 0x61,
  0x94, 0x00, 0x92, 0xc4, 0x00, 0x3f, 0xa9, 0xf2, 0x29, 0xe2, 0x9c, 0x10,
  0x14, 0x0c, 0x20, 0x57, 0x74, 0x61, 0x1b, 0xb1, 0x8e, 0xd1, 0x64, 0x8a,
  0x78, 0xa7, 0x80, 0x10, 0x15, 0x8c, 0x20, 0x57, 0x74, 0x81, 0x19, 0x92,
  0x0e, 0xd9, 0xec, 0x8a, 0x78, 0xa7, 0x80, 0x0c, 0x05, 0x8a, 0x29, 0xb0,
  0x2a, 0x5c, 0x8d, 0xf4, 0xe0, 0xe4, 0x17, 0x6f, 0xa9, 0x44, 0x4a, 0x0c,
  0x04, 0x0a, 0x29, 0xb0, 0x32, 0x5c, 0x8c, 0x74, 0xe8, 0xe5, 0x97, 0xef,
  0xb1, 0x44, 0x4a, 0x0e, 0x14, 0x0a, 0x28, 0x07, 0x75, 0x8f, 0xc4, 0x38,
  0x62, 0xcf, 0x98, 0x17, 0xb7, 0x2d, 0x40, 0x0e, 0x14, 0x0a, 0x28, 0x07,
  0x75, 0x8f, 0xc4, 0x38, 0x62, 0xcf, 0x98, 0x17, 0xb7, 0x2d, 0x40, 0x0d,
  0xfe, 0x90, 0x70, 0x07, 0xfc, 0x3f, 0x40, 0x1c, 0x2b, 0x80, 0x1e, 0x94,
  0x00, 0xe1, 0xc8, 0x00, 0xff, 0xef, 0xa6, 0x60, 0x17, 0x4c, 0x2c, 0x68,
  0x0e, 0x88, 0x00, 0x20, 0x0a, 0x71, 0x0a, 0x19, 0x66, 0x00, 0x00, 0x08,
  0x00, 0x0a, 0x70, 0x07, 0xa7, 0xc8, 0x01, 0xea, 0x60, 0x06, 0xb3, 0x00,
  0x4f, 0x69, 0x03, 0x16, 0x10, 0x83, 0x98, 0x07, 0xff, 0x60, 0x06, 0x0e,
  0x86, 0x10, 0x5c, 0x0a, 0x10, 0x06, 0x00, 0x06, 0x10, 0xf6, 0x00, 0x88,
  0x06, 0x00, 0x86, 0x40, 0xe3, 0x29, 0xe2, 0x65, 0x01, 0x80, 0x61, 0xc6,
  0x53, 0xc4, 0xca, 0x14, 0x0e, 0x94, 0x88, 0x04, 0xbd, 0xc4, 0x00, 0xf4,
  0xd5, 0xf8, 0x07, 0xaa, 0x97, 0xc0, 0x1e, 0x7a, 0xa2, 0x80, 0x7a, 0x6e,
  0xcc, 0x01, 0xe5, 0x10, 0xa0, 0x0e, 0x32, 0x74, 0x31, 0x00, 0xd4, 0x1b,
  0xa0, 0x70, 0x0c, 0xe2, 0x8e, 0x14, 0x01, 0x20, 0xb8, 0x0a, 0x18, 0x80,
  0x38, 0x1b, 0xfc, 0x80, 0xe0, 0x05, 0x17, 0x7c, 0x14, 0x0a, 0x0d, 0x11,
  0x90, 0xc7, 0x82, 0xc0, 0x36, 0x83, 0x5f, 0x98, 0x06, 0xe0, 0x40, 0x0f,
  0x98, 0x84, 0x03, 0xe6, 0x3b, 0x12, 0x0e, 0x94, 0x71, 0x18, 0x07, 0x11,
  0x82, 0xe4, 0x80, 0x45, 0xba, 0x07, 0x26, 0x20, 0x04, 0x05, 0x80, 0x24,
  0x24, 0x11, 0x4d, 0x40, 0x08, 0x92, 0xc8, 0x70, 0x06, 0x90, 0xa2, 0x72,
  0x00, 0xc5, 0x00, 0x30, 0x01, 0xe5, 0x04, 0x00, 0xff, 0xec, 0xc0, 0xc0,
  0x07, 0xca, 0x62, 0x01, 0xf4, 0x05, 0x80, 0x60, 0x10, 0x0e, 0x8e, 0x78,
  0x07, 0xf3, 0xf6, 0x88, 0x05, 0x38, 0xee, 0x00, 0x9f, 0xd1, 0x00, 0x15,
  0xd5, 0x90, 0x02, 0x36, 0x2b, 0x8c, 0x9d, 0x7f, 0x06, 0x0b, 0xed, 0x14,
  0x1c, 0x6f, 0xaa, 0x80, 0x2c, 0x93, 0xd8, 0x20, 0x21, 0xc7, 0x02, 0x0c,
  0x8f, 0x82, 0x01, 0x5f, 0xfc, 0x12, 0x01, 0xa8, 0x03, 0xd2, 0x5e, 0x11,
  0xfe, 0x92, 0x58, 0x19, 0x00, 0x44, 0x60, 0x0f, 0xd0, 0x0b, 0xf4, 0x01,
  0x40, 0xa0, 0x44, 0x70, 0x03, 0x07, 0x05, 0x05, 0x00, 0x4a, 0x82, 0xa6,
  0x60, 0x0b, 0x82, 0x0a, 0x80, 0x32, 0x13, 0x03, 0x80, 0x75, 0x02, 0x88,
  0x07, 0x78, 0x68, 0x06, 0x29, 0x70, 0xf1, 0x00, 0x99, 0x10, 0xea, 0xa0,
  0x00, 0x08, 0x00, 0x0a, 0x50, 0x18, 0x80, 0x07, 0x2c, 0x03, 0x09, 0x80,
  0x49, 0x84, 0x00, 0x4d, 0x20, 0x00, 0x90, 0x07, 0xfc, 0x20, 0xec, 0x00,
  0x73, 0x92, 0x00, 0x05, 0x0a, 0x20, 0x57, 0x48, 0x13, 0xf3, 0x89, 0x0e,
  0xa8, 0x86, 0x62, 0xc0, 0x26, 0x0d, 0xa8, 0xa0, 0x12, 0x2a, 0xff, 0xf0,
  0x90, 0x00, 0x5b, 0x75, 0x5f, 0xfc, 0x2b, 0xd0, 0x41, 0xff, 0xff, 0xe1,
  0xd9, 0x00, 0x7f, 0xf2, 0x04, 0x03, 0xff, 0xa8, 0x40, 0x1f, 0xfc, 0x65,
  0xd4, 0x00, 0xff, 0xe2, 0x1d, 0x12, 0x00, 0x7f, 0xf0, 0xc7, 0x47, 0x00,
  0x3f, 0xf8, 0x9a, 0x3a, 0x20, 0x1f, 0xfc, 0x3a, 0x3a, 0x30, 0x0f, 0xfe,
  0x1c, 0x2b, 0xa8, 0x07, 0xff, 0x0d, 0x5d, 0x60, 0x03, 0xff, 0x88, 0x47,
  0x40, 0x1f, 0xfc, 0x57, 0xc0, 0x0f, 0xff, 0x41, 0x89, 0x17, 0xff, 0x10,
  0x05, 0x07, 0x77, 0xff, 0x87, 0x28, 0x03, 0xdb, 0xbf, 0xfc, 0x3e, 0xb0,
  0x0e, 0x00, 0x0e, 0x58, 0x19, 0x01, 0x18, 0x0e, 0x48, 0x4e, 0x08, 0x07,
  0xff, 0xcc, 0x12, 0x2f, 0x8e, 0x60, 0x07, 0xc5, 0xff, 0xc8, 0x64, 0x0c,
  0xee, 0x61, 0x70, 0xb8, 0x81, 0x00, 0x7f, 0xf9, 0xaf, 0x48, 0x02, 0x08,
  0x00, 0x0a, 0x58, 0x00, 0x48, 0x01, 0x3d, 0xa4, 0x0c, 0x58, 0x42, 0x0c,
  0x01, 0x93, 0x08, 0x00, 0x9a, 0x40, 0x01, 0x20, 0x0f, 0xfe, 0x48, 0x0a,
  0x00, 0x0c, 0x58, 0x04, 0x40, 0x11, 0xf6, 0x98, 0x02, 0x86, 0x4c, 0x0c,
  0x80, 0x8c, 0xd8, 0x81, 0x79, 0x8d, 0x40, 0xcd, 0xd1, 0x08, 0x11, 0x40,
  0x1f, 0xfc, 0xc0, 0x08, 0x00, 0x0c, 0x58, 0x00, 0x48, 0x02, 0x9e, 0xe0,
  0x04, 0xc5, 0xc0, 0x01, 0x06, 0x13, 0x20, 0x02, 0x66, 0x24, 0x00, 0x9b,
  0xa9, 0x00, 0x09, 0x14, 0x01, 0xff, 0xcc, 0x08, 0x00, 0x0a, 0x70, 0x00,
  0x40, 0x2a, 0xe2, 0x00, 0x62, 0x18, 0x01, 0xa8, 0xc0, 0x13, 0xda, 0x40,
  0xc5, 0x84, 0x20, 0xc0, 0x19, 0x30, 0x80, 0x09, 0xa4, 0x00, 0x12, 0x00,
  0xff, 0xe4, 0x80, 0x16, 0x0e, 0x96, 0x70, 0x00, 0x48, 0x03, 0xf4, 0xf6,
  0x90, 0x07, 0xcc, 0x58, 0x40, 0x1e, 0x10, 0x60, 0x32, 0x04, 0x40, 0x06,
  0x4c, 0xc7, 0xed, 0xdb, 0x44, 0x00, 0x9a, 0x05, 0x58, 0xa4, 0xc0, 0x01,
  0x20, 0x27, 0x3b, 0x0d, 0x00, 0xe1, 0x00, 0xff, 0xed, 0x0f, 0xd0, 0x7e,
  0x00, 0x7f, 0xf0, 0x12, 0x80, 0x80, 0x3e, 0x26, 0x59, 0x0a, 0x00, 0x0a,
  0x58, 0x04, 0x42, 0x09, 0xfa, 0xc1, 0xc1, 0x4c, 0x02, 0x0a, 0x20, 0x17,
  0x09, 0xa0, 0x48, 0xf8, 0x01, 0xc3, 0x50, 0x02, 0x10, 0x0f, 0xfe, 0x10,
  0x0e, 0x00, 0x0c, 0x40, 0x19, 0x01, 0x18, 0xe4, 0x07, 0xe8, 0x07, 0xff,
  0x60, 0x10, 0x00, 0x10, 0x40, 0x19, 0x00, 0x08, 0xc4, 0x59, 0x00, 0x9b,
  0xe2, 0x01, 0x1d, 0x96, 0x80, 0x4d, 0x83, 0x82, 0x01, 0x18, 0x00, 0xc0,
  0x31, 0xd8, 0xf0, 0x06, 0x64, 0x83, 0x90, 0x0e, 0x74, 0x65, 0x08, 0x0e,
  0x8a, 0x68, 0x18, 0x80, 0x07, 0x2c, 0x03, 0x09, 0x80, 0x49, 0x84, 0x00,
  0x4d, 0x20, 0x00, 0x90, 0x07, 0xfc, 0x20, 0xec, 0x00, 0x82, 0x92, 0x07,
  0x70, 0x18, 0x4b, 0x00, 0x89, 0x0a, 0x80, 0x08, 0x0e, 0x8a, 0x68, 0x18,
  0x80, 0x07, 0x2c, 0x03, 0x09, 0x80, 0x49, 0x84, 0x00, 0x4d, 0x20, 0x00,
  0x90, 0x07, 0xfc, 0x20, 0xec, 0x00, 0x72, 0x92, 0x08, 0x0a, 0x20, 0x06,
  0x59, 0x82, 0x7a, 0x18, 0x0a, 0x00, 0x0a, 0x58, 0x04, 0xb4, 0x06, 0x24,
  0xc3, 0x96, 0x2a, 0x00, 0x15, 0x90, 0x02, 0x61, 0x00, 0x13, 0x48, 0x00,
  0x24, 0x01, 0xff, 0x08, 0x3b, 0x00, 0x1c, 0xe4, 0x80, 0x08, 0x0e, 0x0a,
  0x70, 0x18, 0x80, 0x07, 0x2c, 0x03, 0x09, 0x80, 0x49, 0x84, 0x00, 0x4d,
  0x20, 0x00, 0x90, 0x07, 0xfc, 0x20, 0xe8, 0x00, 0x62, 0xb2, 0x09, 0xed,
  0x20, 0x8e, 0x30, 0x02, 0x28, 0x80, 0x2a, 0x00, 0x00, 0x08, 0x00, 0x0a,
  0x68, 0x08, 0x04, 0x5d, 0x40, 0x03, 0x4d, 0x00, 0x0c, 0x30, 0x00, 0x72,
  0xc0, 0x30, 0x98, 0x04, 0x98, 0x40, 0x04, 0xd2, 0x00, 0x09, 0x00, 0x7f,
  0xc2, 0x0e, 0xc0, 0x07, 0x39, 0x20, 0x08, 0x0e, 0x0a, 0x70, 0x18, 0x80,
  0x07, 0x2c, 0x03, 0x09, 0x80, 0x49, 0x84, 0x00, 0x4d, 0x20, 0x00, 0x90,
  0x07, 0xfc, 0x20, 0xec, 0x00, 0x73, 0x92, 0x08, 0xef, 0x20, 0x4c, 0x30,
  0x01, 0x99, 0x80, 0x0f, 0xca, 0x00, 0x08, 0x0e, 0x8a, 0x68, 0x18, 0x80,
  0x07, 0x2c, 0x03, 0x09, 0x80, 0x49, 0x84, 0x00, 0x4d, 0x20, 0x00, 0x90,
  0x07, 0xfc, 0x20, 0xec, 0x00, 0x73, 0x92, 0x08, 0xef, 0x27, 0xee, 0x95,
  0x55, 0x52, 0x00, 0x08, 0x0e, 0x0a, 0x70, 0x18, 0x80, 0x07, 0x2c, 0x03,
  0x09, 0x80, 0x49, 0x84, 0x00, 0x4d, 0x20, 0x00, 0x90, 0x07, 0xfc, 0x20,
  0xec, 0x00, 0x73, 0x92, 0x08, 0xef, 0x20, 0x9e, 0x70, 0x77, 0x54, 0x2b,
  0x72, 0x72, 0x00, 0x09, 0xf0, 0x0c, 0x68, 0x07, 0xaf, 0xc7, 0x3c, 0x31,
  0x46, 0xd4, 0x1e, 0x8d, 0xa8, 0x00, 0x78, 0xc0, 0x1d, 0xc6, 0x01, 0x9b,
  0x00, 0x33, 0x68, 0x06, 0xe2, 0x00, 0xff, 0xe1, 0x08, 0x5b, 0x00, 0x09,
  0x4e, 0x40, 0x10, 0x0f, 0x90, 0x48, 0x19, 0x00, 0x46, 0x43, 0x90, 0x00,
  0x1c, 0x80, 0x0f, 0xfe, 0x60, 0x80, 0x80, 0x0c, 0x08, 0x11, 0x10, 0xbc,
  0x18, 0x14, 0x8f, 0x45, 0x28, 0x03, 0x7f, 0xdc, 0x60, 0x10, 0x0f, 0x90,
  0x60, 0x07, 0x10, 0x80, 0x75, 0x60, 0x07, 0x1a, 0xd0, 0x80, 0x08, 0x4f,
  0xd0, 0x84, 0x5b, 0x60, 0x01, 0xdb, 0x00, 0xff, 0xe6, 0x08, 0x08, 0x00,
  0xc0, 0xc1, 0x11, 0x0b, 0xc1, 0xa1, 0x48, 0xf4, 0x52, 0x80, 0x37, 0xfd,
  0xc6, 0x00, 0x12, 0x0f, 0x92, 0x48, 0x23, 0x80, 0x4c, 0xa0, 0x0f, 0x80,
  0x0a, 0x24, 0x03, 0xfd, 0x88, 0x1b, 0xb0, 0x9e, 0xc1, 0x84, 0x4c, 0x80,
  0xa5, 0x14, 0x1d, 0x10, 0x0c, 0x81, 0x81, 0xcb, 0x61, 0xa0, 0x05, 0x83,
  0xa4, 0x76, 0x00, 0x9f, 0xfb, 0xe0, 0x00, 0x10, 0x0f, 0x90, 0x60, 0x00,
  0xc0, 0x04, 0x20, 0x16, 0xba, 0x69, 0x80, 0x59, 0x88, 0xa2, 0x00, 0x18,
  0x5e, 0x21, 0x88, 0xb2, 0x00, 0x09, 0x8e, 0x01, 0xff, 0xcc, 0x10, 0x10,
  0x01, 0x81, 0x01, 0xa3, 0xb4, 0x02, 0x87, 0x1c, 0x48, 0x58, 0x81, 0x67,
  0xf7, 0x10, 0x00, 0x10, 0x0f, 0x90, 0x60, 0x00, 0xc4, 0x0c, 0x80, 0x2a,
  0xc6, 0xc1, 0x00, 0xa5, 0xea, 0xcc, 0x00, 0x65, 0x58, 0x86, 0x43, 0x90,
  0x00, 0x1c, 0x80, 0x0f, 0xfe, 0x60, 0x80, 0x80, 0x0c, 0x08, 0x11, 0x10,
  0xbc, 0x18, 0x14, 0x8f, 0x45, 0x28, 0x03, 0x7f, 0xdc, 0x60, 0x10, 0x0f,
  0x90, 0x60, 0x04, 0x46, 0x01, 0xc7, 0xbd, 0x40, 0x1a, 0x63, 0x05, 0x40,
  0x07, 0x0e, 0x36, 0xc4, 0x39, 0x00, 0x01, 0xc8, 0x00, 0xff, 0xe6, 0x08,
  0x08, 0x00, 0xc0, 0x81, 0x11, 0x0b, 0xc1, 0x81, 0x48, 0xf4, 0x52, 0x80,
  0x37, 0xfd, 0xc6, 0x00, 0x10, 0x0e, 0x10, 0x60, 0x19, 0x00, 0x46, 0x43,
  0x90, 0x00, 0x1c, 0x80, 0x0f, 0xfe, 0x60, 0x80, 0x80, 0x0c, 0x08, 0x11,
  0x10, 0xbc, 0x18, 0x14, 0x8f, 0x45, 0x28, 0x03, 0x7f, 0xdc, 0x60, 0x0d,
  0x9e, 0xc0, 0x1a, 0xc2, 0xa5, 0x00, 0x2a, 0xc4, 0xe5, 0x00, 0x10, 0x0f,
  0x90, 0x60, 0x10, 0x88, 0x80, 0x34, 0x79, 0xec, 0x80, 0x54, 0x55, 0x2e,
  0x20, 0x02, 0xd8, 0x6e, 0x31, 0x16, 0xd8, 0x00, 0x76, 0xc0, 0x3f, 0xf9,
  0x82, 0x02, 0x00, 0x30, 0x30, 0x44, 0x42, 0xf0, 0x68, 0x52, 0x3d, 0x14,
  0xa0, 0x0d, 0xff, 0x71, 0x80, 0x10, 0x0f, 0x90, 0x60, 0x00, 0x40, 0x02,
  0x01, 0x1f, 0x49, 0x75, 0x00, 0x09, 0x30, 0x93, 0x00, 0x07, 0x4a, 0x16,
  0x82, 0x2d, 0xb0, 0x01, 0xec, 0x80, 0x7f, 0xf3, 0x04, 0x04, 0x00, 0xe1,
  0xe0, 0x69, 0x0d, 0x20, 0x81, 0xa8, 0xf2, 0x74, 0x60, 0x37, 0xfd, 0xc5,
  0x00, 0x10, 0x0f, 0x90, 0x70, 0x06, 0x26, 0x10, 0x0e, 0xed, 0x10, 0x0c,
  0x29, 0x40, 0x11, 0xfb, 0x4f, 0xc8, 0x04, 0x42, 0x07, 0xc0, 0x17, 0xb0,
  0xea, 0x10, 0xe4, 0x00, 0x0b, 0x2c, 0x03, 0xff, 0x98, 0x20, 0x20, 0x01,
  0x01, 0x04, 0x44, 0x37, 0x86, 0x05, 0x23, 0xc9, 0x4a, 0x00, 0xdf, 0xf7,
  0x18, 0x00, 0x10, 0x0e, 0x10, 0x60, 0x19, 0x00, 0x46, 0x22, 0xc8, 0x00,
  0x1e, 0x48, 0x07, 0xff, 0x30, 0x40, 0x40, 0x0e, 0x1e, 0x08, 0x88, 0x69,
  0x04, 0x0a, 0x47, 0x93, 0xa3, 0x01, 0xbf, 0xee, 0x28, 0x00, 0x6d, 0x86,
  0xd8, 0x00, 0x49, 0xe4, 0x98, 0x00, 0x3e, 0x92, 0xea, 0x00, 0x10, 0x0f,
  0x90, 0x70, 0x01, 0x04, 0x0c, 0x80, 0x23, 0xf8, 0xd3, 0x00, 0x9e, 0x4b,
  0x04, 0x00, 0x7e, 0x17, 0x92, 0x01, 0x10, 0x81, 0xf0, 0x05, 0xec, 0x3a,
  0x84, 0x39, 0x00, 0x02, 0xcb, 0x00, 0xff, 0xe6, 0x08, 0x08, 0x00, 0x40,
  0x41, 0x11, 0x0d, 0xe1, 0x81, 0x48, 0xf2, 0x52, 0x80, 0x37, 0xfd, 0xc6,
  0x00, 0x10, 0x0f, 0x90, 0x70, 0x01, 0x54, 0x01, 0xe1, 0xa4, 0x00, 0xe4,
  0xa2, 0x00, 0xc7, 0xe4, 0xfd, 0x20, 0x11, 0x08, 0x1f, 0x00, 0x5e, 0xc3,
  0xa8, 0x43, 0x90, 0x00, 0x2c, 0xb0, 0x0f, 0xfe, 0x60, 0x80, 0x80, 0x04,
  0x04, 0x11, 0x10, 0xde, 0x18, 0x14, 0x8f, 0x25, 0x28, 0x03, 0x7f, 0xdc,
  0x60, 0x10, 0x0f, 0x90, 0x68, 0x02, 0xb7, 0x63, 0x00, 0xa7, 0xba, 0x20,
  0x01, 0xe2, 0x16, 0xc0, 0x04, 0x42, 0x07, 0xc0, 0x17, 0xb0, 0xea, 0x10,
  0xe4, 0x00, 0x0b, 0x2c, 0x03, 0xff, 0x98, 0x20, 0x20, 0x01, 0x01, 0x04,
  0x44, 0x37, 0x86, 0x05, 0x23, 0xc9, 0x4a, 0x00, 0xdf, 0xf7, 0x18, 0x00,
  0x10, 0x0e, 0x10, 0x60, 0x19, 0x00, 0x46, 0x43, 0x90, 0x00, 0x1c, 0x80,
  0x0f, 0xfe, 0x60, 0x80, 0x80, 0x0c, 0x08, 0x11, 0x10, 0xbc, 0x18, 0x14,
  0x8f, 0x45, 0x28, 0x03, 0x7f, 0xdc, 0x60, 0x0c, 0xfa, 0x40, 0x1d, 0x86,
  0x20, 0x1d, 0x7c, 0x60, 0x00, 0x10, 0x0f, 0x90, 0x60, 0x00, 0x88, 0x01,
  0xe5, 0xd3, 0x00, 0xe7, 0x58, 0x00, 0xc4, 0x35, 0x60, 0x42, 0x2d, 0xb0,
  0x00, 0xed, 0x80, 0x7f, 0xf3, 0x04, 0x04, 0x00, 0x60, 0x60, 0x88, 0x85,
  0xe0, 0xd0, 0xa4, 0x7a, 0x29, 0x40, 0x1b, 0xfe, 0xe3, 0x00, 0x10, 0x0f,
  0x90, 0x60, 0x07, 0xfd, 0xfe, 0x50, 0x0e, 0xe0, 0x60, 0x08, 0x40, 0x7c,
  0xc4, 0x07, 0xa8, 0x00, 0x3d, 0x40, 0x1f, 0xfc, 0xc1, 0x01, 0x00, 0x18,
  0x18, 0x1a, 0x42, 0xf0, 0x68, 0x6a, 0x3d, 0x1c, 0x20, 0x0d, 0xff, 0x7b,
  0x80, 0x12, 0x0f, 0x92, 0x50, 0x07, 0xcf, 0x40, 0x42, 0x01, 0x16, 0xb8,
  0xed, 0x80, 0x07, 0x55, 0x40, 0x1f, 0x2c, 0x00, 0x7f, 0xf1, 0x84, 0x04,
  0x00, 0x60, 0x60, 0x04, 0x44, 0x2f, 0x06, 0x80, 0x29, 0x1e, 0x8e, 0x10,
  0x00, 0x37, 0xfd, 0xee, 0x00, 0x12, 0x0f, 0x92, 0x60, 0x07, 0x10, 0x80,
  0x7a, 0xb0, 0x03, 0xc6, 0xb4, 0x2f, 0x40, 0x42, 0x7e, 0x85, 0xae, 0x3b,
  0x60, 0x01, 0xd5, 0x50, 0x07, 0xcb, 0x00, 0x1f, 0xfc, 0x61, 0x01, 0x00,
  0x18, 0x18, 0x01, 0x11, 0x0b, 0xc1, 0xa0, 0x0a, 0x47, 0xa3, 0x84, 0x00,
  0x0d, 0xff, 0x7b, 0x80, 0x00, 0x12, 0x0e, 0x12, 0x68, 0x07, 0xcf, 0x40,
  0x42, 0x01, 0x16, 0xb8, 0xed, 0x80, 0x07, 0x55, 0x40, 0x1f, 0x2c, 0x00,
  0x7f, 0xf1, 0x84, 0x04, 0x00, 0x60, 0x60, 0x04, 0x44, 0x2f, 0x06, 0x80,
  0x29, 0x1e, 0x8e, 0x10, 0x00, 0x37, 0xfd, 0xee, 0x01, 0xcf, 0xa4, 0x01,
  0xec, 0x31, 0x00, 0xf5, 0xf1, 0x80, 0x40, 0x12, 0x0f, 0x92, 0x60, 0x00,
  0x84, 0x03, 0xe5, 0xe3, 0x00, 0xf3, 0xa4, 0x00, 0x1e, 0x80, 0x86, 0xec,
  0x05, 0xae, 0x3b, 0x60, 0x01, 0xd5, 0x50, 0x07, 0xcb, 0x00, 0x1f, 0xfc,
  0x61, 0x01, 0x00, 0x18, 0x18, 0x01, 0x11, 0x0b, 0xc1, 0xa0, 0x0a, 0x47,
  0xa3, 0x84, 0x00, 0x0d, 0xff, 0x7b, 0x80, 0x00, 0x12, 0x0f, 0x92, 0x60,
  0x04, 0x42, 0x01, 0xf7, 0xf3, 0x00, 0x7b, 0xc9, 0x01, 0xe8, 0x08, 0x4b,
  0x48, 0x9a, 0xe3, 0xb6, 0x00, 0x1d, 0x55, 0x00, 0x7c, 0xb0, 0x01, 0xff,
  0xc6, 0x10, 0x10, 0x01, 0x81, 0x80, 0x11, 0x10, 0xbc, 0x1a, 0x00, 0xa4,
  0x7a, 0x38, 0x40, 0x00, 0xdf, 0xf7, 0xb8, 0x00, 0x12, 0x0f, 0x92, 0x60,
  0x07, 0xfd, 0x5f, 0x57, 0x00, 0x1d, 0xba, 0x29, 0x7a, 0x02, 0xb2, 0x79,
  0x3d, 0x71, 0xdb, 0x00, 0x0e, 0xaa, 0x80, 0x3e, 0x58, 0x00, 0xff, 0xe3,
  0x08, 0x08, 0x00, 0xc0, 0xc0, 0x08, 0x88, 0x5e, 0x0d, 0x00, 0x52, 0x3d,
  0x1c, 0x20, 0x00, 0x6f, 0xfb, 0xdc, 0x00, 0x10, 0x0f, 0x90, 0x60, 0x04,
  0x42, 0x04, 0x01, 0x36, 0xad, 0xf8, 0x05, 0x4c, 0x2b, 0xe0, 0x02, 0xd9,
  0x5e, 0x01, 0x16, 0xd8, 0x00, 0x76, 0xc0, 0x3f, 0xf9, 0x82, 0x02, 0x00,
  0x30, 0x30, 0x44, 0x42, 0xf0, 0x68, 0x52, 0x3d, 0x14, 0xa0, 0x0d, 0xff,
  0x71, 0x80, 0x10, 0x0f, 0x90, 0x60, 0x06, 0x10, 0x0e, 0x6f, 0xf5, 0x00,
  0x6b, 0xde, 0x63, 0x00, 0x16, 0x10, 0x60, 0x80, 0xed, 0x80, 0x17, 0x58,
  0x03, 0xff, 0x98, 0x20, 0x20, 0x03, 0x03, 0x03, 0x47, 0x68, 0x04, 0x0e,
  0x38, 0x90, 0xb1, 0x02, 0xcf, 0xee, 0x20, 0x00, 0x10, 0x0f, 0x90, 0x58,
  0x02, 0xff, 0xe5, 0x00, 0xa7, 0x32, 0x40, 0x03, 0x30, 0xce, 0x74, 0x19,
  0xe0, 0x00, 0xcf, 0x00, 0x7f, 0xf3, 0x04, 0x04, 0x00, 0x40, 0x40, 0x88,
  0x86, 0xf0, 0xc0, 0xa4, 0x79, 0x29, 0x40, 0x1b, 0xfe, 0xe3, 0x00, 0x10,
  0x0f, 0x90, 0x70, 0x01, 0x88, 0x18, 0x80, 0x07, 0x30, 0x53, 0x60, 0x03,
  0xbb, 0x15, 0xc0, 0x05, 0xd9, 0xb2, 0xa0, 0x14, 0xc4, 0x4a, 0x00, 0x67,
  0x55, 0x9c, 0xc6, 0x78, 0x00, 0x53, 0x40, 0x1f, 0xfc, 0xc1, 0x01, 0x00,
  0x08, 0x08, 0x22, 0x21, 0xbc, 0x2c, 0x29, 0x1e, 0x4a, 0x4c, 0x06, 0xff,
  0xb8, 0xc0, 0x10, 0x0e, 0x90, 0x58, 0x19, 0x00, 0x46, 0x43, 0x90, 0x00,
  0x1c, 0xb0, 0x0f, 0xfe, 0x60, 0x80, 0x80, 0x08, 0x18, 0x11, 0x10, 0xde,
  0x0e, 0x14, 0x8f, 0x26, 0x50, 0x03, 0x66, 0x5d, 0xa0, 0x11, 0x99, 0x00,
  0x38, 0xd5, 0x0c, 0x00, 0x10, 0x0f, 0x90, 0x68, 0x07, 0xf8, 0xb7, 0x98,
  0x03, 0x2a, 0xb6, 0x80, 0x32, 0x36, 0xd8, 0x04, 0x83, 0xde, 0xc8, 0x22,
  0xb8, 0x01, 0x4b, 0x70, 0x0f, 0xfe, 0x60, 0x80, 0x80, 0x0c, 0x0c, 0x11,
  0x10, 0xd0, 0x08, 0x14, 0x8f, 0x21, 0x62, 0x03, 0x7f, 0xdc, 0x40, 0x10,
  0x0f, 0x90, 0x58, 0x02, 0x36, 0x25, 0xc0, 0x24, 0x91, 0x25, 0x00, 0xb1,
  0x26, 0xc8, 0x07, 0xe8, 0x00, 0x3f, 0x40, 0x1f, 0xfc, 0xc1, 0x01, 0x00,
  0x18, 0x18, 0x1a, 0x42, 0xf0, 0x68, 0x6a, 0x3d, 0x1c, 0x20, 0x0d, 0xff,
  0x7b, 0x80, 0x10, 0x0f, 0x90, 0x70, 0x06, 0x12, 0x00, 0xf5, 0x70, 0x07,
  0x18, 0x68, 0x06, 0x68, 0xd6, 0x60, 0x05, 0x5d, 0x96, 0x80, 0x02, 0xd5,
  0xac, 0x01, 0x16, 0xd8, 0x00, 0x76, 0xc0, 0x3f, 0xf9, 0x82, 0x02, 0x00,
  0x30, 0x30, 0x44, 0x42, 0xf0, 0x68, 0x52, 0x3d, 0x14, 0xa0, 0x0d, 0xff,
  0x71, 0x80, 0x10, 0x0e, 0x90, 0x58, 0x19, 0x00, 0x46, 0x43, 0x90, 0x00,
  0x1c, 0x80, 0x0f, 0xfe, 0x60, 0x80, 0x80, 0x0c, 0x08, 0x11, 0x10, 0xbc,
  0x18, 0x14, 0x8f, 0x45, 0x28, 0x03, 0x7f, 0xdc, 0x60, 0x09, 0xad, 0x1d,
  0x80, 0x2b, 0xde, 0xa4, 0x00, 0x08, 0x00, 0x86, 0x40, 0x54, 0x0a, 0xa8,
  0x77, 0x00, 0x84, 0x03, 0x5c, 0x0a, 0x28, 0xee, 0x00, 0x0a, 0x1e, 0x8a,
  0x70, 0x02, 0x28, 0x00, 0x4e, 0x60, 0x0a, 0x0a, 0x00, 0x20, 0x18, 0x00,
  0xcc, 0x00, 0x10, 0x60, 0x01, 0x01, 0x00, 0x7c, 0x20, 0x40, 0x02, 0x07,
  0x00, 0x90, 0x84, 0x01, 0xc0, 0xe0, 0x05, 0x2b, 0x00, 0xb7, 0x40, 0x0a,
  0x0e, 0x88, 0x72, 0x59, 0x82, 0xa4, 0x00, 0xa2, 0x04, 0x30, 0x10, 0x10,
  0x34, 0x08, 0x08, 0x04, 0x04, 0x03, 0x84, 0x04, 0x14, 0x34, 0x34, 0x10,
  0x1c, 0x4d, 0x06, 0x01, 0x3d, 0x80, 0x0a, 0x0e, 0x8a, 0x70, 0x00, 0x6b,
  0x40, 0x14, 0xa8, 0x00, 0x55, 0x48, 0x00, 0x4c, 0x03, 0xe6, 0x0e, 0x07,
  0x94, 0x70, 0x43, 0x44, 0x01, 0xe0, 0x68, 0x07, 0xf1, 0x80, 0x46, 0xac,
  0x00, 0xf3, 0x90, 0x01, 0xe7, 0x80, 0x0a, 0x0e, 0x8a, 0x72, 0xe3, 0x00,
  0x18, 0x25, 0x00, 0xf8, 0x0c, 0x00, 0x61, 0xe0, 0x1f, 0x08, 0x94, 0xc0,
  0x14, 0x58, 0x00, 0x80, 0x70, 0x13, 0x68, 0x00, 0x84, 0x03, 0x78, 0x15,
  0x81, 0x02, 0x21, 0x94, 0x1b, 0xa4, 0x00, 0x0a, 0x1f, 0x08, 0x68, 0x77,
  0x42, 0x23, 0x90, 0x03, 0xb8, 0x03, 0xff, 0xac, 0xcc, 0x00, 0x1c, 0x80,
  0x0a, 0x0f, 0x08, 0x6a, 0xf7, 0x25, 0xd8, 0x4c, 0xa4, 0x03, 0xff, 0xac,
  0x4c, 0x00, 0x48, 0x00, 0x00, 0x0a, 0x1f, 0x0a, 0x70, 0x02, 0x24, 0x00,
  0x4e, 0x01, 0x50, 0x50, 0x01, 0x00, 0xc0, 0x06, 0x60, 0x00, 0x83, 0x00,
  0x08, 0x08, 0x03, 0xe1, 0x02, 0x00, 0x10, 0x38, 0x04, 0x84, 0x20, 0x0e,
  0x07, 0x00, 0x29, 0x58, 0x05, 0xba, 0x00, 0x0a, 0x0f, 0x08, 0x72, 0x51,
  0x82, 0xaa, 0x00, 0x51, 0x02, 0x18, 0x0a, 0x08, 0x18, 0x04, 0x04, 0x02,
  0x02, 0x01, 0xc2, 0x02, 0x0a, 0x04, 0x18, 0x18, 0x0a, 0x28, 0x82, 0x80,
  0x4f, 0x60, 0x0a, 0x0f, 0x0a, 0x70, 0x04, 0x6c, 0x00, 0x8c, 0x90, 0x03,
  0x1f, 0x80, 0x05, 0x40, 0x3e, 0x30, 0x10, 0x6c, 0x29, 0x03, 0x13, 0x20,
  0x5f, 0x1a, 0x00, 0x08, 0x07, 0x8c, 0x02, 0x27, 0x20, 0x05, 0x96, 0x80,
  0x1b, 0xb0, 0x0a, 0x0f, 0x0a, 0x71, 0xa8, 0x80, 0x16, 0xbc, 0x41, 0xac,
  0x5c, 0x00, 0xa1, 0xc0, 0x1f, 0x08, 0x18, 0x05, 0x29, 0xc0, 0x0f, 0x02,
  0x00, 0x32, 0xe0, 0x08, 0x10, 0x07, 0xcc, 0x1c, 0x0f, 0x04, 0xe0, 0xdb,
  0xa1, 0x00, 0x0a, 0x1f, 0x08, 0x70, 0x3b, 0x98, 0x62, 0x20, 0x02, 0xf0,
  0x07, 0xff, 0x58, 0x48, 0x00, 0x9a, 0x37, 0x6c, 0x0a, 0x0f, 0x08, 0x71,
  0x3b, 0x91, 0xe2, 0x1c, 0xbc, 0x01, 0xff, 0xd7, 0x20, 0x03, 0x60, 0x01,
  0xee, 0xd0, 0x12, 0x21, 0x8a, 0x14, 0xff, 0xdd, 0xb1, 0x14, 0x80, 0x12,
  0x22, 0x0a, 0x14, 0xff, 0xdd, 0xb1, 0x14, 0x80, 0x12, 0x10, 0x0e, 0x40,
  0x07, 0x1c, 0x80, 0x49, 0x98, 0x40, 0x5d, 0xb1, 0x8d, 0xca, 0x1a, 0xd7,
  0x07, 0x00, 0x18, 0x05, 0x76, 0x09, 0xe8, 0x10, 0x4c, 0xc2, 0xbf, 0x80,
  0x47, 0x7a, 0xc0, 0x12, 0x10, 0x0e, 0x44, 0x98, 0x07, 0x26, 0x61, 0x00,
  0x2d, 0x81, 0xbd, 0x50, 0x03, 0xed, 0xb5, 0x60, 0x04, 0x2e, 0x00, 0x18,
  0xea, 0x0b, 0xcc, 0x3a, 0xe6, 0x10, 0x17, 0x6c, 0xc0, 0x20, 0x12, 0x10,
  0x0e, 0x48, 0x07, 0xfc, 0xb3, 0xa2, 0xd7, 0xf4, 0xb5, 0x92, 0xd3, 0xd8,
  0xf6, 0x65, 0x34, 0xc4, 0xd9, 0xd2, 0x13, 0x80, 0x01, 0x6b, 0xfa, 0xcf,
  0xfe, 0xaa, 0x3b, 0xf4, 0x80, 0x12, 0x10, 0x0e, 0x48, 0x07, 0xd9, 0x4a,
  0x01, 0xad, 0xab, 0xed, 0x85, 0xf3, 0xa9, 0xa7, 0xc5, 0xae, 0x88, 0xe7,
  0x24, 0x67, 0xb1, 0xfb, 0xed, 0x84, 0x01, 0xff, 0xee, 0xa7, 0x7e, 0x90,
  0x12, 0x10, 0x8e, 0x31, 0xaa, 0xfa, 0x6a, 0xba, 0xed, 0xbb, 0xde, 0x62,
  0x3c, 0x71, 0x99, 0xe8, 0xbb, 0xea, 0x12, 0x10, 0x0e, 0x40, 0x06, 0xa9,
  0x03, 0x55, 0x32, 0x82, 0xcd, 0x52, 0x41, 0xae, 0xdb, 0xa1, 0x6d, 0xf3,
  0x14, 0x1c, 0x13, 0x8c, 0x90, 0xac, 0xc4, 0x48, 0x45, 0xda, 0x88, 0xcc,
  0xe8, 0x90, 0x12, 0x10, 0x0e, 0x40, 0x04, 0x40, 0x1c, 0x7a, 0x80, 0x1f,
  0xcc, 0xf4, 0x1a, 0xed, 0x10, 0x60, 0x68, 0x9e, 0xfc, 0x0b, 0xff, 0x00,
  0x7f, 0x0a, 0x38, 0x00, 0x12, 0x11, 0x8e, 0x16, 0x7f, 0xf7, 0x5b, 0x37,
  0x80, 0x12, 0x10, 0x0e, 0x40, 0x10, 0x04, 0x41, 0x58, 0x60, 0x59, 0x70,
  0x1a, 0xb8, 0x12, 0x58, 0x14, 0x18, 0x40, 0x1c, 0x20, 0x58, 0x16, 0x1a,
  0x70, 0x18, 0x98, 0x13, 0x58, 0x40, 0x59, 0x40, 0x12, 0x10, 0x0e, 0x40,
  0x01, 0x39, 0x40, 0x30, 0x88, 0x80, 0x32, 0xf3, 0x80, 0x33, 0xfd, 0xdf,
  0xee, 0xa7, 0x7e, 0x96, 0x88, 0x5c, 0x41, 0xc0, 0x0d, 0x90, 0x01, 0x94,
  0xf0, 0x00, 0x12, 0x10, 0x0e, 0x40, 0x00, 0xf5, 0x00, 0x38, 0x80, 0x2d,
  0xfc, 0x0b, 0xfe, 0x89, 0x70, 0x69, 0xb5, 0x6b, 0x0d, 0x65, 0x00, 0x1d,
  0xa8, 0x03, 0x3f, 0xd7, 0xdf, 0xd4, 0xef, 0xd2, 0x12, 0x00, 0x92, 0x30,
  0x26, 0xe2, 0x82, 0x58, 0x02, 0x81, 0xaa, 0xe5, 0x40, 0x0f, 0xd5, 0x6e,
  0x3a, 0x00, 0xa8, 0xb7, 0xcf, 0x90, 0x07, 0x30, 0x64, 0xfa, 0x00, 0x1e,
  0x6e, 0x90, 0x68, 0x00, 0x12, 0x01, 0x12, 0x20, 0x01, 0x98, 0x00, 0x14,
  0x00, 0x5c, 0xcb, 0x4e, 0x6c, 0x00, 0x91, 0xcd, 0x8e, 0xa0, 0x0d, 0x71,
  0xbb, 0xa8, 0x00, 0x12, 0x12, 0x0e, 0x38, 0x07, 0xfb, 0xc4, 0x00, 0x3a,
  0xa0, 0x9a, 0x22, 0x98, 0x08, 0x80, 0x8b, 0x8c, 0x0f, 0xc4, 0x45, 0xe1,
  0xe4, 0x21, 0x02, 0x83, 0x00, 0x12, 0x10, 0x8e, 0x40, 0x07, 0x25, 0x00,
  0x4b, 0xb6, 0xe0, 0xdb, 0x41, 0x3b, 0xa9, 0x6b, 0xd6, 0x06, 0x06, 0x20,
  0x0a, 0xf1, 0xa7, 0xe4, 0x80, 0xef, 0x55, 0xb0, 0x02, 0x2a, 0xe9, 0x12,
  0x10, 0x8e, 0x45, 0x20, 0x07, 0x3d, 0xea, 0x80, 0x5b, 0x21, 0x5a, 0xc0,
  0x06, 0xdb, 0x69, 0xd0, 0x08, 0x98, 0x18, 0xa3, 0xe5, 0xb2, 0xfd, 0xd7,
  0x6c, 0xc2, 0xb6, 0x88, 0x02, 0x12, 0x10, 0x8e, 0x48, 0x07, 0xfc, 0xb5,
  0xa2, 0xd7, 0xf4, 0xd5, 0x92, 0xd5, 0xd8, 0xf6, 0x65, 0x54, 0x62, 0x6c,
  0xe9, 0x09, 0xc0, 0x00, 0xb5, 0xfd, 0x67, 0xff, 0x55, 0x1d, 0xfa, 0x40,
  0x12, 0x10, 0x8e, 0x48, 0x07, 0xd9, 0x4a, 0x20, 0x15, 0xb5, 0x75, 0xb1,
  0x3e, 0x75, 0x34, 0xe1, 0x35, 0x50, 0x8e, 0x7e, 0x42, 0x7b, 0x1f, 0xbe,
  0xd8, 0x40, 0x1f, 0xfe, 0xea, 0x77, 0xe9, 0x12, 0x11, 0x0e, 0x32, 0x3b,
  0xf3, 0x74, 0x47, 0xab, 0xff, 0xb8, 0x91, 0x38, 0xe2, 0xef, 0xb6, 0x33,
  0x3b, 0x40, 0x12, 0x10, 0x8e, 0x40, 0x06, 0xba, 0x04, 0x77, 0x90, 0x1b,
  0xa2, 0x20, 0x58, 0xaf, 0xe1, 0x7f, 0xe2, 0x46, 0x1e, 0x43, 0x8b, 0x80,
  0x9b, 0xd8, 0xa0, 0x9c, 0xc6, 0x90, 0x23, 0x19, 0xc0, 0x12, 0x10, 0x8e,
  0x40, 0x04, 0x60, 0x1c, 0x78, 0x80, 0x1f, 0xcf, 0x14, 0x1d, 0x0f, 0x4e,
  0xc0, 0xaf, 0x3b, 0xf8, 0x17, 0xfc, 0x01, 0xfc, 0x2a, 0xc0, 0x00, 0x12,
  0x12, 0x0e, 0x16, 0x7f, 0xf7, 0x5b, 0x37, 0x80, 0x12, 0x10, 0x8e, 0x40,
  0x98, 0x04, 0x63, 0x78, 0x60, 0x79, 0x56, 0x58, 0xd8, 0x32, 0x38, 0x32,
  0x38, 0x40, 0x42, 0x02, 0x20, 0x3c, 0x1b, 0x2c, 0x39, 0x1c, 0x4c, 0x29,
  0xaf, 0x20, 0x1c, 0xa0, 0x12, 0x10, 0x8e, 0x40, 0x01, 0x39, 0x40, 0x30,
  0x88, 0x80, 0x32, 0xf3, 0x80, 0x33, 0xfd, 0xdf, 0xee, 0xa7, 0x7e, 0x96,
  0x88, 0x5c, 0x41, 0xc0, 0x0d, 0x90, 0x01, 0x94, 0xf0, 0x00, 0x12, 0x10,
  0x8e, 0x40, 0x00, 0xf9, 0x00, 0x38, 0x40, 0x2d, 0xfc, 0x0b, 0xfe, 0x89,
  0x70, 0x69, 0xb5, 0x6b, 0x0d, 0x65, 0x00, 0x1d, 0xa8, 0x03, 0x3f, 0xd7,
  0xdf, 0xd4, 0xef, 0xd2, 0x12, 0x01, 0x12, 0x30, 0x26, 0xe9, 0x40, 0xec,
  0x01, 0x40, 0xf5, 0x7c, 0xa0, 0x06, 0xfa, 0xb7, 0x1d, 0x00, 0x5f, 0x58,
  0x67, 0xc0, 0x03, 0x44, 0x57, 0x5c, 0xa0, 0x04, 0xea, 0xb6, 0x1d, 0x00,
  0x12, 0x01, 0x92, 0x20, 0x01, 0xd8, 0x40, 0x50, 0x01, 0x71, 0x3e, 0x91,
  0x60, 0x04, 0x8e, 0x5b, 0x66, 0x00, 0x39, 0xc6, 0xf2, 0xe4, 0x00, 0x12,
  0x10, 0x8e, 0x40, 0x00, 0xac, 0x80, 0x06, 0x60, 0x41, 0x33, 0x56, 0x48,
  0x46, 0x54, 0xd2, 0x02, 0x54, 0xad, 0x80, 0x56, 0xa4, 0xf8, 0x18, 0xe4,
  0xf2, 0x20, 0x09, 0x70, 0x01, 0x71, 0x80, 0x00, 0x16, 0x14, 0x12, 0x18,
  0x08, 0x00, 0x40, 0x02, 0x05, 0xd2, 0x9c, 0x93, 0xc4, 0x69, 0xec, 0x8d,
  0xe8, 0x60, 0x26, 0x0d, 0xa8, 0xa0, 0x07, 0x85, 0x62, 0xa5, 0xcc, 0x03,
  0xfe, 0x1a, 0xea, 0x75, 0x68, 0xcd, 0x50, 0x0f, 0xcb, 0xca, 0xab, 0xef,
  0xf6, 0x39, 0xd5, 0x00, 0x3c, 0xb4, 0x59, 0x48, 0x20, 0x03, 0x8f, 0x55,
  0x58, 0x06, 0x2a, 0x2c, 0x30, 0x08, 0xc4, 0x00, 0x34, 0xe9, 0x00, 0x14,
  0x87, 0x88, 0x04, 0x38, 0xe0, 0x1a, 0x0d, 0xc8, 0x0d, 0x18, 0x80, 0x3f,
  0xf8, 0x1e, 0x16, 0x16, 0x14, 0x00, 0x11, 0x00, 0x78, 0xc0, 0x06, 0x4e,
  0x06, 0x06, 0x00, 0xac, 0x10, 0x0d, 0x58, 0x20, 0x04, 0x11, 0x39, 0x00,
  0x52, 0x78, 0x60, 0x0a, 0x5a, 0x10, 0x07, 0x01, 0x00, 0x71, 0x61, 0xf8,
  0x5a, 0xd2, 0x80, 0x79, 0x88, 0x03, 0x16, 0x18, 0x15, 0x28, 0x06, 0xe0,
  0x2d, 0x04, 0x00, 0xc5, 0x85, 0x4a, 0x01, 0xc8, 0x42, 0xa1, 0xc0, 0x06,
  0x77, 0x2d, 0x13, 0xbc, 0x20, 0x84, 0xa0, 0x4a, 0xa4, 0x08, 0x8f, 0xe2,
  0x09, 0x09, 0x00, 0x58, 0xd1, 0x77, 0xff, 0xe3, 0xb2, 0x91, 0x00, 0x0e,
  0x8e, 0xa8, 0x07, 0xc5, 0x88, 0xcc, 0x00, 0xc7, 0x85, 0x5a, 0xe6, 0x46,
  0xb5, 0xa7, 0x12, 0x01, 0xe3, 0xd8, 0x38, 0xcd, 0xca, 0x55, 0x6b, 0x80,
  0x7f, 0x3f, 0x64, 0xc4, 0xdf, 0xd1, 0x00, 0x70, 0x26, 0x0d, 0xa8, 0xa0,
  0x12, 0x2a, 0xff, 0xf0, 0x90, 0x00, 0x5b, 0x75, 0x5f, 0xfc, 0x2b, 0xd0,
  0x41, 0xff, 0xff, 0xe1, 0xd9, 0x00, 0x7f, 0xf2, 0x04, 0x03, 0xf2, 0x33,
  0x04, 0x03, 0xff, 0x84, 0x5b, 0x73, 0x2e, 0x70, 0x0f, 0xfe, 0x00, 0xe1,
  0x46, 0x59, 0x43, 0x00, 0x7f, 0xcc, 0x30, 0xe6, 0x98, 0x16, 0x01, 0xff,
  0x58, 0x30, 0x04, 0x3b, 0xe0, 0x1f, 0xf1, 0x08, 0x80, 0x0a, 0xa7, 0x70,
  0x07, 0xfc, 0x62, 0x00, 0x1a, 0xac, 0x20, 0x1f, 0xe6, 0x02, 0x01, 0xdd,
  0x18, 0x07, 0xff, 0x03, 0x82, 0x40, 0x04, 0x26, 0x01, 0xff, 0xc0, 0x54,
  0x46, 0xc4, 0xe0, 0x80, 0x7f, 0xf0, 0x6d, 0xc9, 0xd9, 0x68, 0x03, 0xff,
  0x85, 0x1f, 0xdf, 0x49, 0xe2, 0x01, 0xff, 0xc2, 0x10, 0x0f, 0xf1, 0x89,
  0x17, 0xff, 0x10, 0x05, 0x07, 0x77, 0xff, 0x87, 0x28, 0x03, 0xdb, 0xbf,
  0xfc, 0x3e, 0xb0, 0x26, 0x0d, 0xa8, 0xa0, 0x12, 0x2a, 0xff, 0xf0, 0x90,
  0x00, 0x5b, 0x75, 0x5f, 0xfc, 0x2b, 0xd0, 0x41, 0xff, 0xff, 0xe1, 0xd9,
  0x00, 0x7f, 0xf2, 0x04, 0x03, 0xf8, 0xc4, 0x03, 0xff, 0x8a, 0x38, 0xe0,
  0x1f, 0xfd, 0x61, 0x10, 0x07, 0x8c, 0x03, 0xfe, 0xac, 0x10, 0x0d, 0x58,
  0x20, 0x1f, 0xe9, 0x3c, 0x30, 0x05, 0x2d, 0x08, 0x07, 0xf8, 0xb0, 0xfc,
  0x2d, 0x69, 0x40, 0x3f, 0xf8, 0x05, 0x86, 0x05, 0x4a, 0x01, 0xff, 0xc2,
  0x2c, 0x2a, 0x50, 0x0f, 0xfe, 0x0b, 0x3b, 0x96, 0x89, 0xde, 0x10, 0x0f,
  0xf4, 0x47, 0xf1, 0x00, 0x7f, 0xbb, 0xff, 0xf1, 0x80, 0x7f, 0xf3, 0x4c,
  0x48, 0xbf, 0xf8, 0x80, 0x28, 0x3b, 0xbf, 0xfc, 0x39, 0x40, 0x1e, 0xdd,
  0xff, 0xe1, 0xf5, 0x80, 0x14, 0x0d, 0x94, 0x80, 0x04, 0x4c, 0xc4, 0x00,
  0xe9, 0xd9, 0x95, 0xe9, 0x80, 0x25, 0x8e, 0xf2, 0x0b, 0x44, 0x4c, 0x58,
  0x86, 0xf0, 0x2c, 0xe1, 0x60, 0x19, 0xf5, 0xb8, 0x08, 0x00, 0x4a, 0xa7,
  0x20, 0x0e, 0x5a, 0xaa, 0x34, 0x30, 0x00, 0xfb, 0x80, 0x2a, 0x0c, 0x40,
  0x02, 0xb0, 0xc0, 0x91, 0xc8, 0x7b, 0x73, 0x60, 0x6a, 0x37, 0x84, 0x5d,
  0x00, 0x97, 0x75, 0x9f, 0x42, 0x01, 0xd3, 0xc0, 0x1f, 0xa0, 0x40, 0x3f,
  0x35, 0x80, 0x7e, 0x47, 0x00, 0xc0, 0x12, 0x0d, 0x94, 0x80, 0x10, 0x80,
  0x62, 0x20, 0x0e, 0xd0, 0x05, 0x1b, 0x00, 0x1e, 0x67, 0x3a, 0x00, 0xe4,
  0x92, 0xd0, 0x0e, 0x3b, 0x1c, 0x10, 0x0c, 0xda, 0x0c, 0x20, 0x1c, 0x42,
  0x4e, 0x60, 0x1e, 0xbe, 0x0e, 0x00, 0xe4, 0x41, 0xb9, 0x48, 0x07, 0xd0,
  0x6c, 0x80, 0x1f, 0x70, 0x50, 0x0f, 0xd8, 0x04, 0x5f, 0xc0, 0x1d, 0xf2,
  0x01, 0xfa, 0x0c, 0x03, 0xf6, 0xc8, 0x07, 0xeb, 0x30, 0x0c, 0x10, 0x0d,
  0x90, 0x80, 0x19, 0x00, 0x70, 0xe4, 0x80, 0x7f, 0xfc, 0xd6, 0x23, 0x18,
  0x00, 0x5d, 0xf2, 0x0f, 0xfb, 0xb9, 0xfe, 0x70, 0x0a, 0xb0, 0x03, 0xde,
  0x01, 0xf1, 0x50, 0x07, 0x9d, 0xc0, 0x10, 0x14, 0x0d, 0x94, 0x80, 0x11,
  0x00, 0x30, 0x90, 0x0e, 0xe9, 0x00, 0x29, 0xd4, 0x00, 0xa4, 0x03, 0xf0,
  0x94, 0x00, 0x7c, 0xa8, 0xe4, 0x01, 0xf4, 0x87, 0x00, 0x7c, 0x4e, 0x6c,
  0x01, 0xf4, 0x14, 0x08, 0x07, 0xd2, 0x2c, 0x01, 0xf2, 0x28, 0x07, 0xf5,
  0x88, 0x00, 0x7e, 0xc0, 0x21, 0xef, 0x40, 0x0d, 0x5c, 0x01, 0xfa, 0x4c,
  0x03, 0xf3, 0x28, 0x07, 0xe4, 0x80, 0x0c, 0x12, 0x0d, 0x92, 0x80, 0x07,
  0xf0, 0xff, 0xf5, 0x98, 0x04, 0x51, 0x06, 0x4c, 0x10, 0x03, 0x3b, 0xa6,
  0x40, 0xc0, 0x1e, 0x20, 0xf0, 0x0e, 0x28, 0x0c, 0x00, 0x27, 0xfb, 0x4d,
  0xd0, 0x00, 0x51, 0x00, 0x28, 0x00, 0x99, 0xdc, 0xc4, 0xa0, 0x1e, 0x80,
  0x80, 0x0f, 0x0b, 0x13, 0x0e, 0xd0, 0x08, 0x4e, 0xb8, 0x10, 0x97, 0x30,
  0x10, 0x80, 0x44, 0xc2, 0x01, 0xf1, 0x28, 0x07, 0xd4, 0x40, 0x10, 0x12,
  0x0d, 0x92, 0x80, 0x04, 0x8a, 0x60, 0x19, 0x7e, 0xeb, 0x34, 0x80, 0x68,
  0x6b, 0x60, 0xb8, 0x14, 0x25, 0x49, 0xd8, 0x41, 0x82, 0x90, 0x01, 0x3a,
  0x05, 0x05, 0x7f, 0x8c, 0x01, 0x3f, 0x4a, 0x9c, 0xe0, 0x12, 0x83, 0x57,
  0xa1, 0xa2, 0xd3, 0x00, 0x58, 0x02, 0xc1, 0x10, 0x58, 0x80, 0x20, 0xe1,
  0xbd, 0x39, 0x60, 0x81, 0xe7, 0x67, 0x69, 0x80, 0x66, 0xc0, 0x0f, 0x94,
  0xcc, 0x01, 0xe1, 0x62, 0x00, 0xf1, 0x50, 0x06, 0x14, 0x0d, 0x94, 0x80,
  0x04, 0x4c, 0xc4, 0x00, 0xe9, 0xd9, 0x95, 0xe9, 0x80, 0x25, 0x92, 0xf2,
  0x0b, 0x44, 0x4c, 0x56, 0x86, 0xf0, 0x2c, 0xe1, 0x60, 0x19, 0xf5, 0xb8,
  0x08, 0x00, 0x4a, 0xa7, 0x20, 0x0e, 0x5a, 0xaa, 0x34, 0x30, 0x00, 0xfb,
  0x80, 0x05, 0x07, 0x20, 0x01, 0x50, 0x05, 0x41, 0x92, 0xf8, 0xc2, 0x00,
  0x5a, 0x36, 0x82, 0x97, 0x00, 0x97, 0x7b, 0x79, 0xa6, 0xc0, 0x35, 0xe0,
  0x07, 0xe9, 0x30, 0x0f, 0xcd, 0x40, 0x1f, 0x91, 0xc0, 0x30, 0x10, 0x0d,
  0x90, 0x80, 0x10, 0x80, 0x70, 0xed, 0x80, 0x7f, 0xf1, 0x84, 0x84, 0x03,
  0x1f, 0x78, 0x06, 0x3c, 0x2c, 0x10, 0x03, 0x68, 0xf8, 0x80, 0x46, 0x20,
  0x60, 0x18, 0xe8, 0x74, 0x03, 0x32, 0xb9, 0xc0, 0x07, 0x42, 0x3a, 0x0f,
  0xd0, 0x02, 0xfd, 0x00, 0x2b, 0xd0, 0x0f, 0x78, 0x07, 0xc5, 0x40, 0x1e,
  0x77, 0x00, 0x40, 0x06, 0x0d, 0x86, 0x80, 0x10, 0x9e, 0xb0, 0x07, 0xff,
  0x3c, 0xf9, 0xcb, 0x98, 0x98, 0x40, 0x98, 0x28, 0x40, 0x10, 0x0d, 0x8e,
  0x68, 0x19, 0x0a, 0x90, 0x0e, 0x77, 0xd6, 0xa8, 0x00, 0xea, 0xc2, 0x00,
  0x08, 0x91, 0x90, 0x00, 0x40, 0x0e, 0x01, 0xff, 0xca, 0x1f, 0xa0, 0x05,
  0xf8, 0x05, 0x72, 0x01, 0xde, 0x60, 0x1c, 0x7c, 0x01, 0xcc, 0x80, 0x00,
  0x0a, 0x0d, 0x8a, 0x68, 0x21, 0x11, 0x46, 0xfb, 0x6c, 0x00, 0x75, 0x80,
  0x04, 0x52, 0x00, 0x08, 0x07, 0xff, 0x14, 0x7a, 0x80, 0x2e, 0x90, 0x0a,
  0x0c, 0x02, 0xd9, 0x00, 0xac, 0xc0, 0x00, 0x0e, 0x0d, 0x8e, 0x68, 0x00,
  0xd4, 0xc0, 0x03, 0x98, 0xac, 0xa0, 0x73, 0x9f, 0x85, 0x43, 0x0d, 0x46,
  0xf4, 0x57, 0x5b, 0xeb, 0x11, 0x5f, 0x6b, 0x23, 0x3e, 0x39, 0xf0, 0x01,
  0x99, 0x1d, 0x08, 0xe1, 0x3d, 0x7d, 0x60, 0x12, 0xda, 0x80, 0x65, 0x50,
  0x80, 0x63, 0x15, 0x00, 0xc5, 0x60, 0x10, 0x0a, 0x0d, 0x8a, 0x78, 0x09,
  0x80, 0x57, 0x82, 0x06, 0x20, 0xa3, 0xa8, 0x17, 0x38, 0x81, 0x92, 0x42,
  0x04, 0x20, 0x1f, 0xf1, 0x83, 0x18, 0x50, 0xc5, 0x81, 0xf7, 0xc0, 0x03,
  0xa8, 0x02, 0x81, 0x00, 0xbf, 0xc0, 0x14, 0x20, 0x00, 0x08, 0x0d, 0x88,
  0x80, 0x18, 0x80, 0xe5, 0x80, 0x7f, 0xf4, 0x44, 0x1c, 0xc1, 0x8a, 0x82,
  0x7a, 0x42, 0x78, 0x01, 0x44, 0x20, 0xe8, 0x20, 0xb2, 0x00, 0x08, 0x0d,
  0x8a, 0x78, 0x18, 0x80, 0x07, 0x2c, 0x03, 0x09, 0x80, 0x49, 0x84, 0x00,
  0x4d, 0x20, 0x00, 0x90, 0x07, 0xfc, 0x20, 0xea, 0x00, 0x72, 0xa2, 0x08,
  0xef, 0x20, 0x5e, 0x30, 0x02, 0x21, 0xc0, 0x06, 0x08, 0x00, 0x2b, 0x00,
  0x00, 0x14, 0x00, 0x14, 0x58, 0x19, 0x00, 0x62, 0x30, 0x1c, 0x90, 0x0d,
  0xd8, 0x01, 0xff, 0xfd, 0x59, 0x9c, 0x40, 0x18, 0x59, 0xb0, 0x80, 0x00,
  0x06, 0x0e, 0x86, 0x29, 0xf3, 0xb8, 0x6d, 0x2d, 0x8a, 0x20, 0x58, 0x40,
  0x06, 0x0e, 0x86, 0x51, 0x73, 0x88, 0xb8, 0xfa, 0x40, 0x40, 0x31, 0xf3,
  0xb8, 0x6d, 0x2d, 0x8a, 0x20, 0x58, 0x40, 0x06, 0x0e, 0x86, 0x51, 0xf3,
  0x38, 0xf2, 0x74, 0x00, 0x80, 0x63, 0xe8, 0x41, 0x11, 0x34, 0xa9, 0xb0,
  0x53, 0x00, 0x0c, 0x03, 0x0c, 0x28, 0x00, 0x40, 0x02, 0x14, 0xc1, 0x6e,
  0x82, 0xea, 0x2c, 0x29, 0x86, 0xb6, 0x86, 0x88, 0x3c, 0x0c, 0x03, 0x0c,
  0x28, 0x08, 0x00, 0x81, 0x3a, 0x97, 0x65, 0x8d, 0xd8, 0x94, 0xa5, 0x0e,
  0xd0, 0xba, 0x0f, 0x20, 0x06, 0x03, 0x06, 0x28, 0x00, 0x42, 0x99, 0x05,
  0xc5, 0x31, 0x0d, 0x00, 0x06, 0x03, 0x06, 0x28, 0x08, 0x27, 0x53, 0x1b,
  0x94, 0xa1, 0x74, 0x00, 0x06, 0x03, 0x06, 0x28, 0x08, 0x1f, 0x63, 0x0a,
  0x39, 0x41, 0x54, 0x00, 0x00, 0x04, 0x0c, 0x28, 0x00, 0x80, 0x31, 0xfe,
  0x80, 0x47, 0x0a, 0x00, 0x2f, 0x7c, 0xf0, 0x29, 0xc9, 0xb0, 0x10, 0x14,
  0x0a, 0x28, 0x00, 0xd0, 0x02, 0xfc, 0x00, 0x92, 0x81, 0xfe, 0x7b, 0x09,
  0x01, 0x10, 0x06, 0x04, 0x06, 0x18, 0x11, 0x96, 0x29, 0x29, 0x80, 0x0a,
  0x04, 0x0a, 0x19, 0x91, 0x10, 0x17, 0x2a, 0x80, 0x6b, 0x40, 0x00, 0x0a,
  0x04, 0x0a, 0x18, 0x11, 0xa1, 0x13, 0x17, 0xe8, 0x94, 0xf4, 0x40, 0x0a,
  0x04, 0x0a, 0x19, 0x90, 0x21, 0x2e, 0x1d, 0x89, 0xa8, 0x11, 0x80, 0x0a,
  0x04, 0x0a, 0x18, 0x11, 0x92, 0x16, 0x2d, 0x79, 0x29, 0x8e, 0x80, 0x08,
  0x04, 0x0a, 0x29, 0x30, 0x28, 0xe6, 0x3a, 0xc3, 0xfb, 0x38, 0x45, 0x98,
  0x00, 0xb9, 0x00, 0x00, 0x08, 0x04, 0x0a, 0x29, 0x30, 0x28, 0xe6, 0x3a,
  0xc3, 0xea, 0xfc, 0x45, 0x7c, 0x01, 0x60, 0x88, 0x00, 0x06, 0x04, 0x06,
  0x18, 0x90, 0x36, 0x83, 0x00, 0x80, 0x08, 0x14, 0x04, 0x18, 0x95, 0xcb,
  0x68, 0x00, 0x04, 0x0a, 0x28, 0x4a, 0x80, 0x5f, 0x62, 0x00, 0x6a, 0x30,
  0x1d, 0x9f, 0xa1, 0x88, 0xa4, 0x00, 0x0d, 0x86, 0x28, 0x04, 0x3f, 0x03,
  0x02, 0x1b, 0x41, 0x66, 0x08, 0x04, 0x08, 0x18, 0x10, 0x00, 0x72, 0x40,
  0x75, 0x08, 0x08, 0x04, 0x08, 0x18, 0x00, 0x80, 0x17, 0xe0, 0x6d, 0xe0,
  0x08, 0x0e, 0x88, 0x20, 0x06, 0x2f, 0xa0, 0xa0, 0xd0, 0xb2, 0x82, 0x0d,
  0xfe, 0x8e, 0x48, 0x07, 0xff, 0x06, 0x00, 0x3c, 0x20, 0x1d, 0x1a, 0x01,
  0x9c, 0x50, 0x00, 0xbb, 0xf2, 0x00, 0xb8, 0xf8, 0x00, 0x1a, 0x30, 0x06,
  0x36, 0x62, 0x00, 0x40, 0x0c, 0x0e, 0x8c, 0x38, 0x07, 0x20, 0x07, 0x68,
  0x06, 0xab, 0x00, 0x36, 0x71, 0x13, 0xb3, 0x08, 0x14, 0x24, 0x01, 0x51,
  0xa8, 0x80, 0x00, 0x08, 0x0e, 0x88, 0x20, 0x06, 0x2e, 0x90, 0x51, 0x10,
  0x2a, 0x29, 0x00, 0x08, 0x0e, 0x88, 0x30, 0x07, 0x89, 0xc1, 0x31, 0x86,
  0xe4, 0x5c, 0x38, 0x5d, 0x10, 0xa0, 0x0b, 0xfe, 0x8c, 0x38, 0x07, 0x30,
  0x06, 0x2f, 0x00, 0x87, 0xac, 0x00, 0xdf, 0x24, 0x17, 0x6c, 0x50, 0x24,
  0x60, 0x08, 0x99, 0x88, 0x00, 0x06, 0x0e, 0x86, 0x18, 0x28, 0x25, 0xaa,
  0x23, 0x80, 0x0a, 0x0e, 0x8a, 0x30, 0x06, 0x70, 0x09, 0xc4, 0x0f, 0x39,
  0x9f, 0x22, 0x42, 0x45, 0xc0, 0x12, 0x74, 0x00, 0x0c, 0x04, 0x0c, 0x18,
  0x09, 0x01, 0x08, 0x64, 0xae, 0x91, 0x9a, 0x62, 0x4c, 0x08, 0x04, 0x08,
  0x18, 0x00, 0x80, 0x17, 0xe0, 0x6b, 0xc0, 0x01, 0x9e, 0x88, 0x18, 0x00,
  0x84, 0x1f, 0x48, 0x26, 0x46, 0x01, 0x8e, 0x8e, 0x18, 0x28, 0x30, 0x20,
  0x87, 0x65, 0xe4, 0x80, 0x2f, 0xb7, 0xb4, 0x40, 0x0c, 0x04, 0x0c, 0x18,
  0x00, 0x40, 0x35, 0x7f, 0x98, 0x0d, 0xbb, 0x6c, 0x00, 0x0c, 0x0e, 0x8c,
  0x18, 0x00, 0x44, 0x01, 0x57, 0xf3, 0x01, 0xb7, 0x6d, 0x80, 0x01, 0x9e,
  0x0c, 0x19, 0xe8, 0x0f, 0x01, 0xa7, 0xf4, 0x80, 0x27, 0xbd, 0xc0, 0x01,
  0x9e, 0x0c, 0x21, 0x28, 0x01, 0x85, 0x20, 0x01, 0x0a, 0x05, 0xfe, 0x10,
  0x6e, 0xec, 0x80, 0x01, 0x9e, 0x0a, 0x20, 0x8f, 0x7f, 0x76, 0x0b, 0xfb,
  0x08, 0x60, 0x59, 0x01, 0x94, 0x0a, 0x20, 0x15, 0x18, 0x0a, 0x2a, 0x0d,
  0xd6, 0x5d, 0xcd, 0xcd, 0x60, 0x01, 0x9e, 0x0c, 0x18, 0x1f, 0x68, 0x80,
  0xec, 0xbe, 0x80, 0xfb, 0xd6, 0x80, 0x01, 0xa3, 0x06, 0x2b, 0x68, 0x19,
  0x11, 0x01, 0x85, 0x30, 0x2e, 0x00, 0x01, 0xa3, 0x08, 0x28, 0x14, 0x80,
  0x25, 0x40, 0x08, 0xa0, 0x20, 0x20, 0x39, 0x20, 0x12, 0x14, 0x0e, 0x20,
  0x04, 0x22, 0x00, 0x84, 0x3a, 0x44, 0x23, 0x90, 0x33, 0xa3, 0x19, 0x3d,
  0x1b, 0x00, 0x10, 0x1e, 0x0c, 0x18, 0xdb, 0x0d, 0xa9, 0xa7, 0x9a, 0x61,
  0x74, 0x97, 0x48, 0x08, 0x04, 0x08, 0x18, 0x90, 0x05, 0x92, 0x03, 0x4e,
  0x20, 0x01, 0xae, 0x86, 0x19, 0x08, 0x2f, 0x13, 0xa5, 0x80, 0x08, 0x04,
  0x08, 0x18, 0x08, 0x01, 0x3f, 0x81, 0x2d, 0x40, 0x01, 0xbe, 0x88, 0x28,
  0x01, 0x8c, 0x01, 0x16, 0x00, 0x10, 0x39, 0x0d, 0x54, 0x65, 0x01, 0xde,
  0x88, 0x29, 0x30, 0x01, 0xe4, 0x40, 0x39, 0xc2, 0x90, 0xa1, 0xb0, 0x01,
  0xae, 0x06, 0x20, 0x20, 0x02, 0xc8, 0x00, 0x20, 0xf2, 0x01, 0xb3, 0x84,
  0x26, 0x19, 0x38, 0x03, 0x90, 0x01, 0xa3, 0x88, 0x26, 0x1e, 0x99, 0x39,
  0x38, 0x06, 0xe4, 0xf4, 0x01, 0xbe, 0x04, 0x25, 0x1a, 0x38, 0x03, 0x10,
  0x0c, 0x0e, 0x8a, 0x10, 0xf7, 0x56, 0x35, 0x54, 0x00, 0x01, 0x85, 0x10,
  0x18, 0x99, 0xf8, 0x27, 0x33, 0xc1, 0x3b, 0xbe, 0x00, 0x01, 0x85, 0x0e,
  0x20, 0x8f, 0x83, 0x3b, 0xb9, 0xf3, 0xbb, 0x9f, 0x3b, 0xb9, 0xc0, 0x01,
  0xae, 0x06, 0x20, 0x29, 0x84, 0x10, 0x32, 0x85, 0xa0, 0x04, 0x0e, 0x06,
  0x22, 0xa0, 0x35, 0x00, 0x80, 0x12, 0xc0, 0x01, 0xae, 0x08, 0x20, 0xcc,
  0x86, 0xc4, 0x50, 0x01, 0x1d, 0x90, 0xd8, 0x01, 0x8e, 0x8e, 0x10, 0x4e,
  0xde, 0xe8, 0xc0, 0x1b, 0x9d, 0xea, 0x01, 0x91, 0x0c, 0x18, 0x2b, 0x03,
  0x09, 0x56, 0x7c, 0x09, 0x75, 0x77, 0x00, 0x01, 0x9e, 0x8c, 0x10, 0x4d,
  0x1d, 0x09, 0x2e, 0x70, 0x08, 0x01, 0x8e, 0x90, 0x14, 0x7f, 0xf8, 0x2e,
  0x67, 0xc0, 0x01, 0x8e, 0x0e, 0x21, 0x9f, 0x87, 0x73, 0x39, 0xae, 0x67,
  0x92, 0x6e, 0xf9, 0x40, 0x01, 0xa4, 0x08, 0x22, 0xa9, 0xcd, 0xaa, 0x84,
  0x84, 0x64, 0xd9, 0x83, 0x08, 0x04, 0x08, 0x2a, 0x40, 0x03, 0x5c, 0x42,
  0x75, 0x48, 0x3a, 0x8d, 0x43, 0x04, 0x0c, 0x04, 0x0c, 0x28, 0x07, 0xed,
  0xd0, 0x06, 0xa5, 0x00, 0x0e, 0xf8, 0x68, 0x8b, 0xd5, 0x5e, 0x20, 0x0c,
  0x05, 0x8c, 0x28, 0x07, 0xed, 0xd0, 0x06, 0xa5, 0x00, 0x0e, 0xf8, 0x68,
  0x8b, 0xd5, 0x3c, 0x40, 0x0a, 0x03, 0x8a, 0x30, 0x01, 0x6c, 0x40, 0x05,
  0x22, 0x17, 0x30, 0x04, 0xdc, 0x82, 0x43, 0xaa, 0x21, 0x98, 0xb0, 0x0a,
  0x05, 0x0a, 0x30, 0x00, 0xe4, 0x40, 0x15, 0x82, 0x10, 0x84, 0x04, 0xb9,
  0x22, 0x41, 0xa4, 0x21, 0xbd, 0x80, 0x0e, 0x04, 0x0c, 0x28, 0x07, 0xdf,
  0x45, 0xee, 0x11, 0xc4, 0xe8, 0x05, 0xec, 0x0c, 0x1d, 0xb8, 0x8e, 0x0e,
  0x04, 0x0c, 0x28, 0x07, 0xdf, 0x45, 0xee, 0x11, 0xc4, 0xe8, 0x05, 0xec,
  0x0c, 0x1d, 0xb8, 0x8e, 0x0e, 0x14, 0x0a, 0x24, 0x7f, 0xc9, 0x3d, 0xd2,
  0x3e, 0x4c, 0x3e, 0x58, 0xaa, 0x80, 0x10, 0x00, 0x10, 0x40, 0x19, 0x00,
  0x46, 0x43, 0x90, 0x00, 0x1c, 0x80, 0x0f, 0xfe, 0xb3, 0xbd, 0x20, 0x18,
  0xa2, 0x0e, 0x00, 0x01, 0xa4, 0x0a, 0x20, 0x8f, 0x6f, 0x75, 0xf9, 0xfe,
  0xb0, 0x0c, 0xd0, 0x01, 0x71, 0x92, 0x11, 0xa2, 0x7c, 0x7b, 0x77, 0xf7,
  0x80, 0x0c, 0x02, 0x0c, 0x10, 0xf7, 0x6c, 0x1a, 0xad, 0xe0, 0x01, 0xae,
  0x08, 0x24, 0xd5, 0x01, 0xf9, 0x00, 0x1c, 0x21, 0xb3, 0x80, 0x01, 0xae,
  0x08, 0x21, 0x19, 0x83, 0x32, 0x3e, 0x0b, 0x30, 0x76, 0x00, 0x01, 0x9e,
  0x0a, 0x20, 0x00, 0x70, 0x45, 0xde, 0x60, 0x3b, 0x40, 0x11, 0xa6, 0x88,
  0x01, 0xae, 0x08, 0x25, 0x98, 0x01, 0x77, 0x8c, 0x27, 0x4f, 0xdc, 0xc0,
  0x01, 0xae, 0x08, 0x20, 0x13, 0x80, 0x1e, 0x41, 0x28, 0x75, 0x37, 0x58,
  0x01, 0xa3, 0x86, 0x28, 0x3a, 0x14, 0x29, 0x11, 0x48, 0x80, 0x5e, 0x80,
  0x0e, 0x02, 0x0e, 0x15, 0xff, 0xf0, 0xfd, 0x57, 0x08, 0x0c, 0x03, 0x0c,
  0x28, 0x08, 0x00, 0x40, 0xfb, 0x13, 0xad, 0x85, 0x08, 0x71, 0xca, 0x15,
  0x4e, 0x55, 0x07, 0xae, 0x08, 0x01, 0x88, 0x28, 0x04, 0x20, 0x07, 0xd5,
  0xea, 0x8a, 0x9d, 0x4e, 0x70, 0x00, 0x0c, 0x01, 0x0c, 0x30, 0x06, 0x25,
  0x00, 0x0c, 0xee, 0x81, 0xbd, 0xa2, 0x1b, 0x2f, 0xce, 0x03, 0x92, 0x20,
  0x0c, 0x30, 0x0c, 0x00, 0x0e, 0x06, 0x20, 0x04, 0x7e, 0xa8, 0x2a, 0x74,
  0x00, 0x00, 0x00, 0x00
};
const uint32_t interdisplay_semibold_14_bin_len = 40408;
