// Auto-generated | InterDisplay-Bold.ttf | 14px | 4bpp | 2025-11-27 03:54

const uint8_t interdisplay_bold_14_bin[] PROGMEM = {
  0x30, 0x00, 0x00, 0x00, 0x68, 0x65, 0x61, 0x64, 0x01, 0x00, 0x00, 0x00,
  0x03, 0x00, 0x0e, 0x00, 0x10, 0x00, 0xfb, 0xff, 0x0e, 0x00, 0xfd, 0xff,
  0x00, 0x00, 0xfb, 0xff, 0x10, 0x00, 0x00, 0x00, 0x10, 0x00, 0x00, 0x01,
  0x00, 0x04, 0x05, 0x06, 0x07, 0x01, 0x00, 0x00, 0x01, 0x00, 0x00, 0x00,
  0x7c, 0x01, 0x00, 0x00, 0x63, 0x6d, 0x61, 0x70, 0x11, 0x00, 0x00, 0x00,
  0x1c, 0x01, 0x00, 0x00, 0x20, 0x00, 0x00, 0x00, 0x5f, 0x00, 0x01, 0x00,
  0x5f, 0x00, 0x02, 0x00, 0x1c, 0x01, 0x00, 0x00, 0xa0, 0x00, 0x00, 0x00,
  0x0d, 0x00, 0x60, 0x00, 0x0d, 0x00, 0x02, 0x00, 0x1c, 0x01, 0x00, 0x00,
  0xae, 0x00, 0x00, 0x00, 0x52, 0x00, 0x6d, 0x00, 0x52, 0x00, 0x02, 0x00,
  0x1c, 0x01, 0x00, 0x00, 0x00, 0xe0, 0x00, 0x00, 0x01, 0x00, 0xbf, 0x00,
  0x01, 0x00, 0x02, 0x00, 0x1c, 0x01, 0x00, 0x00, 0x02, 0xe0, 0x00, 0x00,
  0x5d, 0x00, 0xc0, 0x00, 0x5d, 0x00, 0x02, 0x00, 0x1c, 0x01, 0x00, 0x00,
  0x6a, 0xe0, 0x00, 0x00, 0x54, 0x00, 0x1d, 0x01, 0x54, 0x00, 0x02, 0x00,
  0x1c, 0x01, 0x00, 0x00, 0xc8, 0xe0, 0x00, 0x00, 0x5d, 0x00, 0x71, 0x01,
  0x22, 0x00, 0x03, 0x00, 0x60, 0x01, 0x00, 0x00, 0x2a, 0xe1, 0x00, 0x00,
  0x35, 0x00, 0x93, 0x01, 0x35, 0x00, 0x02, 0x00, 0x60, 0x01, 0x00, 0x00,
  0x63, 0xe1, 0x00, 0x00, 0x61, 0x00, 0xc8, 0x01, 0x02, 0x00, 0x03, 0x00,
  0x64, 0x01, 0x00, 0x00, 0xd2, 0xe1, 0x00, 0x00, 0x0e, 0x00, 0xca, 0x01,
  0x0e, 0x00, 0x02, 0x00, 0x64, 0x01, 0x00, 0x00, 0xe1, 0xe1, 0x00, 0x00,
  0xfc, 0x00, 0xd8, 0x01, 0xfc, 0x00, 0x02, 0x00, 0x64, 0x01, 0x00, 0x00,
  0x01, 0xee, 0x00, 0x00, 0x17, 0x00, 0xd4, 0x02, 0x17, 0x00, 0x00, 0x00,
  0x7c, 0x01, 0x00, 0x00, 0x1d, 0xee, 0x00, 0x00, 0x29, 0x00, 0xe6, 0x02,
  0x29, 0x00, 0x02, 0x00, 0x7c, 0x01, 0x00, 0x00, 0x47, 0xee, 0x00, 0x00,
  0x3e, 0x00, 0x0f, 0x03, 0x3e, 0x00, 0x02, 0x00, 0x7c, 0x01, 0x00, 0x00,
  0x87, 0xee, 0x00, 0x00, 0x50, 0x00, 0x4d, 0x03, 0x50, 0x00, 0x02, 0x00,
  0x7c, 0x01, 0x00, 0x00, 0xd8, 0xee, 0x00, 0x00, 0x0a, 0x00, 0x9d, 0x03,
  0x0a, 0x00, 0x02, 0x00, 0x7c, 0x01, 0x00, 0x00, 0xc3, 0xf6, 0x00, 0x00,
  0x01, 0x00, 0xa7, 0x03, 0x01, 0x00, 0x02, 0x00, 0x00, 0x00, 0x01, 0x00,
  0x02, 0x00, 0x03, 0x00, 0x04, 0x00, 0x14, 0x00, 0x15, 0x00, 0x16, 0x00,
  0x17, 0x00, 0x18, 0x00, 0x19, 0x00, 0x1a, 0x00, 0x1b, 0x00, 0x1c, 0x00,
  0x1d, 0x00, 0x1e, 0x00, 0x2b, 0x00, 0x2c, 0x00, 0x2d, 0x00, 0x3e, 0x00,
  0x41, 0x00, 0x42, 0x00, 0x44, 0x00, 0x45, 0x00, 0x46, 0x00, 0x47, 0x00,
  0x49, 0x00, 0x4a, 0x00, 0x4b, 0x00, 0x4f, 0x00, 0x50, 0x00, 0x59, 0x00,
  0x5a, 0x00, 0x5c, 0x00, 0x00, 0x00, 0x60, 0x00, 0x00, 0x01, 0x02, 0x03,
  0x04, 0x05, 0x06, 0x00, 0x07, 0x08, 0x00, 0x09, 0x0a, 0x0b, 0x0c, 0x0d,
  0x0e, 0x0f, 0x00, 0x10, 0x00, 0x00, 0x11, 0x00, 0x5c, 0x07, 0x00, 0x00,
  0x6c, 0x6f, 0x63, 0x61, 0xa8, 0x03, 0x00, 0x00, 0x08, 0x00, 0x08, 0x00,
  0x0c, 0x00, 0x1f, 0x00, 0x32, 0x00, 0x67, 0x00, 0xac, 0x00, 0xf1, 0x00,
  0x29, 0x01, 0x35, 0x01, 0x5d, 0x01, 0x7d, 0x01, 0x99, 0x01, 0xb4, 0x01,
  0xc0, 0x01, 0xc8, 0x01, 0xd1, 0x01, 0xf9, 0x01, 0x2e, 0x02, 0x40, 0x02,
  0x70, 0x02, 0xa5, 0x02, 0xd0, 0x02, 0xfd, 0x02, 0x33, 0x03, 0x5b, 0x03,
  0x8f, 0x03, 0xc5, 0x03, 0xd4, 0x03, 0xe7, 0x03, 0x08, 0x04, 0x17, 0x04,
  0x3d, 0x04, 0x69, 0x04, 0xca, 0x04, 0x00, 0x05, 0x31, 0x05, 0x68, 0x05,
  0x98, 0x05, 0xb8, 0x05, 0xd4, 0x05, 0x0f, 0x06, 0x26, 0x06, 0x2f, 0x06,
  0x4b, 0x06, 0x7b, 0x06, 0x88, 0x06, 0xc0, 0x06, 0xea, 0x06, 0x28, 0x07,
  0x4f, 0x07, 0x93, 0x07, 0xc1, 0x07, 0xf7, 0x07, 0x08, 0x08, 0x28, 0x08,
  0x60, 0x08, 0xb3, 0x08, 0xec, 0x08, 0x17, 0x09, 0x41, 0x09, 0x53, 0x09,
  0x7a, 0x09, 0x8a, 0x09, 0x9f, 0x09, 0xa7, 0x09, 0xb1, 0x09, 0xd4, 0x09,
  0xf8, 0x09, 0x1b, 0x0a, 0x43, 0x0a, 0x67, 0x0a, 0x7d, 0x0a, 0xab, 0x0a,
  0xc7, 0x0a, 0xd4, 0x0a, 0xe9, 0x0a, 0x0c, 0x0b, 0x15, 0x0b, 0x35, 0x0b,
  0x4e, 0x0b, 0x71, 0x0b, 0x9b, 0x0b, 0xc3, 0x0b, 0xd6, 0x0b, 0xf6, 0x0b,
  0x0e, 0x0c, 0x25, 0x0c, 0x49, 0x0c, 0x7e, 0x0c, 0xa2, 0x0c, 0xd1, 0x0c,
  0xf1, 0x0c, 0x1b, 0x0d, 0x25, 0x0d, 0x4e, 0x0d, 0x60, 0x0d, 0x64, 0x0d,
  0x78, 0x0d, 0xa7, 0x0d, 0xda, 0x0d, 0x13, 0x0e, 0x44, 0x0e, 0x57, 0x0e,
  0x94, 0x0e, 0xa1, 0x0e, 0xeb, 0x0e, 0x02, 0x0f, 0x26, 0x0f, 0x34, 0x0f,
  0x60, 0x0f, 0x6a, 0x0f, 0x83, 0x0f, 0xa3, 0x0f, 0xb9, 0x0f, 0xd0, 0x0f,
  0xda, 0x0f, 0xf9, 0x0f, 0x18, 0x10, 0x21, 0x10, 0x2d, 0x10, 0x3a, 0x10,
  0x53, 0x10, 0x77, 0x10, 0xb5, 0x10, 0xfa, 0x10, 0x43, 0x11, 0x6e, 0x11,
  0xb2, 0x11, 0xf6, 0x11, 0x3c, 0x12, 0x81, 0x12, 0xc9, 0x12, 0x0e, 0x13,
  0x4c, 0x13, 0x8e, 0x13, 0xbb, 0x13, 0xe9, 0x13, 0x19, 0x14, 0x4b, 0x14,
  0x5c, 0x14, 0x6f, 0x14, 0x84, 0x14, 0x99, 0x14, 0xce, 0x14, 0x08, 0x15,
  0x53, 0x15, 0x9f, 0x15, 0xed, 0x15, 0x39, 0x16, 0x89, 0x16, 0xb0, 0x16,
  0xf9, 0x16, 0x27, 0x17, 0x54, 0x17, 0x84, 0x17, 0xb6, 0x17, 0xee, 0x17,
  0x16, 0x18, 0x46, 0x18, 0x73, 0x18, 0xa0, 0x18, 0xcf, 0x18, 0xfe, 0x18,
  0x2e, 0x19, 0x5f, 0x19, 0x97, 0x19, 0xc5, 0x19, 0xf2, 0x19, 0x1f, 0x1a,
  0x4e, 0x1a, 0x7e, 0x1a, 0x8d, 0x1a, 0x9d, 0x1a, 0xaf, 0x1a, 0xc2, 0x1a,
  0xf6, 0x1a, 0x1c, 0x1b, 0x48, 0x1b, 0x75, 0x1b, 0xa3, 0x1b, 0xd3, 0x1b,
  0x03, 0x1c, 0x24, 0x1c, 0x4e, 0x1c, 0x6f, 0x1c, 0x91, 0x1c, 0xb5, 0x1c,
  0xd9, 0x1c, 0x11, 0x1d, 0x3b, 0x1d, 0x76, 0x1d, 0xca, 0x1d, 0x08, 0x1e,
  0x4a, 0x1e, 0x94, 0x1e, 0xdd, 0x1e, 0x28, 0x1f, 0x6f, 0x1f, 0xb8, 0x1f,
  0x02, 0x20, 0x49, 0x20, 0x90, 0x20, 0xa8, 0x20, 0xc9, 0x20, 0xf1, 0x20,
  0x11, 0x21, 0x30, 0x21, 0x51, 0x21, 0x72, 0x21, 0x94, 0x21, 0xb2, 0x21,
  0xd0, 0x21, 0xf1, 0x21, 0x11, 0x22, 0x33, 0x22, 0x55, 0x22, 0x7b, 0x22,
  0x9d, 0x22, 0xbe, 0x22, 0xe1, 0x22, 0xfe, 0x22, 0x1b, 0x23, 0x3d, 0x23,
  0x5f, 0x23, 0x80, 0x23, 0xa2, 0x23, 0xc8, 0x23, 0xf1, 0x23, 0x12, 0x24,
  0x30, 0x24, 0x50, 0x24, 0x6d, 0x24, 0x85, 0x24, 0xa6, 0x24, 0xcf, 0x24,
  0x01, 0x25, 0x36, 0x25, 0x70, 0x25, 0xaf, 0x25, 0xe9, 0x25, 0x23, 0x26,
  0x60, 0x26, 0x94, 0x26, 0xc8, 0x26, 0x03, 0x27, 0x41, 0x27, 0x7b, 0x27,
  0xb5, 0x27, 0xf2, 0x27, 0x27, 0x28, 0x5c, 0x28, 0x95, 0x28, 0xc8, 0x28,
  0xfb, 0x28, 0x31, 0x29, 0x63, 0x29, 0x95, 0x29, 0xc9, 0x29, 0xf9, 0x29,
  0x29, 0x2a, 0x5b, 0x2a, 0x90, 0x2a, 0xc9, 0x2a, 0xfb, 0x2a, 0x30, 0x2b,
  0x43, 0x2b, 0x56, 0x2b, 0x69, 0x2b, 0x88, 0x2b, 0xa3, 0x2b, 0xb2, 0x2b,
  0xcd, 0x2b, 0xe9, 0x2b, 0x06, 0x2c, 0x2c, 0x2c, 0x48, 0x2c, 0x61, 0x2c,
  0x78, 0x2c, 0x90, 0x2c, 0xa7, 0x2c, 0xc6, 0x2c, 0xde, 0x2c, 0xfb, 0x2c,
  0x17, 0x2d, 0x2c, 0x2d, 0x60, 0x2d, 0x9a, 0x2d, 0xad, 0x2d, 0xdd, 0x2d,
  0x08, 0x2e, 0x3a, 0x2e, 0x6a, 0x2e, 0xa4, 0x2e, 0xc2, 0x2e, 0xf5, 0x2e,
  0x2e, 0x2f, 0x5a, 0x2f, 0x8e, 0x2f, 0xc8, 0x2f, 0xf3, 0x2f, 0x2d, 0x30,
  0x66, 0x30, 0xa1, 0x30, 0xbf, 0x30, 0xf3, 0x30, 0x1f, 0x31, 0x55, 0x31,
  0x86, 0x31, 0xac, 0x31, 0xcb, 0x31, 0xdf, 0x31, 0xf4, 0x31, 0x21, 0x32,
  0x4e, 0x32, 0xaf, 0x32, 0xb8, 0x32, 0xc0, 0x32, 0xcb, 0x32, 0xd5, 0x32,
  0xea, 0x32, 0x01, 0x33, 0x09, 0x33, 0x1b, 0x33, 0x33, 0x33, 0x4b, 0x33,
  0x5b, 0x33, 0x67, 0x33, 0x73, 0x33, 0x88, 0x33, 0x9f, 0x33, 0xc0, 0x33,
  0xe4, 0x33, 0x06, 0x34, 0x27, 0x34, 0x37, 0x34, 0x5c, 0x34, 0x7c, 0x34,
  0x85, 0x34, 0xaa, 0x34, 0xca, 0x34, 0xed, 0x34, 0x10, 0x35, 0x27, 0x35,
  0x4a, 0x35, 0x54, 0x35, 0x67, 0x35, 0x75, 0x35, 0x82, 0x35, 0x99, 0x35,
  0xaa, 0x35, 0xbf, 0x35, 0xd0, 0x35, 0xe3, 0x35, 0xf7, 0x35, 0x0f, 0x36,
  0x26, 0x36, 0x36, 0x36, 0x43, 0x36, 0x50, 0x36, 0x6a, 0x36, 0x75, 0x36,
  0x88, 0x36, 0x9e, 0x36, 0xb7, 0x36, 0xcd, 0x36, 0xe2, 0x36, 0xf5, 0x36,
  0x0a, 0x37, 0x20, 0x37, 0x31, 0x37, 0x39, 0x37, 0x45, 0x37, 0x55, 0x37,
  0x64, 0x37, 0x7d, 0x37, 0x89, 0x37, 0x9f, 0x37, 0xb5, 0x37, 0xcd, 0x37,
  0xe0, 0x37, 0xf6, 0x37, 0x0c, 0x38, 0x22, 0x38, 0x38, 0x38, 0x45, 0x38,
  0x5d, 0x38, 0x66, 0x38, 0x75, 0x38, 0x8b, 0x38, 0x98, 0x38, 0xcf, 0x38,
  0xdf, 0x38, 0xf2, 0x38, 0x07, 0x39, 0x2a, 0x39, 0x3d, 0x39, 0x4e, 0x39,
  0x64, 0x39, 0x79, 0x39, 0x8b, 0x39, 0x9f, 0x39, 0xaf, 0x39, 0xc4, 0x39,
  0xd5, 0x39, 0x92, 0x3a, 0x2f, 0x3b, 0xe2, 0x3b, 0x8f, 0x3c, 0x45, 0x3d,
  0xf9, 0x3d, 0x9a, 0x3e, 0x4a, 0x3f, 0x04, 0x40, 0x9d, 0x40, 0x45, 0x41,
  0xef, 0x41, 0x8f, 0x42, 0x3d, 0x43, 0xea, 0x43, 0x97, 0x44, 0x43, 0x45,
  0xec, 0x45, 0x9b, 0x46, 0x10, 0x47, 0x59, 0x47, 0xca, 0x47, 0x41, 0x48,
  0xa9, 0x48, 0x1a, 0x49, 0x93, 0x49, 0xf7, 0x49, 0x6f, 0x4a, 0xe5, 0x4a,
  0x5d, 0x4b, 0xa4, 0x4b, 0x14, 0x4c, 0x79, 0x4c, 0xeb, 0x4c, 0x58, 0x4d,
  0xa7, 0x4d, 0x13, 0x4e, 0x87, 0x4e, 0xc7, 0x4e, 0x25, 0x4f, 0x82, 0x4f,
  0xcf, 0x4f, 0x22, 0x50, 0x61, 0x50, 0xc4, 0x50, 0x1b, 0x51, 0x76, 0x51,
  0xd3, 0x51, 0x38, 0x52, 0x9c, 0x52, 0xf7, 0x52, 0x5a, 0x53, 0x6f, 0x53,
  0x7b, 0x53, 0xa8, 0x53, 0xdf, 0x53, 0x1b, 0x54, 0x47, 0x54, 0x7c, 0x54,
  0xa9, 0x54, 0xe2, 0x54, 0x1c, 0x55, 0x46, 0x55, 0x7d, 0x55, 0xc5, 0x55,
  0x14, 0x56, 0x58, 0x56, 0xa1, 0x56, 0xb7, 0x56, 0x04, 0x57, 0x4f, 0x57,
  0x94, 0x57, 0xde, 0x57, 0x1a, 0x58, 0x5a, 0x58, 0x94, 0x58, 0xce, 0x58,
  0x0f, 0x59, 0x45, 0x59, 0x7d, 0x59, 0xb7, 0x59, 0xe7, 0x59, 0x15, 0x5a,
  0x43, 0x5a, 0x6d, 0x5a, 0xb3, 0x5a, 0xdf, 0x5a, 0x08, 0x5b, 0x33, 0x5b,
  0x47, 0x5b, 0x5f, 0x5b, 0x6e, 0x5b, 0x7d, 0x5b, 0xba, 0x5b, 0xd5, 0x5b,
  0xf8, 0x5b, 0x3c, 0x5c, 0x85, 0x5c, 0xba, 0x5c, 0xf2, 0x5c, 0x3e, 0x5d,
  0x89, 0x5d, 0xd3, 0x5d, 0x14, 0x5e, 0x53, 0x5e, 0x98, 0x5e, 0xe8, 0x5e,
  0x1e, 0x5f, 0x5a, 0x5f, 0x95, 0x5f, 0xd9, 0x5f, 0x24, 0x60, 0x66, 0x60,
  0xa6, 0x60, 0xee, 0x60, 0x10, 0x61, 0x2f, 0x61, 0x63, 0x61, 0x9f, 0x61,
  0xd1, 0x61, 0x0f, 0x62, 0x4b, 0x62, 0x85, 0x62, 0xb3, 0x62, 0xeb, 0x62,
  0x28, 0x63, 0x69, 0x63, 0xd3, 0x63, 0x36, 0x64, 0x97, 0x64, 0xde, 0x64,
  0x20, 0x65, 0x5f, 0x65, 0x99, 0x65, 0xce, 0x65, 0x04, 0x66, 0x39, 0x66,
  0x7f, 0x66, 0x9f, 0x66, 0xc6, 0x66, 0xe5, 0x66, 0x05, 0x67, 0x3a, 0x67,
  0x6e, 0x67, 0x9c, 0x67, 0xcd, 0x67, 0xf9, 0x67, 0x23, 0x68, 0x5a, 0x68,
  0x90, 0x68, 0xc2, 0x68, 0xf6, 0x68, 0x2c, 0x69, 0x65, 0x69, 0x99, 0x69,
  0xc9, 0x69, 0xf7, 0x69, 0x1c, 0x6a, 0x58, 0x6a, 0x83, 0x6a, 0xab, 0x6a,
  0xd4, 0x6a, 0xe2, 0x6a, 0xf6, 0x6a, 0x11, 0x6b, 0x24, 0x6b, 0x3c, 0x6b,
  0x50, 0x6b, 0x76, 0x6b, 0xa6, 0x6b, 0xbd, 0x6b, 0xcc, 0x6b, 0xe4, 0x6b,
  0x0e, 0x6c, 0x3d, 0x6c, 0x5e, 0x6c, 0x83, 0x6c, 0xbd, 0x6c, 0xf2, 0x6c,
  0x2a, 0x6d, 0x5c, 0x6d, 0x8b, 0x6d, 0xbe, 0x6d, 0xfa, 0x6d, 0x33, 0x6e,
  0x4e, 0x6e, 0x6b, 0x6e, 0x8e, 0x6e, 0xc4, 0x6e, 0xfc, 0x6e, 0x2b, 0x6f,
  0x58, 0x6f, 0x8e, 0x6f, 0xb2, 0x6f, 0xd1, 0x6f, 0xf2, 0x6f, 0x1a, 0x70,
  0x4a, 0x70, 0x71, 0x70, 0xa3, 0x70, 0xd3, 0x70, 0x01, 0x71, 0x27, 0x71,
  0x56, 0x71, 0x88, 0x71, 0xb6, 0x71, 0xff, 0x71, 0x43, 0x72, 0x85, 0x72,
  0xb6, 0x72, 0xe2, 0x72, 0x1e, 0x73, 0x54, 0x73, 0x84, 0x73, 0xaa, 0x73,
  0xd0, 0x73, 0x0b, 0x74, 0x46, 0x74, 0x7b, 0x74, 0xb4, 0x74, 0xe7, 0x74,
  0x17, 0x75, 0x26, 0x75, 0x48, 0x75, 0x64, 0x75, 0x79, 0x75, 0x96, 0x75,
  0xba, 0x75, 0xd9, 0x75, 0xf8, 0x75, 0x21, 0x76, 0x52, 0x76, 0x7a, 0x76,
  0xad, 0x76, 0xde, 0x76, 0x0d, 0x77, 0x32, 0x77, 0x63, 0x77, 0x95, 0x77,
  0xc5, 0x77, 0xd9, 0x77, 0x21, 0x78, 0x79, 0x78, 0xbf, 0x78, 0xf7, 0x78,
  0x44, 0x79, 0x8e, 0x79, 0xce, 0x79, 0xfd, 0x79, 0x3a, 0x7a, 0x5a, 0x7a,
  0x8f, 0x7a, 0xd1, 0x7a, 0x00, 0x7b, 0x27, 0x7b, 0x5c, 0x7b, 0x90, 0x7b,
  0xb7, 0x7b, 0xe7, 0x7b, 0x23, 0x7c, 0x3d, 0x7c, 0x66, 0x7c, 0x94, 0x7c,
  0xb5, 0x7c, 0xd2, 0x7c, 0x00, 0x7d, 0x2e, 0x7d, 0x61, 0x7d, 0x69, 0x7d,
  0x71, 0x7d, 0x7e, 0x7d, 0x8d, 0x7d, 0xa1, 0x7d, 0xb2, 0x7d, 0xc5, 0x7d,
  0xf0, 0x7d, 0xf8, 0x7d, 0x0c, 0x7e, 0x19, 0x7e, 0x29, 0x7e, 0x32, 0x7e,
  0x3f, 0x7e, 0x4f, 0x7e, 0x63, 0x7e, 0x73, 0x7e, 0x84, 0x7e, 0x97, 0x7e,
  0xaa, 0x7e, 0xbd, 0x7e, 0xd1, 0x7e, 0xdd, 0x7e, 0xe5, 0x7e, 0xed, 0x7e,
  0x04, 0x7f, 0x14, 0x7f, 0x26, 0x7f, 0x32, 0x7f, 0x3a, 0x7f, 0x49, 0x7f,
  0x5c, 0x7f, 0x66, 0x7f, 0x74, 0x7f, 0x89, 0x7f, 0x9d, 0x7f, 0xb0, 0x7f,
  0xc3, 0x7f, 0xd7, 0x7f, 0xea, 0x7f, 0xfc, 0x7f, 0x0e, 0x80, 0x1e, 0x80,
  0x2e, 0x80, 0x3e, 0x80, 0x4e, 0x80, 0x61, 0x80, 0x74, 0x80, 0x96, 0x80,
  0xb1, 0x80, 0xb8, 0x80, 0xc0, 0x80, 0xd0, 0x80, 0x1a, 0x81, 0x50, 0x81,
  0x84, 0x81, 0xb3, 0x81, 0xcb, 0x81, 0xd9, 0x81, 0x34, 0x82, 0x42, 0x82,
  0x56, 0x82, 0x70, 0x82, 0x94, 0x82, 0xb3, 0x82, 0xd6, 0x82, 0x15, 0x83,
  0x31, 0x83, 0x3f, 0x83, 0x60, 0x83, 0x7f, 0x83, 0x9e, 0x83, 0xbe, 0x83,
  0xe0, 0x83, 0x00, 0x84, 0x22, 0x84, 0x40, 0x84, 0x67, 0x84, 0x8b, 0x84,
  0xaa, 0x84, 0xd3, 0x84, 0x00, 0x85, 0x2b, 0x85, 0x57, 0x85, 0x81, 0x85,
  0xab, 0x85, 0xd6, 0x85, 0x02, 0x86, 0x33, 0x86, 0x5f, 0x86, 0x92, 0x86,
  0xc3, 0x86, 0xf2, 0x86, 0x1b, 0x87, 0x44, 0x87, 0x6d, 0x87, 0x97, 0x87,
  0xc9, 0x87, 0xfd, 0x87, 0x30, 0x88, 0x62, 0x88, 0x92, 0x88, 0xbd, 0x88,
  0xe7, 0x88, 0x0e, 0x89, 0x41, 0x89, 0x67, 0x89, 0x92, 0x89, 0xb9, 0x89,
  0xe9, 0x89, 0x10, 0x8a, 0x23, 0x8a, 0x42, 0x8a, 0x61, 0x8a, 0x8b, 0x8a,
  0xb7, 0x8a, 0xc9, 0x8a, 0xda, 0x8a, 0xf9, 0x8a, 0x18, 0x8b, 0x42, 0x8b,
  0x6b, 0x8b, 0x7f, 0x8b, 0x94, 0x8b, 0x9d, 0x8b, 0xa6, 0x8b, 0xc5, 0x8b,
  0xe4, 0x8b, 0x02, 0x8c, 0x21, 0x8c, 0x33, 0x8c, 0x59, 0x8c, 0x77, 0x8c,
  0x80, 0x8c, 0xa8, 0x8c, 0xc6, 0x8c, 0xe6, 0x8c, 0x08, 0x8d, 0x1f, 0x8d,
  0x3a, 0x8d, 0x5b, 0x8d, 0x7c, 0x8d, 0x9a, 0x8d, 0xb7, 0x8d, 0xc9, 0x8d,
  0xee, 0x8d, 0x0c, 0x8e, 0x15, 0x8e, 0x3d, 0x8e, 0x5c, 0x8e, 0x7b, 0x8e,
  0x9d, 0x8e, 0xb4, 0x8e, 0xd7, 0x8e, 0xe9, 0x8e, 0x97, 0x8f, 0x10, 0x90,
  0x79, 0x90, 0xc3, 0x90, 0x08, 0x91, 0x29, 0x91, 0x68, 0x91, 0xa8, 0x91,
  0xee, 0x91, 0x39, 0x92, 0x70, 0x92, 0x82, 0x92, 0xaa, 0x92, 0xcc, 0x92,
  0xfe, 0x92, 0x23, 0x93, 0x3c, 0x93, 0x61, 0x93, 0x78, 0x93, 0x85, 0x93,
  0x98, 0x93, 0xab, 0x93, 0xc5, 0x93, 0xde, 0x93, 0xee, 0x93, 0xfe, 0x93,
  0x0e, 0x94, 0x21, 0x94, 0x34, 0x94, 0x3d, 0x94, 0x49, 0x94, 0x55, 0x94,
  0x62, 0x94, 0x6f, 0x94, 0x80, 0x94, 0x91, 0x94, 0x9a, 0x94, 0xa3, 0x94,
  0xb4, 0x94, 0xbf, 0x94, 0xc9, 0x94, 0xd3, 0x94, 0xde, 0x94, 0xfa, 0x94,
  0x11, 0x95, 0x1c, 0x95, 0x2d, 0x95, 0x41, 0x95, 0x4a, 0x95, 0x5c, 0x95,
  0x6b, 0x95, 0x75, 0x95, 0x7f, 0x95, 0x8e, 0x95, 0x9b, 0x95, 0xa8, 0x95,
  0xb5, 0x95, 0xc5, 0x95, 0xd4, 0x95, 0xe2, 0x95, 0xef, 0x95, 0xfb, 0x95,
  0x07, 0x96, 0x19, 0x96, 0x26, 0x96, 0x30, 0x96, 0x3a, 0x96, 0x44, 0x96,
  0x52, 0x96, 0x60, 0x96, 0x6a, 0x96, 0x72, 0x96, 0x7d, 0x96, 0x85, 0x96,
  0x8e, 0x96, 0x98, 0x96, 0xa6, 0x96, 0xb0, 0x96, 0xba, 0x96, 0xc6, 0x96,
  0xd2, 0x96, 0xdf, 0x96, 0xe9, 0x96, 0xf2, 0x96, 0xff, 0x96, 0x0d, 0x97,
  0x1b, 0x97, 0x2d, 0x97, 0x42, 0x97, 0x55, 0x97, 0x67, 0x97, 0x7a, 0x97,
  0x8d, 0x97, 0x9b, 0x97, 0xb0, 0x97, 0xbe, 0x97, 0xc8, 0x97, 0xd1, 0x97,
  0xdd, 0x97, 0xeb, 0x97, 0xf9, 0x97, 0x05, 0x98, 0x11, 0x98, 0x1c, 0x98,
  0x25, 0x98, 0x3f, 0x98, 0x4f, 0x98, 0x64, 0x98, 0x70, 0x98, 0x00, 0x00,
  0x67, 0x6c, 0x79, 0x66, 0x06, 0x00, 0x00, 0x00, 0x06, 0x00, 0x06, 0x5a,
  0xfe, 0x00, 0x42, 0x0e, 0x01, 0x38, 0x06, 0x10, 0x08, 0x4f, 0x4a, 0x95,
  0x53, 0xee, 0x28, 0x0e, 0x03, 0x0c, 0x28, 0x7e, 0x17, 0xc8, 0x01, 0xc0,
  0x30, 0x81, 0x80, 0x81, 0x88, 0x83, 0xc3, 0xec, 0x35, 0x80, 0x12, 0x00,
  0x12, 0x58, 0x01, 0xbc, 0x43, 0x6c, 0x02, 0xe0, 0x10, 0x23, 0x00, 0x8c,
  0x80, 0x43, 0x80, 0xfd, 0x0b, 0xf8, 0x26, 0x81, 0x00, 0x94, 0x81, 0x3c,
  0xe4, 0x22, 0x90, 0x6d, 0x63, 0x83, 0xa9, 0xc2, 0x85, 0x8c, 0x11, 0x44,
  0x4a, 0x3c, 0xa5, 0xfc, 0x11, 0xe0, 0x06, 0x60, 0x10, 0x18, 0x04, 0x64,
  0x0c, 0x0c, 0x00, 0x12, 0x0f, 0x12, 0x78, 0x06, 0x41, 0x00, 0xfa, 0xd4,
  0x03, 0x96, 0xc2, 0x18, 0x02, 0x9a, 0x40, 0x39, 0x90, 0x13, 0x04, 0x83,
  0x83, 0x13, 0x01, 0x30, 0x64, 0x23, 0x30, 0x0a, 0x80, 0x0f, 0x68, 0x50,
  0x0a, 0x17, 0x44, 0x00, 0x7d, 0x70, 0x02, 0xe9, 0x0a, 0x04, 0x05, 0x18,
  0x53, 0xdc, 0x00, 0x05, 0x00, 0x50, 0x16, 0x43, 0x9c, 0x30, 0xa4, 0x18,
  0x14, 0x19, 0x41, 0xb6, 0x41, 0xb2, 0x40, 0x22, 0x60, 0xd3, 0x00, 0x00,
  0x1a, 0x00, 0x1a, 0x58, 0x1e, 0xfc, 0x80, 0x43, 0xce, 0x01, 0x68, 0xc3,
  0x30, 0x01, 0x66, 0xe0, 0x01, 0x14, 0xb9, 0x78, 0x22, 0xf0, 0x04, 0x22,
  0xc3, 0x2f, 0x09, 0x63, 0x00, 0xda, 0xba, 0xed, 0x07, 0x20, 0x1c, 0x79,
  0xd0, 0x6f, 0x51, 0xfe, 0x50, 0x0f, 0x7a, 0xbb, 0xcb, 0x40, 0x1c, 0xe5,
  0x6a, 0x11, 0x20, 0x60, 0x11, 0x44, 0x04, 0x03, 0xfa, 0x51, 0x81, 0x42,
  0x60, 0x4c, 0x00, 0xa9, 0x20, 0x03, 0x87, 0x5a, 0x00, 0x12, 0x00, 0x14,
  0x58, 0x02, 0x7b, 0xe4, 0x03, 0x9d, 0x80, 0x59, 0xc0, 0x36, 0x07, 0xf8,
  0x38, 0x03, 0x10, 0x13, 0x87, 0x80, 0x68, 0x0d, 0x95, 0x60, 0x0c, 0xa0,
  0x22, 0xa1, 0x73, 0x02, 0xb1, 0x51, 0xa5, 0x85, 0x0a, 0x09, 0xa4, 0x5a,
  0x02, 0x00, 0xb8, 0x28, 0x44, 0x48, 0x14, 0x0d, 0xbe, 0x20, 0x62, 0x05,
  0x66, 0x40, 0xd2, 0x3a, 0x00, 0x08, 0x03, 0x06, 0x28, 0x7e, 0x00, 0x1c,
  0x04, 0x00, 0x62, 0x1f, 0x60, 0x0a, 0x0f, 0x0a, 0x70, 0x02, 0x70, 0x80,
  0x98, 0x88, 0x0a, 0x0e, 0x00, 0xc0, 0xc0, 0x02, 0x83, 0x80, 0x04, 0x08,
  0x04, 0x04, 0x00, 0x60, 0x60, 0x03, 0x03, 0x00, 0x08, 0x08, 0x04, 0x40,
  0x60, 0x04, 0x04, 0x00, 0x68, 0x58, 0x01, 0x08, 0xc8, 0x0a, 0x0f, 0x08,
  0x73, 0xe2, 0x81, 0x9a, 0x41, 0x04, 0xc4, 0x14, 0x10, 0x0c, 0x34, 0x34,
  0x08, 0x04, 0x18, 0x1c, 0x02, 0x70, 0x08, 0x81, 0x83, 0xc3, 0x41, 0x01,
  0x08, 0x82, 0x74, 0x12, 0x00, 0x0e, 0x02, 0x0e, 0x38, 0x05, 0xca, 0x01,
  0x53, 0x11, 0xe1, 0x86, 0xc9, 0xcb, 0x88, 0x19, 0x80, 0x06, 0x41, 0x0a,
  0x4e, 0xca, 0x1b, 0x21, 0xbe, 0xa0, 0x21, 0xe8, 0x20, 0x12, 0x10, 0x10,
  0x40, 0x01, 0x3d, 0xc0, 0x3f, 0xf8, 0xfd, 0xf6, 0x11, 0xfe, 0x15, 0x32,
  0x02, 0x33, 0x0d, 0xe4, 0x85, 0x66, 0x00, 0x3f, 0xe6, 0x61, 0x80, 0x40,
  0x06, 0x0f, 0x06, 0x28, 0x08, 0x8f, 0xa1, 0x83, 0x08, 0x13, 0x88, 0x40,
  0x0c, 0x01, 0x8c, 0x11, 0x66, 0x65, 0x13, 0x3e, 0x06, 0x00, 0x06, 0x18,
  0x31, 0x34, 0xf2, 0x8a, 0x00, 0x0a, 0x0f, 0x0c, 0x68, 0x05, 0xbc, 0x01,
  0x09, 0x20, 0x04, 0x81, 0x80, 0x16, 0x02, 0x00, 0x48, 0x24, 0x00, 0x12,
  0x40, 0x09, 0x03, 0x00, 0x2c, 0x04, 0x00, 0x90, 0x48, 0x00, 0x24, 0x80,
  0x12, 0x06, 0x00, 0x58, 0x08, 0x01, 0x20, 0x90, 0x04, 0x12, 0x00, 0x12,
  0x58, 0x01, 0xb7, 0xf5, 0x80, 0x26, 0x92, 0x12, 0x98, 0x01, 0x90, 0xbe,
  0xc0, 0x71, 0x40, 0x44, 0x01, 0xa8, 0x39, 0x01, 0x80, 0x58, 0x1f, 0xe0,
  0xe0, 0x08, 0xc0, 0xfc, 0x04, 0x02, 0x30, 0x32, 0x0c, 0x00, 0xb0, 0x3d,
  0x01, 0x10, 0x06, 0xa0, 0x83, 0x01, 0x7d, 0x80, 0xe4, 0x0f, 0x24, 0x25,
  0x10, 0x00, 0x0a, 0x00, 0x0a, 0x58, 0x16, 0x7d, 0xb6, 0x98, 0x03, 0x49,
  0xc0, 0x1d, 0xba, 0x00, 0x28, 0x07, 0xff, 0x58, 0x10, 0x00, 0x10, 0x58,
  0x0c, 0xf7, 0xe2, 0x00, 0x35, 0x84, 0x47, 0x66, 0x86, 0x5d, 0xc7, 0x09,
  0x21, 0xa1, 0x0b, 0x06, 0x67, 0x38, 0x01, 0x01, 0x40, 0x32, 0x40, 0x40,
  0x04, 0xb6, 0x16, 0x20, 0x06, 0xa0, 0xb4, 0x00, 0x44, 0x8e, 0x20, 0x01,
  0x9c, 0x01, 0xdb, 0xab, 0x10, 0x00, 0x91, 0x4c, 0x12, 0x00, 0x12, 0x58,
  0x02, 0x7b, 0xf5, 0x80, 0x2c, 0x60, 0x32, 0x98, 0x03, 0x31, 0x76, 0x60,
  0x18, 0x0b, 0x3c, 0x00, 0x20, 0x40, 0x26, 0x4f, 0x7a, 0x5e, 0x01, 0xb1,
  0x00, 0x40, 0x3a, 0xfe, 0x4f, 0x41, 0xb5, 0xc0, 0x0c, 0x22, 0x32, 0x25,
  0x08, 0x18, 0x81, 0x21, 0x97, 0xe6, 0x01, 0x44, 0x31, 0x80, 0xca, 0x28,
  0x00, 0x12, 0x00, 0x12, 0x58, 0x06, 0x7f, 0xf3, 0x80, 0x62, 0x80, 0x0f,
  0xa4, 0x0c, 0x03, 0x95, 0x15, 0x00, 0x30, 0xd8, 0xd8, 0x07, 0x58, 0xc0,
  0x80, 0x64, 0x54, 0x60, 0x0e, 0xd0, 0x4f, 0xf3, 0x84, 0x67, 0x19, 0xe1,
  0x02, 0x57, 0xcc, 0xcc, 0x15, 0x20, 0x1f, 0xc0, 0x10, 0x00, 0x10, 0x59,
  0x7f, 0xf9, 0x84, 0x00, 0x45, 0x8d, 0xc1, 0x77, 0x72, 0x88, 0x0d, 0xfe,
  0xa0, 0x18, 0x22, 0x99, 0x59, 0x80, 0x13, 0xb2, 0x02, 0x1b, 0xec, 0x00,
  0xc0, 0xad, 0x6a, 0x01, 0xc6, 0x92, 0x00, 0x90, 0x55, 0x11, 0xf6, 0xb8,
  0x40, 0x63, 0x01, 0x1e, 0x18, 0x12, 0x00, 0x12, 0x58, 0x01, 0xb7, 0xfa,
  0x00, 0x26, 0x92, 0x31, 0x79, 0x00, 0x40, 0xf6, 0x72, 0x28, 0x20, 0xb3,
  0xd4, 0x43, 0x00, 0xc1, 0x65, 0x5b, 0x10, 0x3c, 0x0a, 0x7e, 0x02, 0x80,
  0x23, 0x60, 0x71, 0x11, 0x70, 0x38, 0x04, 0x60, 0x07, 0x04, 0x30, 0x42,
  0x12, 0x16, 0x0c, 0xdb, 0x09, 0x00, 0x4c, 0x09, 0x12, 0x5c, 0x00, 0x10,
  0x00, 0x10, 0x5d, 0xff, 0xf9, 0x88, 0x47, 0x00, 0x53, 0xdd, 0x80, 0x0e,
  0x01, 0x9c, 0x14, 0x40, 0x34, 0x84, 0x00, 0x66, 0x14, 0x20, 0x0d, 0x61,
  0x00, 0x19, 0x48, 0xcc, 0x01, 0xa0, 0x20, 0x03, 0x21, 0x11, 0x00, 0x34,
  0x04, 0x00, 0x60, 0x12, 0x00, 0x12, 0x58, 0x0c, 0xf7, 0xeb, 0x00, 0x58,
  0xc6, 0x85, 0x2e, 0x06, 0x43, 0xb7, 0x41, 0x60, 0x40, 0x1e, 0x60, 0x19,
  0x1d, 0xba, 0x38, 0x00, 0x19, 0x11, 0x01, 0x8c, 0x0e, 0x8f, 0x3d, 0xd7,
  0x42, 0xc1, 0xcc, 0x20, 0x0c, 0x7c, 0x14, 0x00, 0x60, 0x13, 0x09, 0xed,
  0xe0, 0x28, 0x8b, 0x14, 0xd0, 0xa2, 0x80, 0x12, 0x00, 0x12, 0x58, 0x0d,
  0x77, 0xe2, 0x00, 0x58, 0xa0, 0x27, 0x66, 0x0c, 0x47, 0xdc, 0x80, 0x80,
  0xe0, 0xb0, 0x03, 0x02, 0x07, 0x06, 0x00, 0x1c, 0x00, 0x4e, 0x29, 0xd9,
  0x20, 0x10, 0xe2, 0x09, 0x41, 0x81, 0x88, 0xab, 0xf9, 0xcc, 0x44, 0x99,
  0xa0, 0x07, 0x07, 0x05, 0x23, 0xed, 0x81, 0xb0, 0x06, 0x28, 0x12, 0x61,
  0x00, 0x06, 0x00, 0x06, 0x41, 0x74, 0x20, 0xa3, 0x47, 0x03, 0x90, 0x06,
  0x62, 0x69, 0xe5, 0x14, 0x06, 0x0f, 0x06, 0x51, 0x74, 0xb8, 0xa2, 0xcf,
  0x03, 0x18, 0x06, 0x11, 0x1f, 0x43, 0x06, 0x10, 0x27, 0x10, 0x80, 0x12,
  0x10, 0x0e, 0x48, 0x07, 0x98, 0x03, 0x3f, 0x48, 0x0c, 0x74, 0x0a, 0xc7,
  0x38, 0x3f, 0x53, 0x82, 0xf4, 0x08, 0x20, 0x2e, 0x28, 0x02, 0xf1, 0x0e,
  0xb5, 0x80, 0xef, 0x14, 0xa4, 0x02, 0x3a, 0xd6, 0x12, 0x11, 0x0e, 0x2e,
  0xff, 0xf9, 0xc8, 0xbd, 0x5b, 0xbe, 0xad, 0xdf, 0x39, 0x17, 0x80, 0x12,
  0x10, 0x10, 0x4a, 0x88, 0x07, 0xa7, 0xa0, 0x40, 0x35, 0x83, 0xf4, 0x88,
  0x01, 0xfa, 0x05, 0xba, 0x40, 0x02, 0xfd, 0x00, 0xc4, 0x00, 0x3b, 0x80,
  0x23, 0x5c, 0xc2, 0x1d, 0xe8, 0xc9, 0x9a, 0xf1, 0x00, 0x09, 0x98, 0x40,
  0x0c, 0x10, 0x00, 0x10, 0x58, 0x15, 0xff, 0xac, 0x80, 0x71, 0x04, 0x49,
  0x80, 0xe2, 0xbd, 0xc3, 0x15, 0x28, 0x90, 0x03, 0x80, 0xa3, 0x98, 0x3a,
  0x12, 0x00, 0x55, 0x07, 0x80, 0x10, 0xa9, 0x60, 0x80, 0x65, 0xa0, 0x0e,
  0x1c, 0x40, 0x0e, 0x49, 0xd0, 0x0e, 0x61, 0x40, 0x08, 0x1c, 0x0e, 0x9c,
  0x70, 0x04, 0x31, 0x9f, 0xed, 0x92, 0x00, 0xe4, 0xf7, 0x32, 0x33, 0x36,
  0xb0, 0x04, 0x76, 0x33, 0xfb, 0x9d, 0x63, 0x2a, 0x00, 0xf0, 0xb6, 0xaf,
  0xda, 0xbd, 0x0b, 0x02, 0x35, 0x4b, 0x54, 0x15, 0x02, 0x81, 0x54, 0x0f,
  0x24, 0x5b, 0xc3, 0x00, 0x20, 0x6f, 0x03, 0x30, 0x3c, 0x00, 0x80, 0x02,
  0x02, 0x00, 0xff, 0xe0, 0x9f, 0x03, 0x28, 0x60, 0x01, 0x00, 0x08, 0x1c,
  0xa1, 0xe2, 0x8d, 0x78, 0x61, 0xb6, 0x0c, 0x66, 0x54, 0xa5, 0x41, 0xb5,
  0x33, 0x58, 0x87, 0x85, 0xbd, 0x7e, 0xa5, 0xfe, 0xa0, 0x00, 0xec, 0x67,
  0xf3, 0x1b, 0xca, 0x01, 0xc9, 0xee, 0x67, 0x94, 0x40, 0x20, 0x14, 0x00,
  0x14, 0x58, 0x05, 0x1f, 0xe8, 0x00, 0xf2, 0x80, 0x14, 0x03, 0x88, 0x82,
  0x22, 0x20, 0x06, 0xa0, 0x74, 0x05, 0x00, 0xca, 0x19, 0x80, 0xb0, 0x08,
  0x88, 0x08, 0xe0, 0x64, 0x00, 0x50, 0x31, 0x11, 0x02, 0x80, 0x2c, 0x0f,
  0xfc, 0x41, 0x60, 0x46, 0x04, 0x58, 0x0c, 0x54, 0x0b, 0x77, 0x08, 0x3d,
  0x85, 0x00, 0x67, 0x0a, 0x12, 0x00, 0x12, 0x59, 0xff, 0xee, 0xb2, 0x00,
  0xc6, 0x61, 0x4c, 0x00, 0x8b, 0x31, 0xc0, 0x26, 0x01, 0xc2, 0x20, 0x20,
  0x01, 0x5d, 0xb8, 0x24, 0x40, 0x24, 0x40, 0x8b, 0xc0, 0x22, 0xff, 0x68,
  0xb2, 0x80, 0x71, 0x30, 0x60, 0x07, 0x90, 0x04, 0x00, 0x59, 0x8e, 0x30,
  0xa0, 0x08, 0xcc, 0x27, 0x84, 0x14, 0x00, 0x14, 0x58, 0x00, 0xab, 0xbf,
  0x58, 0x02, 0x3c, 0x51, 0x02, 0x9a, 0x00, 0x70, 0x9e, 0xf5, 0x02, 0xa2,
  0x08, 0x34, 0x85, 0x5c, 0x34, 0xc1, 0x44, 0x02, 0x8f, 0x9f, 0x03, 0x00,
  0xfb, 0xc0, 0xc0, 0x3e, 0x30, 0x40, 0x0d, 0x1f, 0x28, 0x43, 0x64, 0x0a,
  0xe1, 0x81, 0xc0, 0x9b, 0xf4, 0x0a, 0xa0, 0x3d, 0x51, 0x02, 0x9a, 0x00,
  0x14, 0x00, 0x14, 0x59, 0xff, 0xed, 0x81, 0x00, 0xe1, 0x02, 0x7c, 0x10,
  0x08, 0xbb, 0xf4, 0x89, 0x40, 0x1e, 0x2f, 0x04, 0x10, 0x0f, 0x11, 0x01,
  0x40, 0x3e, 0x10, 0x10, 0x0f, 0x84, 0x04, 0x03, 0xc4, 0x40, 0x50, 0x0e,
  0x2e, 0x04, 0x10, 0x01, 0x77, 0xe9, 0x8d, 0x00, 0x61, 0x02, 0x7f, 0x10,
  0x12, 0x00, 0x12, 0x59, 0xff, 0xfc, 0x20, 0x1f, 0x84, 0x00, 0x5f, 0xfc,
  0x01, 0xff, 0xc0, 0x2e, 0xed, 0x20, 0x18, 0x47, 0x18, 0x04, 0x5f, 0xfa,
  0x80, 0x3f, 0xf9, 0x25, 0xff, 0xc0, 0x1f, 0xc2, 0x10, 0x00, 0x10, 0x59,
  0xff, 0xfb, 0x40, 0x3e, 0x10, 0x01, 0x7f, 0xec, 0x00, 0xff, 0xe3, 0x17,
  0xfe, 0x80, 0x08, 0x47, 0x78, 0x00, 0xbb, 0xb3, 0x80, 0x7f, 0xf3, 0x00,
  0x14, 0x00, 0x14, 0x58, 0x00, 0xab, 0xbf, 0x58, 0x02, 0x3c, 0x51, 0x02,
  0x9b, 0x00, 0x70, 0x9e, 0x7d, 0x02, 0x2a, 0x10, 0x69, 0x82, 0xca, 0x19,
  0x81, 0x44, 0x02, 0x6b, 0x6f, 0x03, 0x00, 0x3f, 0xfd, 0x9e, 0x06, 0x00,
  0x24, 0x30, 0x01, 0x82, 0x88, 0x2d, 0xd8, 0x19, 0x08, 0x28, 0x81, 0x24,
  0x3c, 0x38, 0x13, 0x7e, 0xc5, 0x54, 0x07, 0xaa, 0x20, 0x51, 0x40, 0x14,
  0x00, 0x14, 0x59, 0xfe, 0x80, 0x6d, 0xf4, 0x00, 0xff, 0xea, 0x17, 0xfe,
  0x20, 0x0f, 0xfe, 0x11, 0x7f, 0xe2, 0x00, 0xff, 0xef, 0x00, 0x08, 0x00,
  0x06, 0x59, 0xfe, 0x80, 0x7f, 0xf4, 0x80, 0x10, 0x00, 0x10, 0x58, 0x07,
  0x7f, 0x88, 0x03, 0xff, 0xb8, 0x26, 0x20, 0x1d, 0x18, 0xe0, 0x1d, 0xc1,
  0x80, 0x80, 0x02, 0x60, 0x5f, 0xb0, 0x60, 0x1c, 0x30, 0x17, 0x90, 0x14,
  0x00, 0x14, 0x59, 0xfe, 0x80, 0x51, 0xfc, 0x20, 0x1c, 0x8e, 0x1a, 0x20,
  0x18, 0xac, 0x24, 0xc0, 0x3b, 0xc1, 0x98, 0x01, 0xd4, 0x44, 0x90, 0x0e,
  0x25, 0x02, 0x10, 0x0f, 0x0a, 0x05, 0x00, 0x7a, 0xa8, 0x08, 0xa0, 0x18,
  0x90, 0x64, 0x2c, 0x03, 0xe6, 0x31, 0x90, 0x0f, 0xbc, 0x18, 0xc0, 0x10,
  0x00, 0x10, 0x59, 0xfe, 0x80, 0x7f, 0xfe, 0xcb, 0xff, 0x38, 0x07, 0xde,
  0x1a, 0x00, 0x18, 0x59, 0xff, 0xc0, 0x19, 0xff, 0xd8, 0x01, 0x94, 0x02,
  0xb0, 0x0f, 0xbc, 0x00, 0x46, 0x01, 0xc4, 0x0a, 0x00, 0x50, 0x30, 0x0c,
  0x28, 0x08, 0x16, 0x08, 0x01, 0x87, 0x43, 0x44, 0xc7, 0x40, 0x39, 0xc1,
  0xd0, 0x1c, 0x03, 0xc2, 0x63, 0x21, 0xa0, 0x1f, 0x50, 0x18, 0xa0, 0x07,
  0xce, 0x00, 0x70, 0x0f, 0xc2, 0x61, 0xa0, 0x18, 0x14, 0x00, 0x14, 0x59,
  0xff, 0x90, 0x02, 0xbf, 0x60, 0x0a, 0x40, 0x3f, 0x89, 0x80, 0x3e, 0x10,
  0x81, 0x00, 0xf1, 0xb0, 0xc0, 0x07, 0xd0, 0x0c, 0x40, 0x1e, 0x18, 0x09,
  0x00, 0xf9, 0xc9, 0x14, 0x03, 0xe9, 0x01, 0x00, 0xf9, 0x10, 0x01, 0xfd,
  0x20, 0x10, 0x14, 0x00, 0x16, 0x58, 0x00, 0xab, 0xbf, 0x18, 0x03, 0x1e,
  0xa8, 0x81, 0xcc, 0x80, 0x2e, 0x03, 0xde, 0x90, 0x64, 0x04, 0x20, 0xd2,
  0x16, 0x70, 0xf0, 0x30, 0x51, 0x00, 0xac, 0x14, 0x3c, 0x0c, 0x03, 0x10,
  0x08, 0x78, 0x18, 0x06, 0x20, 0x10, 0x30, 0x40, 0x0d, 0x60, 0xa0, 0x84,
  0x36, 0x42, 0xce, 0x1c, 0x00, 0xe0, 0x4d, 0xe9, 0x06, 0x50, 0x01, 0xea,
  0x88, 0x1c, 0xc8, 0x00, 0x12, 0x00, 0x12, 0x59, 0xff, 0xee, 0xa1, 0x00,
  0xc2, 0x32, 0xe0, 0x04, 0x5d, 0xcd, 0x12, 0x50, 0x0e, 0x27, 0x02, 0x00,
  0xe2, 0x70, 0x20, 0x01, 0x77, 0x34, 0x49, 0x40, 0x21, 0x19, 0x70, 0x02,
  0x2f, 0xf7, 0x50, 0x80, 0x7f, 0xf4, 0x00, 0x14, 0x0f, 0x96, 0x60, 0x00,
  0xab, 0xbf, 0x18, 0x03, 0x1e, 0xa8, 0x81, 0xcc, 0x80, 0x2e, 0x03, 0xde,
  0x90, 0x64, 0x04, 0x20, 0xd2, 0x16, 0x70, 0xf0, 0x30, 0x51, 0x00, 0xac,
  0x14, 0x3c, 0x0c, 0x03, 0x10, 0x08, 0x78, 0x18, 0x06, 0x20, 0x08, 0xc1,
  0x00, 0xf5, 0xec, 0x10, 0x10, 0x86, 0xc5, 0x21, 0xc3, 0xc0, 0x1c, 0x09,
  0xac, 0x00, 0x54, 0x00, 0x1e, 0xa8, 0x81, 0x83, 0x00, 0x62, 0xae, 0xfc,
  0xc2, 0x20, 0x00, 0x12, 0x00, 0x12, 0x59, 0xff, 0xee, 0xa2, 0x00, 0xc2,
  0x32, 0xe0, 0x80, 0x0b, 0xba, 0x21, 0x70, 0x0e, 0x15, 0x0e, 0x00, 0xf2,
  0x07, 0x00, 0x0b, 0x75, 0xe6, 0x2c, 0x01, 0x11, 0x00, 0x7c, 0x02, 0x2f,
  0xe0, 0x13, 0x00, 0xe1, 0x60, 0x80, 0x0f, 0x58, 0x28, 0x80, 0x71, 0x20,
  0x40, 0x12, 0x00, 0x12, 0x58, 0x02, 0x3b, 0xf6, 0x00, 0x2c, 0x71, 0x11,
  0x3d, 0x81, 0x98, 0x37, 0xb4, 0x50, 0xdc, 0x04, 0x80, 0xaa, 0x05, 0x04,
  0x5b, 0x08, 0x87, 0x20, 0xc3, 0x27, 0xbf, 0x70, 0x01, 0x67, 0x52, 0x84,
  0x2a, 0xad, 0x85, 0x69, 0xc3, 0x01, 0x20, 0x80, 0x06, 0x02, 0xa4, 0x3b,
  0xde, 0x81, 0x41, 0x8e, 0x42, 0x25, 0xd2, 0x12, 0x00, 0x12, 0x5d, 0xff,
  0xfd, 0x22, 0x01, 0xfa, 0xbf, 0xcc, 0x0f, 0xfe, 0x90, 0x0f, 0xff, 0xe0,
  0x14, 0x00, 0x14, 0x5a, 0x7e, 0x00, 0x6f, 0xf1, 0x00, 0x7f, 0xfc, 0x1c,
  0x08, 0x02, 0x10, 0x01, 0x98, 0x06, 0x00, 0x6c, 0x08, 0x42, 0x01, 0xff,
  0x94, 0x24, 0x00, 0xf4, 0x60, 0x04, 0xc4, 0x00, 0x14, 0x00, 0x14, 0x5e,
  0x7c, 0x00, 0x69, 0xfa, 0xb0, 0x50, 0x0c, 0xe1, 0xea, 0x04, 0x40, 0x01,
  0x88, 0x29, 0x18, 0x20, 0x01, 0x01, 0x00, 0x16, 0x1a, 0x00, 0xb0, 0xd0,
  0x02, 0x82, 0x00, 0x98, 0x38, 0x00, 0x88, 0x0a, 0x80, 0x82, 0x01, 0x28,
  0x66, 0x03, 0x40, 0x35, 0x02, 0x38, 0x38, 0x06, 0x22, 0x84, 0xc4, 0x03,
  0x94, 0x01, 0x60, 0x10, 0x1c, 0x00, 0x1c, 0x5e, 0xfb, 0x00, 0x0f, 0xfc,
  0x40, 0x07, 0xfc, 0x40, 0xc0, 0x02, 0x00, 0x10, 0x01, 0x80, 0x98, 0x0e,
  0x00, 0xd0, 0x07, 0x80, 0x14, 0x31, 0x00, 0x84, 0x10, 0x41, 0x00, 0x44,
  0x08, 0x24, 0x0a, 0x42, 0xa8, 0x42, 0x80, 0x60, 0x04, 0x0c, 0x70, 0xc3,
  0x05, 0xd0, 0x40, 0x06, 0x01, 0xe0, 0x26, 0x06, 0x20, 0x60, 0x01, 0x01,
  0x54, 0x06, 0x80, 0x66, 0x04, 0x00, 0x09, 0x09, 0x98, 0x00, 0x68, 0x06,
  0x01, 0x90, 0x00, 0x80, 0x04, 0x00, 0x20, 0x06, 0xc0, 0x06, 0x00, 0x30,
  0x01, 0x80, 0x00, 0x14, 0x00, 0x14, 0x5a, 0x7f, 0x88, 0x00, 0x9f, 0xe1,
  0x45, 0x09, 0x00, 0x48, 0x40, 0x85, 0x82, 0x21, 0xc8, 0x8e, 0x00, 0x19,
  0x09, 0x80, 0xe0, 0x0c, 0xc6, 0x40, 0xc6, 0x01, 0xd6, 0x00, 0xd0, 0x0e,
  0x19, 0x00, 0x48, 0x07, 0x58, 0xa9, 0x11, 0xc0, 0x24, 0x51, 0xb9, 0x08,
  0x20, 0x05, 0x04, 0x0a, 0x28, 0x48, 0x48, 0x9b, 0x00, 0x2c, 0x11, 0x40,
  0x14, 0x00, 0x14, 0x5d, 0x7d, 0x80, 0x43, 0xfe, 0x58, 0x04, 0x40, 0x02,
  0x40, 0xd4, 0x98, 0x20, 0x05, 0xc3, 0xc0, 0x10, 0x06, 0x90, 0x08, 0x60,
  0x01, 0x80, 0x96, 0x09, 0x00, 0xce, 0x24, 0x0a, 0x40, 0x1d, 0x00, 0x08,
  0x00, 0xf2, 0x00, 0x90, 0x07, 0xff, 0x54, 0x12, 0x00, 0x12, 0x5b, 0xff,
  0xfc, 0xe0, 0x1f, 0xcf, 0xff, 0x9c, 0x09, 0xc0, 0x32, 0x38, 0x70, 0x06,
  0x1a, 0x09, 0x30, 0x0d, 0xa2, 0xac, 0x01, 0xa0, 0xca, 0x80, 0x32, 0xb8,
  0x70, 0x06, 0x2a, 0x09, 0x30, 0x0d, 0x60, 0x09, 0xff, 0xce, 0x60, 0x1f,
  0x78, 0x0a, 0x0f, 0x0a, 0x70, 0xdd, 0xc2, 0x08, 0x91, 0x80, 0x07, 0xc8,
  0x03, 0xff, 0xc6, 0x36, 0x20, 0x12, 0x18, 0x0a, 0x0f, 0x0c, 0x6e, 0xf0,
  0x06, 0x41, 0x20, 0x0b, 0x01, 0x00, 0x24, 0x0c, 0x00, 0x84, 0x90, 0x03,
  0x20, 0x90, 0x05, 0x80, 0x80, 0x12, 0x06, 0x00, 0x42, 0x48, 0x01, 0x90,
  0x48, 0x02, 0xc0, 0x40, 0x09, 0x03, 0x00, 0x21, 0x24, 0x00, 0x0a, 0x0f,
  0x08, 0x73, 0x5d, 0xa3, 0x91, 0x28, 0xb0, 0x0f, 0xfe, 0xd2, 0xc0, 0x03,
  0x4c, 0x00, 0x0c, 0x03, 0x0e, 0x28, 0x03, 0x3d, 0x00, 0x23, 0x30, 0xf8,
  0x05, 0x25, 0x68, 0x40, 0x2b, 0x4a, 0x14, 0x0c, 0x0c, 0x0c, 0xc0, 0x0e,
  0x0f, 0x0e, 0x15, 0xdf, 0x9d, 0x13, 0xda, 0x08, 0x04, 0x88, 0x19, 0x29,
  0x01, 0xc7, 0x80, 0xf1, 0x28, 0x10, 0x00, 0x10, 0x40, 0x1d, 0xff, 0x50,
  0x80, 0x35, 0x10, 0x4b, 0x40, 0x49, 0x37, 0x80, 0x80, 0x51, 0xd7, 0xc0,
  0x11, 0xeb, 0x8c, 0x80, 0x56, 0x13, 0x4c, 0x01, 0x70, 0x5c, 0xe0, 0x04,
  0xcc, 0x27, 0x80, 0x08, 0x10, 0x00, 0x10, 0x5a, 0x7d, 0x80, 0x7f, 0xf3,
  0x27, 0xf9, 0x80, 0x24, 0x62, 0x19, 0x50, 0x0b, 0x75, 0x01, 0x20, 0x04,
  0x20, 0x60, 0x20, 0x0f, 0xf2, 0x10, 0x30, 0x10, 0x05, 0xba, 0x80, 0x90,
  0x02, 0x31, 0x0c, 0xa8, 0x10, 0x00, 0x10, 0x40, 0x0d, 0x77, 0xd0, 0x80,
  0x31, 0x40, 0x97, 0x01, 0x48, 0xfb, 0x4c, 0x93, 0x42, 0xc0, 0x19, 0xe8,
  0x20, 0x1c, 0x21, 0x81, 0x60, 0x0c, 0xe4, 0x52, 0x3e, 0xd3, 0x24, 0x0c,
  0x50, 0x25, 0xc0, 0x10, 0x00, 0x10, 0x58, 0x07, 0x2f, 0xd0, 0x07, 0xff,
  0x14, 0xb3, 0xf0, 0x80, 0x2c, 0x31, 0x28, 0x00, 0x30, 0x9f, 0x71, 0x00,
  0x1e, 0x16, 0x00, 0xe0, 0x0f, 0xf7, 0x85, 0x80, 0x38, 0x00, 0xe2, 0x7d,
  0xc4, 0x00, 0x0e, 0x98, 0x94, 0x00, 0x00, 0x10, 0x00, 0x10, 0x40, 0x0d,
  0x7f, 0x50, 0x80, 0x31, 0x50, 0x97, 0x01, 0x49, 0xab, 0x54, 0x93, 0x41,
  0xbb, 0x8a, 0x06, 0x00, 0x6b, 0xbc, 0xba, 0x04, 0x88, 0x3f, 0x15, 0x24,
  0xcb, 0x86, 0x30, 0xc5, 0x34, 0x5c, 0x00, 0x0a, 0x00, 0x0a, 0x58, 0x0d,
  0xff, 0x03, 0x20, 0xa0, 0x70, 0x4d, 0x73, 0x04, 0x73, 0x90, 0x12, 0x4a,
  0x05, 0x50, 0x03, 0xff, 0x9a, 0x10, 0x0e, 0x90, 0x58, 0x16, 0x7e, 0x3f,
  0xd0, 0x61, 0x88, 0xa0, 0x00, 0xc2, 0x7d, 0xa8, 0x00, 0xf0, 0xb0, 0x07,
  0x00, 0x7f, 0xbc, 0x2c, 0x01, 0xc0, 0x07, 0x13, 0xed, 0x40, 0x00, 0xe9,
  0x88, 0xa0, 0x00, 0x37, 0x5f, 0x9e, 0x04, 0x2b, 0x39, 0x4e, 0x14, 0x1e,
  0x84, 0xa7, 0x64, 0x10, 0x00, 0x10, 0x5a, 0x7d, 0x80, 0x7f, 0xf3, 0x1f,
  0xb8, 0xc0, 0x12, 0x40, 0x8a, 0x48, 0x02, 0xef, 0x30, 0x40, 0x01, 0x88,
  0x20, 0x08, 0x01, 0xc0, 0x3f, 0xfa, 0x20, 0x06, 0x00, 0x06, 0x59, 0xf4,
  0xb0, 0xaa, 0xaf, 0x52, 0xe8, 0x03, 0xff, 0x92, 0x07, 0xfe, 0x88, 0x70,
  0x1f, 0x48, 0x30, 0xa8, 0x2d, 0xe8, 0x25, 0xd0, 0x07, 0xff, 0x44, 0x40,
  0x0b, 0x60, 0x7a, 0x29, 0x20, 0x10, 0x00, 0x10, 0x5a, 0x7d, 0x80, 0x7f,
  0xf3, 0x4b, 0xfc, 0x80, 0x10, 0xe0, 0x4a, 0x00, 0x1f, 0x45, 0x98, 0x01,
  0x19, 0x82, 0x40, 0x3e, 0x70, 0x0c, 0x58, 0x10, 0x40, 0x13, 0x1b, 0x87,
  0x00, 0x74, 0x11, 0xb8, 0x06, 0x00, 0x06, 0x5a, 0x7d, 0x80, 0x7f, 0xf4,
  0x80, 0x18, 0x00, 0x18, 0x42, 0x7d, 0x47, 0xf2, 0x2f, 0x7c, 0x80, 0x4a,
  0x86, 0x37, 0x65, 0x06, 0x60, 0x00, 0x73, 0x02, 0x15, 0x70, 0x1e, 0x00,
  0x50, 0x01, 0x03, 0x01, 0x01, 0x80, 0x7f, 0xf9, 0x00, 0x10, 0x00, 0x10,
  0x42, 0x7d, 0xc7, 0xf3, 0x00, 0x48, 0xc4, 0x32, 0x40, 0x01, 0xed, 0x40,
  0x40, 0x01, 0x00, 0x0c, 0x04, 0x00, 0xe0, 0x1f, 0xfd, 0x10, 0x10, 0x00,
  0x10, 0x40, 0x0d, 0x77, 0xd9, 0x00, 0x31, 0x40, 0x53, 0x05, 0x48, 0x9d,
  0xc4, 0x16, 0xd0, 0xa0, 0x07, 0x06, 0x88, 0x07, 0xd8, 0x16, 0x00, 0xe0,
  0xd5, 0x23, 0xed, 0x41, 0x60, 0xc5, 0x02, 0x4c, 0x10, 0x10, 0x0e, 0x90,
  0x5a, 0x7d, 0xd7, 0xf3, 0x00, 0x48, 0xea, 0x32, 0xa0, 0x01, 0xda, 0x90,
  0x90, 0x02, 0x00, 0x1c, 0x08, 0x00, 0x20, 0x03, 0x00, 0xc8, 0x40, 0xa0,
  0x40, 0x16, 0xea, 0x02, 0x40, 0x08, 0xe4, 0x32, 0xa0, 0x14, 0x7f, 0x30,
  0x07, 0xff, 0x14, 0x10, 0x0e, 0x90, 0x58, 0x16, 0x7e, 0x3f, 0xd0, 0x61,
  0x89, 0x40, 0x01, 0x84, 0xfb, 0x88, 0x00, 0xf0, 0xb0, 0x07, 0x00, 0x7f,
  0xbc, 0x2c, 0x01, 0xc0, 0x07, 0x13, 0xee, 0x20, 0x00, 0x74, 0xc4, 0xa0,
  0x02, 0x3c, 0xfc, 0x20, 0x0f, 0xfe, 0x30, 0x0a, 0x00, 0x0c, 0x42, 0x7d,
  0xdb, 0xc0, 0x24, 0x41, 0x80, 0x6e, 0xc0, 0x08, 0xc4, 0x03, 0x38, 0x07,
  0xff, 0x24, 0x0e, 0x00, 0x0e, 0x40, 0x2e, 0xfe, 0xb8, 0x1d, 0x13, 0x04,
  0x32, 0x82, 0xcf, 0xa8, 0x20, 0x2e, 0xc7, 0xb1, 0x6b, 0x8a, 0xd4, 0xad,
  0xe6, 0x2c, 0x10, 0x5a, 0xa6, 0x40, 0xe9, 0x44, 0xc6, 0xd4, 0x0a, 0x00,
  0x0a, 0x50, 0x57, 0xb0, 0x07, 0xb9, 0x42, 0x75, 0xc4, 0x09, 0x25, 0x02,
  0xe4, 0x03, 0xfe, 0x30, 0x0c, 0x21, 0x12, 0x12, 0x62, 0x80, 0x10, 0x00,
  0x10, 0x42, 0x7d, 0x80, 0x23, 0xdc, 0x03, 0xff, 0xa8, 0xe0, 0xa2, 0x0a,
  0x00, 0x31, 0x17, 0x79, 0x00, 0x54, 0x40, 0xae, 0x00, 0x10, 0x00, 0x10,
  0x46, 0x7a, 0x80, 0x27, 0xe2, 0x83, 0xc0, 0x08, 0x14, 0xe0, 0x80, 0x45,
  0x84, 0xc5, 0x14, 0x14, 0x01, 0x41, 0x98, 0x0a, 0x00, 0x38, 0x2a, 0x11,
  0x00, 0x02, 0x64, 0x14, 0x01, 0xa8, 0x00, 0xa0, 0x00, 0x16, 0x00, 0x18,
  0x46, 0x7a, 0x02, 0xfe, 0x00, 0x3b, 0xcd, 0x03, 0x03, 0x40, 0xc0, 0x44,
  0x07, 0x60, 0x80, 0x80, 0x04, 0x40, 0x28, 0x18, 0x18, 0x9a, 0x81, 0xe0,
  0x60, 0x01, 0x41, 0x83, 0x8b, 0x14, 0x10, 0x01, 0x81, 0x20, 0x88, 0x53,
  0x22, 0x00, 0x1c, 0x04, 0xc3, 0x04, 0x10, 0x02, 0x12, 0x04, 0x04, 0x00,
  0x68, 0x00, 0x10, 0x00, 0x10, 0x43, 0x7d, 0x81, 0x7f, 0x0b, 0x1a, 0x22,
  0x42, 0x04, 0x3c, 0x29, 0x0d, 0x80, 0x06, 0xc2, 0x1c, 0x01, 0x88, 0x00,
  0xc0, 0x12, 0xa1, 0x04, 0x80, 0x06, 0xc3, 0xd4, 0xa0, 0x20, 0x58, 0xac,
  0x1c, 0x80, 0x10, 0x0e, 0x90, 0x5d, 0xfa, 0x80, 0x27, 0xdf, 0x43, 0xc0,
  0x0e, 0x0a, 0xe0, 0xa0, 0x62, 0x64, 0x2a, 0x09, 0x61, 0x60, 0x0f, 0x0d,
  0x40, 0x60, 0x02, 0x83, 0x99, 0x84, 0x02, 0x61, 0x0a, 0x00, 0xda, 0x00,
  0x70, 0x0c, 0x40, 0x82, 0x00, 0x1b, 0x90, 0xe0, 0x0c, 0x80, 0xea, 0x01,
  0x00, 0x0e, 0x00, 0x0e, 0x42, 0xff, 0xf4, 0x89, 0x9c, 0x00, 0x14, 0xcc,
  0x48, 0x14, 0x00, 0x0a, 0x83, 0x80, 0x2e, 0x09, 0x30, 0x04, 0x9a, 0xb0,
  0x00, 0xd8, 0x1a, 0xec, 0xec, 0x00, 0x34, 0x46, 0x80, 0x0c, 0x0f, 0x0c,
  0x70, 0x04, 0x92, 0xe0, 0x04, 0xb6, 0xc0, 0x06, 0x83, 0xd8, 0x00, 0xc3,
  0x00, 0x3f, 0x0a, 0x03, 0x81, 0xf0, 0xb1, 0x80, 0x61, 0x00, 0x1e, 0x8b,
  0x90, 0x00, 0x94, 0x18, 0x02, 0x10, 0x0e, 0x30, 0x20, 0x0b, 0xc2, 0x5c,
  0x00, 0xce, 0x3a, 0x0a, 0x1e, 0x06, 0x98, 0x90, 0x4e, 0xb0, 0x07, 0xff,
  0x9c, 0x0c, 0x0f, 0x0c, 0x72, 0xc2, 0x80, 0x5a, 0xf4, 0xc0, 0x08, 0x90,
  0xa0, 0x09, 0x00, 0x40, 0x3f, 0x8c, 0x08, 0xc0, 0x03, 0x01, 0x8a, 0x01,
  0xfa, 0x03, 0x14, 0x04, 0x08, 0xc0, 0x06, 0x01, 0xc2, 0x02, 0x00, 0x5d,
  0x05, 0x00, 0x68, 0x2c, 0x80, 0x00, 0x12, 0x01, 0x92, 0x18, 0x27, 0x72,
  0x01, 0x74, 0x82, 0x84, 0x1f, 0xa8, 0x8c, 0x0e, 0x3a, 0x40, 0x64, 0x40,
  0x06, 0x00, 0x00, 0x00, 0x06, 0x0e, 0x86, 0x59, 0x74, 0xb8, 0xa2, 0xc7,
  0x0e, 0xa1, 0x2e, 0x80, 0x04, 0x02, 0x70, 0x70, 0x08, 0x40, 0x30, 0x80,
  0x10, 0x00, 0x10, 0x58, 0x04, 0xce, 0x01, 0xc7, 0x98, 0x30, 0x09, 0xf1,
  0x53, 0x20, 0x0a, 0x01, 0x54, 0x2e, 0x4a, 0x0d, 0x9b, 0x6e, 0x1c, 0x1c,
  0x00, 0x58, 0x21, 0x0e, 0x00, 0x2c, 0x1d, 0x83, 0x66, 0xdb, 0x89, 0xb8,
  0x2a, 0x85, 0xc8, 0x23, 0x11, 0x17, 0x00, 0x11, 0xee, 0x20, 0x00, 0x12,
  0x00, 0x12, 0x58, 0x00, 0xf3, 0xf9, 0xc0, 0x22, 0xc3, 0x11, 0x43, 0x80,
  0x28, 0x17, 0xb4, 0x24, 0x00, 0x41, 0xe0, 0x4a, 0xa0, 0x0f, 0xaa, 0xc2,
  0x54, 0x2b, 0xec, 0x02, 0xf2, 0x02, 0x4c, 0x00, 0x99, 0x42, 0xad, 0xc0,
  0x30, 0x81, 0x80, 0x22, 0xc6, 0x18, 0x27, 0x74, 0xe8, 0x22, 0x00, 0x11,
  0x43, 0x20, 0x14, 0x0f, 0x94, 0x58, 0x08, 0x07, 0x84, 0x01, 0xf1, 0x5f,
  0xec, 0x6f, 0x50, 0x67, 0x74, 0xd3, 0x49, 0xa0, 0x09, 0x6b, 0x2d, 0x30,
  0x08, 0x3d, 0x80, 0x68, 0x23, 0x01, 0x20, 0x0c, 0x20, 0xe0, 0x44, 0x00,
  0xc4, 0x0e, 0x0b, 0x02, 0x01, 0x41, 0x18, 0x18, 0xfb, 0xb6, 0x29, 0x98,
  0x01, 0x6f, 0x30, 0xf8, 0xa0, 0x0b, 0x49, 0xee, 0x59, 0xd9, 0x80, 0x10,
  0x00, 0x10, 0x5d, 0xfb, 0x00, 0x2f, 0xdb, 0xc2, 0x80, 0x90, 0x59, 0x0c,
  0xea, 0x09, 0x00, 0x48, 0x4b, 0x0b, 0x80, 0x14, 0x54, 0x58, 0x00, 0xde,
  0x20, 0x07, 0xd0, 0x7c, 0x90, 0x2c, 0xe0, 0x13, 0x50, 0x01, 0x98, 0x1b,
  0xf0, 0x0b, 0xf4, 0x1f, 0x24, 0x0b, 0x38, 0x04, 0xd4, 0x00, 0x66, 0x00,
  0x08, 0x1e, 0x86, 0x75, 0xf8, 0x80, 0x7f, 0xf0, 0x2b, 0x44, 0x44, 0x01,
  0xaf, 0xc4, 0x03, 0xff, 0x81, 0x5a, 0x20, 0x10, 0x0e, 0x90, 0x70, 0x15,
  0xfe, 0xb8, 0x05, 0xe8, 0x44, 0x84, 0x01, 0x23, 0xdc, 0x23, 0x01, 0x02,
  0x33, 0x6b, 0x80, 0x1c, 0x72, 0xcc, 0x00, 0x6e, 0x86, 0x98, 0xe1, 0x61,
  0x59, 0x63, 0x01, 0xc1, 0x62, 0x8e, 0x00, 0x64, 0x5e, 0xb6, 0x70, 0x05,
  0xd9, 0x10, 0x14, 0x00, 0x14, 0xb9, 0x0a, 0x03, 0xeb, 0x00, 0x84, 0x0c,
  0x93, 0xe4, 0x34, 0x01, 0x8e, 0x6b, 0x68, 0x00, 0x10, 0x14, 0x8c, 0x18,
  0x20, 0x01, 0x01, 0xae, 0x5a, 0xe8, 0x83, 0xd4, 0x34, 0x18, 0x00, 0x18,
  0x60, 0x06, 0x5a, 0xb8, 0x20, 0x0e, 0x1c, 0xa5, 0x47, 0xd6, 0x00, 0xda,
  0x6f, 0xdf, 0x65, 0x2a, 0x00, 0x63, 0x88, 0x23, 0xb6, 0x0d, 0x80, 0x28,
  0x5e, 0xea, 0x35, 0x64, 0x50, 0x0d, 0x15, 0x2b, 0x92, 0x14, 0x08, 0x02,
  0xd1, 0x51, 0xbc, 0x00, 0x08, 0x13, 0xe8, 0xa8, 0xdd, 0x9c, 0x08, 0x14,
  0x84, 0xeb, 0x93, 0xe4, 0x14, 0x24, 0x6a, 0x2a, 0x33, 0x8d, 0xc0, 0x03,
  0x43, 0x71, 0x78, 0xaa, 0x80, 0x09, 0x35, 0x4c, 0xe9, 0xa0, 0x00, 0x0c,
  0x02, 0x0c, 0x30, 0x47, 0x7d, 0x8a, 0xbc, 0xc9, 0x25, 0x70, 0x30, 0x09,
  0xb3, 0xbc, 0x01, 0xe1, 0x46, 0x00, 0xa2, 0xcf, 0x00, 0x00, 0x12, 0x00,
  0x92, 0x38, 0x01, 0xff, 0x13, 0xf8, 0x40, 0xe0, 0x7e, 0x82, 0x84, 0x5a,
  0x15, 0xe3, 0x08, 0x08, 0x22, 0x73, 0x05, 0x00, 0x2a, 0x86, 0x64, 0x1c,
  0x01, 0x51, 0x28, 0x29, 0xc8, 0x05, 0xee, 0x36, 0xe2, 0x20, 0x12, 0x11,
  0x0e, 0x23, 0xe6, 0x73, 0xf1, 0x9f, 0x74, 0xff, 0xdc, 0x01, 0xe1, 0x7d,
  0x12, 0x01, 0x12, 0x48, 0x01, 0x77, 0xf1, 0x00, 0x27, 0x88, 0x65, 0x51,
  0x80, 0xa7, 0xeb, 0x7f, 0x20, 0x55, 0xc8, 0x3d, 0x89, 0x50, 0x03, 0x79,
  0x80, 0x9a, 0x38, 0x86, 0x10, 0xa2, 0x0d, 0x2b, 0x4b, 0x35, 0xc8, 0x28,
  0xf7, 0xf5, 0x24, 0x02, 0x8f, 0xdf, 0x80, 0x00, 0x0a, 0x04, 0x0a, 0x18,
  0x08, 0xe4, 0xee, 0xa9, 0x6e, 0xe8, 0x0c, 0x02, 0x8c, 0x38, 0x04, 0x20,
  0x13, 0xff, 0x40, 0x14, 0x33, 0xb8, 0xdc, 0x26, 0x05, 0x18, 0x1d, 0x44,
  0xcc, 0xd1, 0x4a, 0x81, 0x39, 0x8a, 0x00, 0x12, 0x10, 0x10, 0x40, 0x01,
  0x3d, 0xc0, 0x3f, 0xee, 0xfb, 0x08, 0xff, 0x02, 0x20, 0xc0, 0x91, 0x01,
  0x57, 0x01, 0x57, 0x60, 0x09, 0x9d, 0x00, 0x2a, 0xce, 0x4f, 0xcc, 0x02,
  0x19, 0xf8, 0x00, 0x0c, 0x03, 0x0c, 0x30, 0x57, 0xf2, 0x83, 0x2d, 0x2d,
  0x03, 0xea, 0x88, 0x80, 0x4e, 0xd6, 0x80, 0xb1, 0x25, 0xc2, 0x88, 0x27,
  0x04, 0x0c, 0x03, 0x0c, 0x30, 0x4f, 0xf4, 0x02, 0x22, 0x9d, 0xc2, 0x9b,
  0x2c, 0xe2, 0x4b, 0xae, 0xe3, 0x7a, 0x41, 0x00, 0x2b, 0x53, 0xc1, 0x80,
  0x08, 0x04, 0x88, 0x18, 0x0a, 0x90, 0x55, 0x81, 0xa5, 0x90, 0x10, 0x0e,
  0x92, 0x5a, 0x7d, 0x80, 0x23, 0xdc, 0x03, 0xff, 0xb6, 0xa0, 0x03, 0x00,
  0xe1, 0xdc, 0x40, 0x93, 0x00, 0x18, 0x95, 0xa0, 0xa8, 0x01, 0xf3, 0x92,
  0xfd, 0x80, 0x3f, 0xf8, 0xc0, 0x10, 0x00, 0x10, 0x58, 0x1e, 0x7f, 0xe3,
  0x2c, 0x30, 0x22, 0x00, 0x28, 0x02, 0xbb, 0x00, 0x08, 0x03, 0xe2, 0x00,
  0xfa, 0x80, 0x3e, 0x2c, 0x41, 0x30, 0x0c, 0x77, 0xca, 0x01, 0xff, 0xcf,
  0x06, 0x02, 0x06, 0x18, 0x31, 0x34, 0xf2, 0x8a, 0x00, 0x0a, 0x1e, 0x88,
  0x20, 0x40, 0x00, 0x9d, 0xc0, 0x59, 0x00, 0xfa, 0xa0, 0x08, 0x03, 0x08,
  0x31, 0xe7, 0x9c, 0x00, 0x55, 0x00, 0x01, 0x00, 0xff, 0x80, 0x0e, 0x02,
  0x0e, 0x38, 0x07, 0xe8, 0xff, 0x61, 0x02, 0xbb, 0x51, 0x78, 0x78, 0x4a,
  0xb1, 0x10, 0x03, 0xef, 0x0a, 0x66, 0x11, 0x16, 0x12, 0x57, 0xc0, 0x12,
  0x00, 0x92, 0x3a, 0xfe, 0x9f, 0xf8, 0x80, 0x0a, 0xc5, 0x32, 0x0f, 0x00,
  0xa4, 0xd4, 0x54, 0xa8, 0x02, 0xb0, 0xbe, 0x04, 0x10, 0x38, 0x0f, 0xa0,
  0xa1, 0x16, 0x85, 0x40, 0xba, 0x02, 0xb5, 0x39, 0xc4, 0x00, 0x00, 0x16,
  0x0f, 0x96, 0x61, 0xef, 0x00, 0x67, 0xf1, 0x09, 0x60, 0x0c, 0x51, 0x22,
  0x15, 0xa0, 0x1a, 0x4d, 0x80, 0x3e, 0x54, 0xe0, 0x0f, 0xd6, 0xe4, 0x22,
  0x00, 0xe9, 0x38, 0x1e, 0xe0, 0x01, 0xbc, 0xda, 0x42, 0xc8, 0x03, 0x0f,
  0x2a, 0x1a, 0xd8, 0x06, 0x73, 0xb0, 0xf8, 0x30, 0x08, 0xa2, 0x02, 0x23,
  0x8a, 0x0a, 0x09, 0x36, 0x01, 0xdd, 0x48, 0x58, 0x4e, 0x80, 0x44, 0x46,
  0xd1, 0x16, 0x0f, 0x98, 0x61, 0x5e, 0x00, 0x65, 0xd1, 0x00, 0x4b, 0x90,
  0x04, 0x37, 0x42, 0x00, 0xaa, 0x00, 0x6b, 0x37, 0x00, 0x84, 0x03, 0x22,
  0xf0, 0x07, 0xf4, 0xb1, 0x80, 0x7e, 0x83, 0x97, 0xff, 0x30, 0x01, 0xf4,
  0xde, 0xc6, 0x1d, 0x64, 0x00, 0x27, 0xe8, 0xa3, 0x91, 0xa2, 0x01, 0x39,
  0xd0, 0x00, 0xd6, 0x28, 0x00, 0x31, 0x22, 0x00, 0x7a, 0xb4, 0x00, 0x51,
  0xb0, 0x00, 0xa0, 0x2f, 0xc0, 0x11, 0xa0, 0x11, 0x66, 0x60, 0x18, 0x0f,
  0x98, 0x60, 0x4f, 0x58, 0x80, 0x47, 0xe8, 0x0a, 0xd4, 0xd0, 0x01, 0x7a,
  0xa0, 0x2f, 0xa3, 0x00, 0x4e, 0x56, 0x01, 0xbd, 0x28, 0x0a, 0x20, 0x20,
  0x04, 0x9e, 0x4f, 0x09, 0x36, 0x00, 0x99, 0x39, 0x2d, 0x53, 0x83, 0x3c,
  0xcb, 0x7b, 0xda, 0xdc, 0x94, 0x40, 0x30, 0x84, 0x1c, 0x05, 0xc0, 0x07,
  0x1b, 0x48, 0x42, 0xa0, 0x07, 0x73, 0x20, 0x2a, 0x70, 0x70, 0x01, 0xce,
  0x00, 0x1f, 0xb8, 0x10, 0x00, 0x5f, 0x10, 0x01, 0x10, 0xf5, 0x40, 0x10,
  0x0e, 0x90, 0x58, 0x05, 0x5c, 0x20, 0x1c, 0x82, 0x40, 0x1d, 0x52, 0x60,
  0x1c, 0x78, 0x01, 0xe9, 0x50, 0x0c, 0x38, 0x2c, 0x01, 0xb0, 0xe6, 0x40,
  0x12, 0x92, 0xb0, 0x1b, 0x98, 0x00, 0x40, 0x11, 0x06, 0x40, 0x4e, 0xe2,
  0x12, 0x8e, 0x20, 0x89, 0x70, 0x00, 0x14, 0x00, 0x14, 0x78, 0x00, 0x54,
  0xc0, 0x3e, 0x1e, 0xc1, 0x00, 0xfa, 0x86, 0x40, 0x3e, 0x1e, 0x80, 0x0f,
  0xa3, 0xfd, 0x00, 0x1e, 0x50, 0x02, 0x80, 0x71, 0x10, 0x44, 0x44, 0x00,
  0xd4, 0x0e, 0x80, 0xa0, 0x19, 0x43, 0x30, 0x16, 0x01, 0x11, 0x01, 0x1c,
  0x0c, 0x80, 0x0a, 0x06, 0x22, 0x20, 0x50, 0x05, 0x81, 0xff, 0x88, 0x2c,
  0x08, 0xc0, 0x8b, 0x01, 0x8a, 0x81, 0x6e, 0xe1, 0x07, 0xb0, 0xa0, 0x0c,
  0xe1, 0x40, 0x14, 0x00, 0x14, 0x78, 0x07, 0x1a, 0x88, 0x07, 0x87, 0x38,
  0x40, 0x3d, 0x23, 0x40, 0x1f, 0x47, 0x08, 0x07, 0xa3, 0xfd, 0x00, 0x1e,
  0x50, 0x02, 0x80, 0x71, 0x10, 0x44, 0x44, 0x00, 0xd4, 0x0e, 0x80, 0xa0,
  0x19, 0x43, 0x30, 0x16, 0x01, 0x11, 0x01, 0x1c, 0x0c, 0x80, 0x0a, 0x06,
  0x22, 0x20, 0x50, 0x05, 0x81, 0xff, 0x88, 0x2c, 0x08, 0xc0, 0x8b, 0x01,
  0x8a, 0x81, 0x6e, 0xe1, 0x07, 0xb0, 0xa0, 0x0c, 0xe1, 0x40, 0x14, 0x00,
  0x14, 0x78, 0x06, 0x77, 0x00, 0x7c, 0xf1, 0x07, 0x00, 0xe2, 0x89, 0x94,
  0x10, 0x06, 0x2f, 0x66, 0x79, 0x00, 0x74, 0x7f, 0xa0, 0x03, 0xca, 0x00,
  0x50, 0x0e, 0x22, 0x08, 0x88, 0x80, 0x1a, 0x81, 0xd0, 0x14, 0x03, 0x28,
  0x66, 0x02, 0xc0, 0x22, 0x20, 0x23, 0x81, 0x90, 0x01, 0x40, 0xc4, 0x44,
  0x0a, 0x00, 0xb0, 0x3f, 0xf1, 0x05, 0x81, 0x18, 0x11, 0x60, 0x31, 0x50,
  0x2d, 0xdc, 0x20, 0xf6, 0x14, 0x01, 0x9c, 0x28, 0x14, 0x00, 0x14, 0x78,
  0x07, 0xff, 0x07, 0x34, 0xf5, 0x00, 0x32, 0x15, 0xe1, 0xa0, 0x06, 0x5c,
  0x6e, 0xf0, 0x0e, 0x1a, 0xfe, 0x90, 0x0f, 0x28, 0x01, 0x40, 0x38, 0x88,
  0x22, 0x22, 0x00, 0x6a, 0x07, 0x40, 0x50, 0x0c, 0xa1, 0x98, 0x0b, 0x00,
  0x88, 0x80, 0x8e, 0x06, 0x40, 0x05, 0x03, 0x11, 0x10, 0x28, 0x02, 0xc0,
  0xff, 0xc4, 0x16, 0x04, 0x60, 0x45, 0x80, 0xc5, 0x40, 0xb7, 0x70, 0x83,
  0xd8, 0x50, 0x06, 0x70, 0xa0, 0x14, 0x00, 0x14, 0x78, 0x04, 0x60, 0x03,
  0x00, 0xe8, 0xc7, 0x76, 0x40, 0x06, 0xd0, 0x22, 0x06, 0x80, 0x65, 0xf5,
  0x57, 0xa8, 0x07, 0x47, 0xfa, 0x00, 0x3c, 0xa0, 0x05, 0x00, 0xe2, 0x20,
  0x88, 0x88, 0x01, 0xa8, 0x1d, 0x01, 0x40, 0x32, 0x86, 0x60, 0x2c, 0x02,
  0x22, 0x02, 0x38, 0x19, 0x00, 0x14, 0x0c, 0x44, 0x40, 0xa0, 0x0b, 0x03,
  0xff, 0x10, 0x58, 0x11, 0x81, 0x16, 0x03, 0x15, 0x02, 0xdd, 0xc2, 0x0f,
  0x61, 0x40, 0x19, 0xc2, 0x80, 0x14, 0x00, 0x14, 0x78, 0x04, 0x9d, 0xc4,
  0x00, 0xf7, 0x4c, 0xb8, 0x03, 0xdd, 0x32, 0xe0, 0x0f, 0x27, 0x71, 0x00,
  0x3d, 0x1f, 0xe8, 0x00, 0xf2, 0x80, 0x14, 0x03, 0x88, 0x82, 0x22, 0x20,
  0x06, 0xa0, 0x74, 0x05, 0x00, 0xca, 0x19, 0x80, 0xb0, 0x08, 0x88, 0x08,
  0xe0, 0x64, 0x00, 0x50, 0x31, 0x11, 0x02, 0x80, 0x2c, 0x0f, 0xfc, 0x41,
  0x60, 0x46, 0x04, 0x58, 0x0c, 0x54, 0x0b, 0x77, 0x08, 0x3d, 0x85, 0x00,
  0x67, 0x0a, 0x1c, 0x00, 0x1c, 0x58, 0x06, 0xdf, 0xff, 0xd8, 0x01, 0x21,
  0x00, 0x7e, 0x70, 0x0b, 0x82, 0x60, 0x1b, 0xff, 0x58, 0x00, 0x54, 0x18,
  0x03, 0xfc, 0xe0, 0xc0, 0x13, 0x77, 0x65, 0x00, 0x50, 0x50, 0x06, 0x11,
  0xc6, 0x06, 0x60, 0xfc, 0xa0, 0x6f, 0xfc, 0xc1, 0x40, 0x03, 0x31, 0x00,
  0x7e, 0x70, 0xef, 0xf4, 0x00, 0x7c, 0xa2, 0x82, 0x01, 0x9b, 0xff, 0x5f,
  0x06, 0x80, 0x7f, 0x9c, 0x14, 0x0e, 0x94, 0x70, 0x00, 0xab, 0xbf, 0x58,
  0x02, 0x3c, 0x51, 0x02, 0x9a, 0x00, 0x70, 0x9e, 0xf5, 0x02, 0xa2, 0x08,
  0x34, 0x85, 0x5c, 0x34, 0xc1, 0x44, 0x02, 0x8f, 0x9f, 0x03, 0x00, 0xfb,
  0xc0, 0xc0, 0x3e, 0x30, 0x40, 0x0d, 0x1f, 0x28, 0x43, 0x64, 0x0a, 0xe1,
  0x81, 0xc0, 0x9b, 0xf4, 0x0a, 0xa0, 0x3d, 0x50, 0x01, 0x4d, 0x00, 0x45,
  0x52, 0x5c, 0xc0, 0x1e, 0x6a, 0xf0, 0x0f, 0xaa, 0x2c, 0x02, 0x12, 0x00,
  0x12, 0x78, 0x01, 0x14, 0x03, 0xe1, 0xa7, 0x00, 0xf2, 0xb4, 0x80, 0x7d,
  0x3c, 0x01, 0x8f, 0xff, 0xe1, 0x00, 0xfc, 0x20, 0x02, 0xff, 0xe0, 0x0f,
  0xfe, 0x01, 0x77, 0x69, 0x00, 0xc2, 0x38, 0xc0, 0x22, 0xff, 0xd4, 0x01,
  0xff, 0xc9, 0x2f, 0xfe, 0x00, 0xfe, 0x10, 0x12, 0x00, 0x12, 0x78, 0x06,
  0x15, 0x30, 0x0f, 0x45, 0x08, 0x07, 0x13, 0x49, 0x00, 0x71, 0x7b, 0x00,
  0x47, 0xff, 0xf0, 0x80, 0x7e, 0x10, 0x01, 0x7f, 0xf0, 0x07, 0xff, 0x00,
  0xbb, 0xb4, 0x80, 0x61, 0x1c, 0x60, 0x11, 0x7f, 0xea, 0x00, 0xff, 0xe4,
  0x97, 0xff, 0x00, 0x7f, 0x08, 0x12, 0x00, 0x12, 0x78, 0x04, 0x90, 0x40,
  0x1c, 0x56, 0xde, 0x01, 0xd2, 0x7e, 0x70, 0x01, 0xaf, 0x07, 0xa0, 0x00,
  0x7f, 0xff, 0x08, 0x07, 0xe1, 0x00, 0x17, 0xff, 0x00, 0x7f, 0xf0, 0x0b,
  0xbb, 0x48, 0x06, 0x11, 0xc6, 0x01, 0x17, 0xfe, 0xa0, 0x0f, 0xfe, 0x49,
  0x7f, 0xf0, 0x07, 0xf0, 0x80, 0x12, 0x00, 0x12, 0x78, 0x00, 0x84, 0x08,
  0x40, 0x22, 0xdf, 0x1d, 0xf0, 0x08, 0xc9, 0x44, 0x88, 0x01, 0x0e, 0xd8,
  0x6e, 0x00, 0x0f, 0xff, 0xe1, 0x00, 0xfc, 0x20, 0x02, 0xff, 0xe0, 0x0f,
  0xfe, 0x01, 0x77, 0x69, 0x00, 0xc2, 0x38, 0xc0, 0x22, 0xff, 0xd4, 0x01,
  0xff, 0xc9, 0x2f, 0xfe, 0x00, 0xfe, 0x10, 0x09, 0xf0, 0x08, 0x79, 0x29,
  0x01, 0xc7, 0x80, 0xf1, 0x28, 0x1f, 0xa8, 0x1f, 0xe8, 0x07, 0xff, 0x70,
  0x08, 0x00, 0x0a, 0x78, 0x01, 0x10, 0x00, 0x3b, 0xc0, 0x04, 0x1c, 0x00,
  0x2f, 0x00, 0x07, 0xfa, 0x01, 0xff, 0xe8, 0x09, 0xf0, 0x0c, 0x78, 0x0c,
  0x30, 0x05, 0x6d, 0x28, 0x0a, 0xad, 0x5a, 0x15, 0xf3, 0xae, 0x10, 0x3f,
  0xd0, 0x0f, 0xff, 0x90, 0x09, 0xf0, 0x0c, 0x78, 0x98, 0x00, 0xc2, 0xb1,
  0x2b, 0x14, 0xc5, 0xb4, 0x5a, 0x38, 0x9f, 0x8c, 0x0f, 0xf4, 0x03, 0xff,
  0xe4, 0x14, 0x00, 0x16, 0x58, 0x4f, 0xfe, 0xc6, 0x00, 0xf8, 0x40, 0xe6,
  0x80, 0x39, 0xfb, 0xe8, 0x15, 0x40, 0x1f, 0x2c, 0x04, 0x83, 0xb0, 0x3c,
  0xb0, 0x28, 0x18, 0x50, 0x04, 0xda, 0x06, 0x01, 0x6b, 0x03, 0xfd, 0x81,
  0x00, 0x7f, 0x90, 0x0c, 0x03, 0xe5, 0x80, 0x90, 0x0c, 0xfd, 0xf4, 0x0a,
  0xa0, 0x0e, 0x10, 0x39, 0xa0, 0x00, 0x14, 0x00, 0x14, 0x78, 0x07, 0xff,
  0x06, 0xf9, 0x31, 0x80, 0x31, 0xa4, 0x59, 0xb8, 0x06, 0x3d, 0x6f, 0xe1,
  0x00, 0x1f, 0xf9, 0x80, 0x03, 0x7e, 0xc0, 0x14, 0x80, 0x7f, 0x13, 0x00,
  0x7c, 0x21, 0x02, 0x01, 0xe3, 0x61, 0x80, 0x0f, 0xa0, 0x18, 0x80, 0x3c,
  0x30, 0x12, 0x01, 0xf3, 0x92, 0x28, 0x07, 0xd2, 0x02, 0x01, 0xf2, 0x20,
  0x03, 0xfa, 0x40, 0x20, 0x14, 0x00, 0x16, 0x78, 0x04, 0x88, 0x00, 0xfe,
  0xcb, 0x40, 0x0f, 0xd0, 0x70, 0x01, 0xfd, 0x98, 0x00, 0xf8, 0xab, 0xbf,
  0x18, 0x03, 0x1e, 0xa8, 0x81, 0xcc, 0x80, 0x2e, 0x03, 0xde, 0x90, 0x64,
  0x04, 0x20, 0xd2, 0x16, 0x70, 0xf0, 0x30, 0x51, 0x00, 0xac, 0x14, 0x3c,
  0x0c, 0x03, 0x10, 0x08, 0x78, 0x18, 0x06, 0x20, 0x10, 0x30, 0x40, 0x0d,
  0x60, 0xa0, 0x84, 0x36, 0x42, 0xce, 0x1c, 0x00, 0xe0, 0x4d, 0xe9, 0x06,
  0x50, 0x01, 0xea, 0x88, 0x1c, 0xc8, 0x00, 0x14, 0x00, 0x16, 0x78, 0x07,
  0x12, 0x90, 0x07, 0xee, 0xb3, 0x00, 0xf9, 0x0f, 0x44, 0x03, 0xe4, 0xf3,
  0x00, 0xf1, 0x57, 0x7e, 0x30, 0x06, 0x3d, 0x51, 0x03, 0x99, 0x00, 0x5c,
  0x07, 0xbd, 0x20, 0xc8, 0x08, 0x41, 0xa4, 0x2c, 0xe1, 0xe0, 0x60, 0xa2,
  0x01, 0x58, 0x28, 0x78, 0x18, 0x06, 0x20, 0x10, 0xf0, 0x30, 0x0c, 0x40,
  0x20, 0x60, 0x80, 0x1a, 0xc1, 0x41, 0x08, 0x6c, 0x85, 0x9c, 0x38, 0x01,
  0xc0, 0x9b, 0xd2, 0x0c, 0xa0, 0x03, 0xd5, 0x10, 0x39, 0x90, 0x00, 0x14,
  0x00, 0x16, 0x78, 0x06, 0x68, 0x10, 0x0f, 0x92, 0x5a, 0x80, 0x3e, 0xa5,
  0xd4, 0x60, 0x0f, 0x75, 0x1f, 0xb0, 0x07, 0x15, 0x77, 0xe3, 0x00, 0x63,
  0xd5, 0x10, 0x39, 0x90, 0x05, 0xc0, 0x7b, 0xd2, 0x0c, 0x80, 0x84, 0x1a,
  0x42, 0xce, 0x1e, 0x06, 0x0a, 0x20, 0x15, 0x82, 0x87, 0x81, 0x80, 0x62,
  0x01, 0x0f, 0x03, 0x00, 0xc4, 0x02, 0x06, 0x08, 0x01, 0xac, 0x14, 0x10,
  0x86, 0xc8, 0x59, 0xc3, 0x80, 0x1c, 0x09, 0xbd, 0x20, 0xca, 0x00, 0x3d,
  0x51, 0x03, 0x99, 0x00, 0x00, 0x14, 0x00, 0x16, 0x78, 0x07, 0xff, 0x0b,
  0x3f, 0xe6, 0x00, 0xf7, 0xe6, 0x35, 0x80, 0x3c, 0x67, 0x10, 0x07, 0x8a,
  0xbb, 0xf1, 0x80, 0x31, 0xea, 0x88, 0x1c, 0xc8, 0x02, 0xe0, 0x3d, 0xe9,
  0x06, 0x40, 0x42, 0x0d, 0x21, 0x67, 0x0f, 0x03, 0x05, 0x10, 0x0a, 0xc1,
  0x43, 0xc0, 0xc0, 0x31, 0x00, 0x87, 0x81, 0x80, 0x62, 0x01, 0x03, 0x04,
  0x00, 0xd6, 0x0a, 0x08, 0x43, 0x64, 0x2c, 0xe1, 0xc0, 0x0e, 0x04, 0xde,
  0x90, 0x65, 0x00, 0x1e, 0xa8, 0x81, 0xcc, 0x80, 0x00, 0x14, 0x00, 0x16,
  0x78, 0x04, 0x62, 0x06, 0x20, 0x1c, 0x99, 0x49, 0x9a, 0x01, 0xcc, 0x26,
  0xc2, 0xa0, 0x1c, 0x5d, 0x05, 0xd2, 0x01, 0xc5, 0x5d, 0xf8, 0xc0, 0x18,
  0xf5, 0x44, 0x0e, 0x64, 0x01, 0x70, 0x1e, 0xf4, 0x83, 0x20, 0x21, 0x06,
  0x90, 0xb3, 0x87, 0x81, 0x82, 0x88, 0x05, 0x60, 0xa1, 0xe0, 0x60, 0x18,
  0x80, 0x43, 0xc0, 0xc0, 0x31, 0x00, 0x81, 0x82, 0x00, 0x6b, 0x05, 0x04,
  0x21, 0xb2, 0x16, 0x70, 0xe0, 0x07, 0x02, 0x6f, 0x48, 0x32, 0x80, 0x0f,
  0x54, 0x40, 0xe6, 0x40, 0x00, 0x12, 0x10, 0x10, 0x48, 0x08, 0x07, 0x9f,
  0x04, 0x01, 0x92, 0x1c, 0x58, 0x36, 0x6a, 0x12, 0xa5, 0xc8, 0x78, 0x00,
  0xa1, 0x00, 0x68, 0x04, 0xe2, 0x00, 0xb0, 0x03, 0x40, 0xe1, 0x2c, 0x86,
  0x06, 0x9e, 0x12, 0x85, 0x61, 0x80, 0xfe, 0x80, 0x14, 0x0f, 0x96, 0x68,
  0x07, 0xf0, 0x80, 0x45, 0x5d, 0xf8, 0xd5, 0x80, 0x03, 0xd5, 0x10, 0x39,
  0x55, 0x00, 0x38, 0x0f, 0x78, 0xc0, 0x1a, 0x08, 0x41, 0xa4, 0x66, 0x00,
  0x70, 0x18, 0x28, 0x8b, 0x06, 0x81, 0x43, 0xc0, 0xc3, 0x46, 0x90, 0x04,
  0x3c, 0x0e, 0x4e, 0x50, 0x80, 0x40, 0xc1, 0x59, 0xa0, 0xb0, 0x50, 0x40,
  0x0a, 0xc5, 0x9c, 0x38, 0x08, 0x02, 0xde, 0x90, 0x65, 0x04, 0x0a, 0x51,
  0x03, 0x99, 0x00, 0x1b, 0x56, 0xbb, 0xf1, 0x80, 0x20, 0x14, 0x00, 0x14,
  0x78, 0x00, 0x54, 0xc0, 0x3e, 0x19, 0xd0, 0x0f, 0xdc, 0x0e, 0x01, 0xf1,
  0x73, 0x80, 0x64, 0xfc, 0x00, 0xdf, 0xe2, 0x00, 0xff, 0xf8, 0x38, 0x10,
  0x04, 0x20, 0x03, 0x30, 0x0c, 0x00, 0xd8, 0x10, 0x84, 0x03, 0xff, 0x28,
  0x48, 0x01, 0xe8, 0xc0, 0x09, 0x88, 0x00, 0x14, 0x00, 0x14, 0x78, 0x07,
  0x1a, 0x80, 0x7c, 0x59, 0xe0, 0x1f, 0x59, 0x50, 0x07, 0xd3, 0xa0, 0x19,
  0x3f, 0x00, 0x37, 0xf8, 0x80, 0x3f, 0xfe, 0x0e, 0x04, 0x01, 0x08, 0x00,
  0xcc, 0x03, 0x00, 0x36, 0x04, 0x21, 0x00, 0xff, 0xca, 0x12, 0x00, 0x7a,
  0x30, 0x02, 0x62, 0x00, 0x14, 0x00, 0x14, 0x78, 0x06, 0x77, 0x00, 0x7d,
  0x13, 0x0c, 0x01, 0xc6, 0xf6, 0xf2, 0x40, 0x18, 0xfd, 0x63, 0xc8, 0x00,
  0x9f, 0x80, 0x1b, 0xfc, 0x40, 0x1f, 0xff, 0x07, 0x02, 0x00, 0x84, 0x00,
  0x66, 0x01, 0x80, 0x1b, 0x02, 0x10, 0x80, 0x7f, 0xe5, 0x09, 0x00, 0x3d,
  0x18, 0x01, 0x31, 0x00, 0x14, 0x00, 0x14, 0x78, 0x04, 0x60, 0x03, 0x00,
  0xe9, 0xc6, 0x8c, 0x70, 0x0d, 0xe0, 0x5c, 0x06, 0x01, 0x9b, 0xd1, 0xbd,
  0x00, 0x09, 0xf8, 0x01, 0xbf, 0xc4, 0x01, 0xff, 0xf0, 0x70, 0x20, 0x08,
  0x40, 0x06, 0x60, 0x18, 0x01, 0xb0, 0x21, 0x08, 0x07, 0xfe, 0x50, 0x90,
  0x03, 0xd1, 0x80, 0x13, 0x10, 0x00, 0x14, 0x00, 0x14, 0x78, 0x07, 0x22,
  0x00, 0x3e, 0x3b, 0xc0, 0x0f, 0xa0, 0xe0, 0x03, 0xeb, 0xc0, 0x0d, 0x5f,
  0x60, 0x10, 0xff, 0x96, 0x01, 0x10, 0x00, 0x90, 0x35, 0x26, 0x08, 0x01,
  0x70, 0xf0, 0x04, 0x01, 0xa4, 0x02, 0x18, 0x00, 0x60, 0x25, 0x82, 0x40,
  0x33, 0x89, 0x02, 0x90, 0x07, 0x40, 0x02, 0x00, 0x3c, 0x80, 0x24, 0x01,
  0xff, 0xd5, 0x12, 0x00, 0x12, 0x5a, 0x7e, 0x00, 0x7f, 0xf1, 0x4f, 0xfd,
  0xae, 0x01, 0xc8, 0x65, 0x10, 0x00, 0x8e, 0xf3, 0x41, 0xc0, 0x3c, 0x42,
  0x01, 0xf3, 0x08, 0x80, 0x23, 0xff, 0x48, 0x58, 0x06, 0x44, 0x36, 0x28,
  0x04, 0x77, 0x69, 0x30, 0x0f, 0xf8, 0x12, 0x00, 0x12, 0x58, 0x0d, 0x77,
  0xeb, 0x00, 0x5a, 0xa2, 0x22, 0x96, 0x02, 0x30, 0xee, 0x38, 0x68, 0x08,
  0x18, 0x87, 0x01, 0x00, 0x75, 0xc9, 0xc0, 0x06, 0x14, 0x03, 0x60, 0x0c,
  0x3f, 0x83, 0x04, 0x01, 0xc6, 0x80, 0x80, 0x1e, 0x70, 0x30, 0x08, 0x73,
  0x88, 0x10, 0x03, 0x18, 0x9e, 0x08, 0x10, 0x00, 0x10, 0x58, 0x17, 0xd8,
  0x07, 0x14, 0xa1, 0x80, 0x73, 0x58, 0x80, 0x63, 0xbb, 0x65, 0x08, 0x03,
  0x51, 0x04, 0xb4, 0x04, 0x93, 0x78, 0x08, 0x05, 0x1d, 0x7c, 0x01, 0x1e,
  0xb8, 0xc8, 0x05, 0x61, 0x34, 0xc0, 0x17, 0x05, 0xce, 0x00, 0x4c, 0xc2,
  0x78, 0x00, 0x80, 0x10, 0x00, 0x10, 0x58, 0x04, 0x3f, 0x80, 0x1d, 0x23,
  0xc0, 0x1d, 0x98, 0x20, 0x08, 0xee, 0xd9, 0x42, 0x00, 0xd4, 0x41, 0x2d,
  0x01, 0x24, 0xde, 0x02, 0x01, 0x47, 0x5f, 0x00, 0x47, 0xae, 0x32, 0x01,
  0x58, 0x4d, 0x30, 0x05, 0xc1, 0x73, 0x80, 0x13, 0x30, 0x9e, 0x00, 0x20,
  0x10, 0x00, 0x10, 0x58, 0x01, 0x7f, 0x84, 0x02, 0x2a, 0x92, 0xd0, 0x08,
  0xf5, 0xb3, 0x80, 0x22, 0x9f, 0xe8, 0x10, 0x06, 0xa2, 0x09, 0x68, 0x09,
  0x26, 0xf0, 0x10, 0x0a, 0x3a, 0xf8, 0x02, 0x3d, 0x71, 0x90, 0x0a, 0xc2,
  0x69, 0x80, 0x2e, 0x0b, 0x9c, 0x00, 0x99, 0x84, 0xf0, 0x01, 0x00, 0x10,
  0x00, 0x10, 0x58, 0x0e, 0xe1, 0x79, 0x00, 0x18, 0x53, 0x4c, 0x80, 0x0d,
  0xb1, 0xd8, 0x01, 0x15, 0x7f, 0xa8, 0x40, 0x1a, 0x88, 0x25, 0xa0, 0x24,
  0x9b, 0xc0, 0x40, 0x28, 0xeb, 0xe0, 0x08, 0xf5, 0xc6, 0x40, 0x2b, 0x09,
  0xa6, 0x00, 0xb8, 0x2e, 0x70, 0x02, 0x66, 0x13, 0xc0, 0x04, 0x10, 0x00,
  0x10, 0x58, 0x47, 0x1b, 0xf1, 0x80, 0x0c, 0x5b, 0x45, 0x80, 0x15, 0x8b,
  0x56, 0xa0, 0x02, 0x8f, 0xee, 0x08, 0x03, 0x51, 0x04, 0xb4, 0x04, 0x93,
  0x78, 0x08, 0x05, 0x1d, 0x7c, 0x01, 0x1e, 0xb8, 0xc8, 0x05, 0x61, 0x34,
  0xc0, 0x17, 0x05, 0xce, 0x00, 0x4c, 0xc2, 0x78, 0x00, 0x80, 0x10, 0x00,
  0x10, 0x60, 0x01, 0xbb, 0x48, 0x03, 0x5d, 0x9e, 0x80, 0x35, 0xd3, 0xd0,
  0x06, 0x6f, 0xd2, 0x00, 0x8e, 0xff, 0xa8, 0x40, 0x1a, 0x88, 0x25, 0xa0,
  0x24, 0x9b, 0xc0, 0x40, 0x28, 0xeb, 0xe0, 0x08, 0xf5, 0xc6, 0x40, 0x2b,
  0x09, 0xa6, 0x00, 0xb8, 0x2e, 0x70, 0x02, 0x66, 0x13, 0xc0, 0x04, 0x18,
  0x00, 0x1a, 0x40, 0x1e, 0x7f, 0x39, 0xef, 0xea, 0x80, 0x07, 0x0d, 0x0a,
  0x30, 0xd4, 0xe9, 0x40, 0x11, 0x76, 0xd0, 0x06, 0x5e, 0x04, 0x00, 0x8a,
  0x7f, 0x80, 0x1b, 0xda, 0x04, 0x09, 0x21, 0x56, 0x00, 0xbb, 0xe0, 0xc0,
  0xb5, 0x60, 0x03, 0xa2, 0xfe, 0x86, 0x84, 0x56, 0x08, 0x6c, 0xe2, 0x78,
  0x2b, 0x82, 0x96, 0x59, 0xb0, 0x4b, 0x00, 0x10, 0x0e, 0x90, 0x58, 0x0d,
  0x77, 0xd0, 0x80, 0x31, 0x40, 0x97, 0x01, 0x48, 0xfb, 0x4c, 0x93, 0x42,
  0xc0, 0x19, 0xe8, 0x20, 0x1c, 0x21, 0x81, 0x60, 0x0c, 0xe4, 0x52, 0x3e,
  0xd3, 0x24, 0x0c, 0x51, 0x25, 0xc0, 0x00, 0xd3, 0xa4, 0x08, 0x06, 0x91,
  0x80, 0x0e, 0xd4, 0xf0, 0x00, 0x10, 0x00, 0x10, 0x58, 0x0f, 0x60, 0x07,
  0x0d, 0x1a, 0x80, 0x72, 0x5b, 0x00, 0x61, 0xab, 0xda, 0x10, 0x06, 0x2a,
  0x12, 0xe0, 0x29, 0x35, 0x6a, 0x92, 0x68, 0x37, 0x71, 0x40, 0xc0, 0x0d,
  0x77, 0x97, 0x40, 0x91, 0x07, 0xe2, 0xa4, 0x99, 0x70, 0xc6, 0x18, 0xa6,
  0x8b, 0x80, 0x10, 0x00, 0x10, 0x58, 0x06, 0xed, 0x00, 0xe7, 0x1e, 0x00,
  0xe4, 0xc3, 0x00, 0x86, 0xb3, 0x68, 0x40, 0x18, 0xa8, 0x4b, 0x80, 0xa4,
  0xd5, 0xaa, 0x49, 0xa0, 0xdd, 0xc5, 0x03, 0x00, 0x35, 0xde, 0x5d, 0x02,
  0x44, 0x1f, 0x8a, 0x92, 0x65, 0xc3, 0x18, 0x62, 0x9a, 0x2e, 0x00, 0x10,
  0x00, 0x10, 0x58, 0x01, 0x3f, 0xc4, 0x01, 0x0d, 0x3a, 0xf8, 0x06, 0xc8,
  0xaf, 0x00, 0xd1, 0xfd, 0x02, 0x00, 0xc5, 0x42, 0x5c, 0x05, 0x26, 0xad,
  0x52, 0x4d, 0x06, 0xee, 0x28, 0x18, 0x01, 0xae, 0xf2, 0xe8, 0x12, 0x20,
  0xfc, 0x54, 0x93, 0x2e, 0x18, 0xc3, 0x14, 0xd1, 0x70, 0x00, 0x10, 0x00,
  0x10, 0x58, 0x37, 0xa3, 0x7a, 0x00, 0x3c, 0x0b, 0x80, 0xc0, 0x13, 0x6d,
  0x16, 0xe0, 0x01, 0xef, 0xee, 0x08, 0x03, 0x15, 0x09, 0x70, 0x14, 0x9a,
  0xb5, 0x49, 0x34, 0x1b, 0xb8, 0xa0, 0x60, 0x06, 0xbb, 0xcb, 0xa0, 0x48,
  0x83, 0xf1, 0x52, 0x4c, 0xb8, 0x63, 0x0c, 0x53, 0x45, 0xc0, 0x07, 0xf0,
  0x08, 0x5a, 0x7c, 0x82, 0x3b, 0x08, 0x45, 0x98, 0x25, 0xc8, 0x07, 0xff,
  0x40, 0x06, 0x00, 0x0a, 0x58, 0x17, 0xd0, 0x02, 0x0a, 0xc0, 0x1d, 0xe2,
  0x09, 0x72, 0x01, 0xff, 0xd9, 0x07, 0xf0, 0x0c, 0x58, 0x47, 0xe8, 0x82,
  0xbd, 0x8d, 0x02, 0xfa, 0x65, 0x80, 0x13, 0xec, 0x03, 0xff, 0xc0, 0x07,
  0xf0, 0x0c, 0x5d, 0x70, 0xcf, 0x13, 0x09, 0x28, 0x8b, 0x70, 0xf7, 0x0c,
  0x5f, 0xe8, 0xc0, 0x3f, 0xfb, 0xe0, 0x10, 0x00, 0x10, 0x60, 0x1d, 0xa0,
  0x29, 0x00, 0x08, 0x2f, 0xa4, 0x03, 0x88, 0x5c, 0x80, 0x05, 0xba, 0x94,
  0x70, 0x00, 0xd7, 0xe9, 0xc0, 0x03, 0x0d, 0x8c, 0xc0, 0xac, 0x2d, 0x30,
  0xe1, 0xbe, 0x18, 0x00, 0xc0, 0x21, 0x03, 0x00, 0xc7, 0xa1, 0x40, 0x0e,
  0x0c, 0x52, 0x3d, 0xd2, 0x92, 0x86, 0x29, 0x1a, 0xe0, 0x00, 0x10, 0x00,
  0x10, 0x58, 0x02, 0xf5, 0x31, 0x80, 0x04, 0x97, 0x63, 0x70, 0x01, 0x6b,
  0x7f, 0x08, 0x27, 0xcc, 0x7f, 0x98, 0x02, 0x46, 0x21, 0x92, 0x00, 0x0f,
  0x6a, 0x02, 0x00, 0x08, 0x00, 0x60, 0x20, 0x07, 0x00, 0xff, 0xe8, 0x80,
  0x10, 0x00, 0x10, 0x58, 0x03, 0x78, 0x03, 0xdc, 0x2e, 0x01, 0xc7, 0x88,
  0x01, 0x86, 0xb7, 0x2c, 0x80, 0x18, 0xa0, 0x29, 0x82, 0xa4, 0x4e, 0xe2,
  0x0b, 0x68, 0x50, 0x03, 0x83, 0x44, 0x03, 0xec, 0x0b, 0x00, 0x70, 0x6a,
  0x91, 0xf6, 0xa0, 0xb0, 0x62, 0x81, 0x26, 0x08, 0x10, 0x00, 0x10, 0x58,
  0x06, 0xce, 0x10, 0x0c, 0xa7, 0x42, 0x01, 0x9b, 0x10, 0x02, 0x1a, 0xdc,
  0xb2, 0x00, 0x62, 0x80, 0xa6, 0x0a, 0x91, 0x3b, 0x88, 0x2d, 0xa1, 0x40,
  0x0e, 0x0d, 0x10, 0x0f, 0xb0, 0x2c, 0x01, 0xc1, 0xaa, 0x47, 0xda, 0x82,
  0xc1, 0x8a, 0x04, 0x98, 0x20, 0x10, 0x00, 0x10, 0x58, 0x00, 0xbf, 0xc8,
  0x01, 0xbd, 0x5e, 0x84, 0x02, 0xfa, 0x8c, 0x00, 0x86, 0x3b, 0xe4, 0xc0,
  0x18, 0xa0, 0x29, 0x82, 0xa4, 0x4e, 0xe2, 0x0b, 0x68, 0x50, 0x03, 0x83,
  0x44, 0x03, 0xec, 0x0b, 0x00, 0x70, 0x6a, 0x91, 0xf6, 0xa0, 0xb0, 0x62,
  0x81, 0x26, 0x08, 0x10, 0x00, 0x10, 0x58, 0x02, 0xf4, 0xf1, 0x40, 0x06,
  0x97, 0x84, 0x80, 0x03, 0xd6, 0xff, 0x08, 0x00, 0x63, 0xbe, 0x88, 0x01,
  0x8a, 0x02, 0x98, 0x2a, 0x44, 0xee, 0x20, 0xb6, 0x85, 0x00, 0x38, 0x34,
  0x40, 0x3e, 0xc0, 0xb0, 0x07, 0x06, 0xa9, 0x1f, 0x6a, 0x0b, 0x06, 0x28,
  0x12, 0x60, 0x80, 0x10, 0x00, 0x10, 0x58, 0x27, 0xb2, 0x7b, 0x00, 0x0c,
  0x38, 0x83, 0xc0, 0x0f, 0x70, 0xd7, 0x20, 0x01, 0xee, 0x7f, 0x88, 0x01,
  0x8a, 0x02, 0x98, 0x2a, 0x44, 0xee, 0x20, 0xb6, 0x85, 0x00, 0x38, 0x34,
  0x40, 0x3e, 0xc0, 0xb0, 0x07, 0x06, 0xa9, 0x1f, 0x6a, 0x0b, 0x06, 0x28,
  0x12, 0x60, 0x80, 0x12, 0x10, 0x10, 0x48, 0x00, 0x5c, 0x80, 0x3a, 0x62,
  0x00, 0x1d, 0x81, 0x80, 0x1c, 0x9e, 0xc0, 0x16, 0xff, 0xf8, 0x1c, 0xcf,
  0xc1, 0x59, 0xb7, 0xb9, 0x80, 0x0a, 0x62, 0xc0, 0x3b, 0x03, 0x00, 0x20,
  0x10, 0x0f, 0x90, 0x50, 0x07, 0xf0, 0xd7, 0x7d, 0xda, 0x03, 0x14, 0x05,
  0x11, 0x4a, 0x44, 0xea, 0x00, 0x2e, 0x85, 0x15, 0x30, 0x68, 0x87, 0x64,
  0x60, 0x03, 0x01, 0x9a, 0xe0, 0xd5, 0x00, 0x36, 0xa0, 0xb3, 0x09, 0x40,
  0x93, 0x05, 0xb2, 0xbb, 0xec, 0x80, 0x10, 0x00, 0x10, 0x58, 0x03, 0x78,
  0x03, 0xde, 0x2e, 0x01, 0xc5, 0x86, 0x01, 0x27, 0xd9, 0xa4, 0x7b, 0x80,
  0x7f, 0xf5, 0x1c, 0x14, 0x41, 0x40, 0x06, 0x22, 0xef, 0x20, 0x0a, 0x88,
  0x15, 0xc0, 0x00, 0x10, 0x00, 0x10, 0x58, 0x06, 0xcf, 0x20, 0x0c, 0x87,
  0x44, 0x01, 0x9e, 0xd4, 0x00, 0x9f, 0x66, 0x91, 0xee, 0x01, 0xff, 0xd4,
  0x70, 0x51, 0x05, 0x00, 0x18, 0x8b, 0xbc, 0x80, 0x2a, 0x20, 0x57, 0x00,
  0x00, 0x10, 0x00, 0x10, 0x58, 0x00, 0xbf, 0xc8, 0x01, 0x0f, 0xb4, 0x59,
  0x00, 0x07, 0x65, 0xfc, 0x81, 0x3e, 0xc0, 0x11, 0xee, 0x01, 0xff, 0xd4,
  0x70, 0x51, 0x05, 0x00, 0x18, 0x8b, 0xbc, 0x80, 0x2a, 0x20, 0x57, 0x00,
  0x00, 0x10, 0x00, 0x10, 0x58, 0x27, 0xb1, 0xfb, 0x80, 0x08, 0x3d, 0x43,
  0x40, 0x0d, 0x72, 0xd7, 0x40, 0x9f, 0xe0, 0x06, 0x7b, 0x80, 0x7f, 0xf5,
  0x1c, 0x14, 0x41, 0x40, 0x06, 0x22, 0xef, 0x20, 0x0a, 0x88, 0x15, 0xc0,
  0x00, 0x10, 0x0e, 0x90, 0x70, 0x04, 0x5f, 0x60, 0x1d, 0x03, 0x40, 0x1d,
  0xd8, 0x20, 0x0b, 0xf5, 0x42, 0x9f, 0x7d, 0x0f, 0x00, 0x38, 0x2b, 0x82,
  0x81, 0x89, 0x90, 0xa8, 0x25, 0x85, 0x80, 0x3c, 0x35, 0x01, 0x80, 0x0a,
  0x0e, 0x66, 0x10, 0x09, 0x84, 0x28, 0x03, 0x68, 0x01, 0xc0, 0x31, 0x02,
  0x08, 0x00, 0x6e, 0x43, 0x80, 0x32, 0x03, 0xa8, 0x04, 0x10, 0x0e, 0x90,
  0x72, 0x7d, 0x80, 0x7f, 0xf3, 0x27, 0xf9, 0x80, 0x24, 0x62, 0x19, 0x50,
  0x0b, 0x75, 0x01, 0x20, 0x04, 0x20, 0x60, 0x30, 0x0f, 0xf2, 0x10, 0x30,
  0x18, 0x05, 0xba, 0x80, 0x90, 0x02, 0x39, 0x0c, 0x28, 0x05, 0x1f, 0xce,
  0x01, 0xff, 0xc5, 0x10, 0x0e, 0x90, 0x70, 0x4f, 0x14, 0x71, 0x00, 0x14,
  0x44, 0x62, 0xc0, 0x0d, 0xc3, 0xac, 0x40, 0xbe, 0x60, 0x1a, 0xf7, 0xd0,
  0xf0, 0x03, 0x82, 0xb8, 0x28, 0x18, 0x99, 0x0a, 0x82, 0x58, 0x58, 0x03,
  0xc3, 0x50, 0x18, 0x00, 0xa0, 0xe6, 0x61, 0x00, 0x98, 0x42, 0x80, 0x36,
  0x80, 0x1c, 0x03, 0x10, 0x20, 0x80, 0x06, 0xe4, 0x38, 0x03, 0x20, 0x3a,
  0x80, 0x40, 0x1e, 0x0f, 0x1c, 0x70, 0x07, 0x85, 0xc0, 0x3f, 0xe1, 0xc8,
  0x80, 0x07, 0xf0, 0xe3, 0xeb, 0x40, 0x07, 0xe5, 0x2f, 0x25, 0x40, 0x0f,
  0x0e, 0x35, 0x53, 0x1f, 0x5e, 0x00, 0x22, 0xc1, 0xc7, 0xb0, 0xd6, 0x96,
  0x80, 0x1c, 0x4d, 0x7c, 0x6c, 0x68, 0xdc, 0x68, 0x12, 0x51, 0x22, 0x18,
  0x98, 0x33, 0x07, 0x83, 0x03, 0x9f, 0x5b, 0xda, 0xa9, 0x72, 0xc0, 0x0c,
  0x6d, 0x68, 0x4c, 0x7a, 0x96, 0x00, 0xd2, 0x91, 0x74, 0x98, 0xac, 0x01,
  0xe5, 0x38, 0x55, 0x40, 0x07, 0xf6, 0x05, 0x4b, 0x00, 0x7f, 0xb2, 0xd8,
  0x03, 0x80, 0x14, 0x0f, 0x94, 0x60, 0x06, 0x11, 0x00, 0x79, 0xb7, 0xb9,
  0xf2, 0x20, 0x08, 0x92, 0x21, 0x83, 0x60, 0x9b, 0x85, 0x6e, 0x71, 0x94,
  0xd0, 0x2a, 0x80, 0x03, 0xb9, 0x44, 0x18, 0x00, 0x49, 0x8a, 0x50, 0x0e,
  0x36, 0x6a, 0x8c, 0x30, 0x00, 0xff, 0x40, 0x0b, 0x05, 0x50, 0x00, 0x64,
  0x00, 0x6e, 0x15, 0xb9, 0xc6, 0x20, 0x08, 0x91, 0x23, 0x2a, 0x66, 0x00,
  0x1b, 0xba, 0xd5, 0x8b, 0x14, 0x0f, 0x96, 0x60, 0x06, 0x11, 0x00, 0x7c,
  0xdb, 0xdc, 0xf9, 0x10, 0x0a, 0x24, 0x88, 0x60, 0xd8, 0x20, 0x6e, 0x15,
  0xb9, 0xc6, 0x52, 0x14, 0x0a, 0xa0, 0x00, 0xee, 0x50, 0x10, 0x60, 0x01,
  0x26, 0x29, 0x40, 0x3c, 0x6c, 0xd5, 0x01, 0x86, 0x00, 0x12, 0x50, 0x08,
  0x96, 0x0a, 0xa0, 0x07, 0xa0, 0x00, 0x4d, 0xc2, 0xb7, 0xd8, 0x04, 0x8c,
  0x22, 0x44, 0x8c, 0xa9, 0x00, 0x33, 0x77, 0x5a, 0xb5, 0xa0, 0x14, 0x0f,
  0x98, 0x68, 0x07, 0xf1, 0x18, 0x07, 0x84, 0x01, 0x9b, 0x86, 0x00, 0x6d,
  0xfe, 0xfb, 0x31, 0x92, 0x08, 0x92, 0x21, 0x82, 0x02, 0xb0, 0x9b, 0x85,
  0x6e, 0x71, 0x80, 0x6a, 0x05, 0x50, 0x00, 0x77, 0x24, 0x00, 0x41, 0x80,
  0x04, 0x98, 0xa5, 0x00, 0xf8, 0xd9, 0xaa, 0x00, 0x18, 0x60, 0x01, 0xfe,
  0x80, 0x35, 0x82, 0xa8, 0x00, 0x32, 0x01, 0x8d, 0xc2, 0xb7, 0x38, 0xc4,
  0x03, 0x44, 0x89, 0x19, 0x53, 0x30, 0x03, 0x37, 0x75, 0xab, 0x16, 0x00,
  0x14, 0x0f, 0x94, 0x78, 0x07, 0xff, 0x04, 0xff, 0xcc, 0x01, 0xc3, 0xab,
  0x52, 0x60, 0x18, 0x7e, 0xd3, 0x8c, 0x03, 0x36, 0x77, 0x52, 0x20, 0x08,
  0x92, 0x21, 0x83, 0x60, 0x9b, 0x85, 0x6e, 0x71, 0x94, 0xd0, 0x2a, 0x80,
  0x03, 0xb9, 0x44, 0x18, 0x00, 0x49, 0x8a, 0x50, 0x0e, 0x36, 0x6a, 0x8c,
  0x30, 0x00, 0xff, 0x40, 0x0b, 0x05, 0x50, 0x00, 0x64, 0x00, 0x6e, 0x15,
  0xb9, 0xc6, 0x20, 0x08, 0x91, 0x23, 0x2a, 0x66, 0x00, 0x1b, 0xba, 0xd5,
  0x8b, 0x14, 0x0f, 0x94, 0x78, 0x00, 0x54, 0x00, 0x82, 0x01, 0x8e, 0x99,
  0x6c, 0xc0, 0x31, 0x4c, 0xaa, 0x48, 0x03, 0x9b, 0xb8, 0xc0, 0x1c, 0xdd,
  0xda, 0x00, 0x29, 0x90, 0x91, 0x8b, 0xd8, 0x1b, 0x05, 0xee, 0x68, 0xa2,
  0x28, 0x15, 0x00, 0x05, 0x98, 0x52, 0x0c, 0x00, 0x24, 0xdd, 0x20, 0x07,
  0x1b, 0x35, 0x84, 0x18, 0x00, 0x7f, 0x60, 0x05, 0x02, 0xa0, 0x00, 0x9c,
  0x00, 0x6c, 0x17, 0xb9, 0xa0, 0x1a, 0x60, 0x48, 0xcd, 0xa8, 0x20, 0x07,
  0xee, 0xb0, 0xee, 0x00, 0x14, 0x0f, 0x94, 0x78, 0x07, 0xff, 0x0b, 0xb4,
  0x03, 0xe1, 0x03, 0x00, 0xf8, 0x7f, 0x00, 0x3c, 0xdb, 0xdb, 0xf2, 0x20,
  0x08, 0x92, 0x21, 0x83, 0x60, 0x9b, 0x85, 0x6e, 0x71, 0x12, 0x68, 0x15,
  0x40, 0x01, 0xcc, 0x51, 0x06, 0x00, 0x12, 0x62, 0x94, 0x03, 0x8d, 0x9a,
  0xa3, 0x0c, 0x00, 0x3f, 0xd0, 0x02, 0xc1, 0x54, 0x00, 0x19, 0x00, 0x1b,
  0x85, 0x6e, 0x71, 0x88, 0x02, 0x24, 0x48, 0xca, 0x99, 0x80, 0x06, 0xee,
  0xb5, 0x62, 0xc0, 0x14, 0x0e, 0x14, 0x78, 0x06, 0x11, 0x00, 0x79, 0xb7,
  0xb9, 0xf2, 0x20, 0x09, 0x91, 0x10, 0xc1, 0xb0, 0x4d, 0x82, 0xb7, 0x38,
  0xca, 0x68, 0x15, 0x40, 0x01, 0xdc, 0xa2, 0x0c, 0x00, 0x24, 0xc5, 0x28,
  0x07, 0x1b, 0x35, 0x46, 0x18, 0x00, 0x7f, 0x90, 0x05, 0x02, 0xb0, 0x00,
  0xac, 0x00, 0x50, 0x13, 0xfb, 0xa2, 0x10, 0x03, 0xd1, 0x81, 0x1d, 0xb3,
  0x00, 0x0b, 0x9b, 0x98, 0x48, 0xb0, 0x0d, 0xbc, 0x01, 0xf2, 0x05, 0x80,
  0x7c, 0xd6, 0xc0, 0x18, 0x14, 0x0f, 0x94, 0x78, 0x07, 0xff, 0x00, 0xba,
  0x97, 0xd0, 0x03, 0x16, 0xad, 0x42, 0x00, 0x71, 0xf6, 0xb8, 0x07, 0x36,
  0xf6, 0xf4, 0x88, 0x02, 0x24, 0x88, 0x62, 0xd8, 0x06, 0xe1, 0x5b, 0x9c,
  0x44, 0x7a, 0x05, 0x50, 0x00, 0x7a, 0x4c, 0x83, 0x00, 0x09, 0x35, 0xe6,
  0x01, 0xc6, 0xcd, 0x51, 0x86, 0x00, 0x1f, 0xe8, 0x01, 0x60, 0xaa, 0x00,
  0x0c, 0x80, 0x0d, 0xc2, 0xb7, 0x38, 0xc4, 0x01, 0x12, 0x24, 0x65, 0x4c,
  0xc0, 0x03, 0x77, 0x5a, 0xb1, 0x60, 0x14, 0x0f, 0x94, 0x78, 0x07, 0xff,
  0x0e, 0xfc, 0x80, 0x3c, 0xa9, 0x44, 0x01, 0xe7, 0xc5, 0x00, 0xe6, 0xdd,
  0x67, 0xc8, 0x80, 0x22, 0x48, 0x86, 0x0d, 0x82, 0x6e, 0x15, 0xb9, 0xc6,
  0x53, 0x40, 0xaa, 0x00, 0x0e, 0xe5, 0x10, 0x60, 0x01, 0x26, 0x29, 0x40,
  0x38, 0xd9, 0xaa, 0x30, 0xc0, 0x03, 0xfd, 0x00, 0x2c, 0x15, 0x40, 0x01,
  0x90, 0x01, 0xb8, 0x56, 0xe7, 0x18, 0x80, 0x22, 0x44, 0x8c, 0xa9, 0x98,
  0x00, 0x6e, 0xeb, 0x56, 0x2c, 0x14, 0x0f, 0x94, 0x70, 0x05, 0xdf, 0xf1,
  0x00, 0x75, 0xd5, 0x44, 0x01, 0xca, 0x88, 0x50, 0x0e, 0x6d, 0xee, 0x7c,
  0x88, 0x02, 0x24, 0x88, 0x60, 0xd8, 0x26, 0xe1, 0x5b, 0x9c, 0x65, 0x34,
  0x0a, 0xa0, 0x00, 0xee, 0x51, 0x06, 0x00, 0x12, 0x62, 0x94, 0x03, 0x8d,
  0x9a, 0xa3, 0x0c, 0x00, 0x3f, 0xd0, 0x02, 0xc1, 0x54, 0x00, 0x19, 0x00,
  0x1b, 0x85, 0x6e, 0x71, 0x88, 0x02, 0x24, 0x48, 0xca, 0x99, 0x80, 0x06,
  0xee, 0xb5, 0x62, 0xc0, 0x0a, 0x00, 0x0c, 0x58, 0x07, 0x9f, 0xff, 0x11,
  0xa0, 0x01, 0x4d, 0x20, 0x06, 0x84, 0x03, 0xff, 0xa4, 0x9e, 0x03, 0x62,
  0x66, 0x00, 0x21, 0x80, 0x0a, 0x00, 0x0c, 0x70, 0x10, 0x00, 0x83, 0x34,
  0xef, 0x51, 0x06, 0x46, 0x4d, 0x18, 0x31, 0xa5, 0x3f, 0xf8, 0x30, 0xc0,
  0x54, 0x16, 0x40, 0xa8, 0x03, 0xff, 0xa6, 0xd2, 0x07, 0x61, 0xe6, 0x00,
  0x40, 0x0a, 0x00, 0x0c, 0x80, 0x04, 0x44, 0x00, 0x8f, 0x50, 0x02, 0xb7,
  0x60, 0x9c, 0x90, 0xc1, 0x43, 0x32, 0x19, 0xb3, 0x4b, 0x74, 0x51, 0xbf,
  0xda, 0x18, 0x60, 0x2a, 0x0b, 0x20, 0x54, 0x01, 0xff, 0xd3, 0x69, 0x03,
  0xb0, 0xf3, 0x00, 0x20, 0x00, 0x0a, 0x00, 0x0c, 0x58, 0x07, 0x9f, 0xff,
  0x11, 0xa0, 0x01, 0x4d, 0x20, 0x06, 0x84, 0x03, 0xcd, 0x80, 0x3e, 0x4d,
  0x80, 0x0f, 0x20, 0x08, 0x40, 0x3f, 0x27, 0x80, 0xd8, 0x99, 0x80, 0x08,
  0x60, 0x0a, 0x0e, 0x8c, 0x70, 0x07, 0xb3, 0xff, 0x02, 0x10, 0x0a, 0x84,
  0x28, 0x2d, 0x00, 0x7f, 0xf4, 0xe1, 0x41, 0x6c, 0x10, 0x80, 0x50, 0x33,
  0xff, 0x02, 0x6d, 0x2e, 0x87, 0xa9, 0xda, 0x80, 0x0a, 0x00, 0x0c, 0x70,
  0x98, 0x80, 0x6e, 0xc0, 0x08, 0x7c, 0xd8, 0x02, 0x2e, 0x60, 0x03, 0xff,
  0xe2, 0x34, 0x00, 0x29, 0xa4, 0x00, 0xd0, 0x80, 0x7f, 0xf4, 0x93, 0xc0,
  0x6c, 0x4c, 0xc0, 0x04, 0x30, 0x0a, 0x00, 0x0c, 0x70, 0x04, 0x46, 0x01,
  0x16, 0xc8, 0x05, 0x07, 0x40, 0x15, 0x60, 0x01, 0xff, 0xf1, 0x1a, 0x00,
  0x14, 0xd2, 0x00, 0x68, 0x40, 0x3f, 0xfa, 0x49, 0xe0, 0x36, 0x26, 0x60,
  0x02, 0x18, 0x0a, 0x00, 0x0c, 0x70, 0x00, 0xc8, 0x02, 0x8c, 0xd3, 0x03,
  0x6b, 0x7e, 0x13, 0xe4, 0x8d, 0x17, 0xff, 0xc4, 0x68, 0x00, 0x53, 0x48,
  0x01, 0xa1, 0x00, 0xff, 0xe9, 0x27, 0x80, 0xd8, 0x99, 0x80, 0x08, 0x60,
  0x0a, 0x00, 0x0c, 0x6a, 0xf5, 0xb7, 0x07, 0xce, 0x54, 0x85, 0x3b, 0xb1,
  0xc3, 0x3f, 0xf0, 0x21, 0x00, 0xa8, 0x42, 0x82, 0xd0, 0x07, 0xff, 0x4e,
  0x14, 0x16, 0xc1, 0x08, 0x05, 0x00, 0x0a, 0x00, 0x0c, 0x68, 0xff, 0xd8,
  0x03, 0x55, 0x40, 0x01, 0x56, 0x40, 0x7f, 0xfc, 0x46, 0x80, 0x05, 0x34,
  0x80, 0x1a, 0x10, 0x0f, 0xfe, 0x92, 0x78, 0x0d, 0x89, 0x98, 0x00, 0x86,
  0x0a, 0x00, 0x0c, 0x70, 0x07, 0x93, 0xd1, 0x7c, 0x92, 0x65, 0x14, 0x40,
  0xdb, 0xa5, 0x05, 0xff, 0xc8, 0xc8, 0x00, 0x56, 0x3a, 0x00, 0x51, 0x00,
  0x7f, 0xf4, 0x8e, 0x80, 0x16, 0x4c, 0x80, 0x04, 0x60, 0x0a, 0x0e, 0x8c,
  0x70, 0x07, 0x9f, 0xff, 0x01, 0xa0, 0x01, 0x41, 0x20, 0x06, 0x80, 0x3f,
  0xfa, 0x69, 0xe0, 0x36, 0x06, 0x60, 0x02, 0x03, 0xfd, 0x03, 0x00, 0x5c,
  0x02, 0x01, 0x70, 0xb8, 0x00, 0x0a, 0x00, 0x0c, 0x70, 0x00, 0x84, 0x02,
  0x2d, 0xf0, 0x08, 0xcc, 0x80, 0x10, 0xe5, 0x00, 0x1f, 0xff, 0x11, 0xa0,
  0x01, 0x4d, 0x20, 0x06, 0x84, 0x03, 0xff, 0xa4, 0x9e, 0x03, 0x62, 0x66,
  0x00, 0x21, 0x80, 0x0a, 0x00, 0x0c, 0x70, 0x08, 0x00, 0x40, 0xf9, 0xaf,
  0x00, 0xea, 0x57, 0xc0, 0x0b, 0xfc, 0x40, 0xff, 0xf8, 0x8d, 0x00, 0x0a,
  0x69, 0x00, 0x34, 0x20, 0x1f, 0xfd, 0x24, 0xf0, 0x1b, 0x13, 0x30, 0x01,
  0x0c, 0x0b, 0xf0, 0x0e, 0x70, 0x98, 0x11, 0x00, 0x07, 0x94, 0x9a, 0x80,
  0x56, 0xa4, 0x7c, 0x00, 0x4f, 0x4c, 0xa0, 0x03, 0xff, 0xe2, 0x03, 0x40,
  0x02, 0x98, 0x24, 0x00, 0xd0, 0x80, 0x7f, 0xf6, 0x13, 0xc0, 0x6c, 0x40,
  0xcc, 0x00, 0x43, 0x0a, 0x00, 0x0c, 0x70, 0x00, 0x88, 0x01, 0x5e, 0xea,
  0x81, 0x1b, 0xf9, 0x0d, 0x34, 0x07, 0x8d, 0x7f, 0xf2, 0x32, 0x00, 0x15,
  0x8e, 0x80, 0x14, 0x40, 0x1f, 0xfd, 0x23, 0xa0, 0x05, 0x93, 0x20, 0x01,
  0x18, 0x0a, 0x00, 0x0c, 0x70, 0x09, 0x00, 0x67, 0xde, 0x00, 0x99, 0xc8,
  0x03, 0x46, 0x00, 0x1f, 0xff, 0x11, 0xa0, 0x01, 0x4d, 0x20, 0x06, 0x84,
  0x03, 0xff, 0xa4, 0x9e, 0x03, 0x62, 0x66, 0x00, 0x21, 0x80, 0x0a, 0x0e,
  0x0c, 0x78, 0x07, 0x9f, 0xff, 0x11, 0xa0, 0x01, 0x4d, 0x20, 0x06, 0x84,
  0x03, 0xff, 0xa4, 0x9e, 0x03, 0x62, 0x66, 0x00, 0x21, 0xbf, 0xfe, 0x20,
  0x1d, 0xa0, 0x08, 0xc9, 0x00, 0x22, 0xdf, 0x00, 0x00, 0x10, 0x00, 0x10,
  0x59, 0x90, 0x22, 0x61, 0x4d, 0x5b, 0xbc, 0xc4, 0x6f, 0x00, 0x07, 0x45,
  0xc2, 0x71, 0x0b, 0x30, 0x0f, 0xfe, 0xf0, 0xd8, 0x87, 0xa0, 0x00, 0xd0,
  0x00, 0x66, 0x10, 0x00, 0x10, 0x58, 0x18, 0xaa, 0xe2, 0x9e, 0x5a, 0xac,
  0xbe, 0xcb, 0x22, 0x0e, 0xad, 0x62, 0xc0, 0x0b, 0x20, 0x0f, 0xfe, 0xf0,
  0xd8, 0x87, 0xa8, 0x00, 0xd0, 0x00, 0x64, 0x16, 0x00, 0x14, 0x59, 0x89,
  0xa0, 0x2a, 0xe2, 0x4e, 0xa9, 0x3a, 0xac, 0x84, 0x74, 0x44, 0x90, 0x04,
  0x22, 0xe1, 0xf8, 0xb0, 0x82, 0x90, 0x07, 0xff, 0xa8, 0xac, 0x43, 0x90,
  0x03, 0x0a, 0x00, 0x0c, 0x80, 0x14, 0x00, 0x16, 0x58, 0x19, 0x94, 0x49,
  0x57, 0x04, 0xf3, 0xd2, 0x55, 0x70, 0xfb, 0x29, 0x95, 0xb0, 0x0c, 0x8b,
  0x58, 0xe3, 0x9e, 0x81, 0xb0, 0x07, 0xff, 0xc5, 0xa0, 0x0a, 0xc0, 0x3d,
  0xc6, 0x00, 0x41, 0x14, 0x00, 0x14, 0x59, 0x88, 0x29, 0x2a, 0xe2, 0x4e,
  0x4a, 0x6a, 0xae, 0x23, 0x01, 0x49, 0x10, 0x7b, 0x5c, 0x4e, 0x06, 0x30,
  0xc3, 0x00, 0xff, 0xf5, 0x0d, 0x90, 0x42, 0x80, 0x72, 0x00, 0x0f, 0x40,
  0x14, 0x00, 0x16, 0x58, 0x18, 0xa2, 0x09, 0x57, 0x04, 0xf1, 0xd6, 0xd5,
  0x70, 0xfb, 0x18, 0xed, 0xb0, 0x0c, 0x8b, 0x58, 0xfa, 0x1e, 0x81, 0xb0,
  0x07, 0xff, 0xc5, 0xa0, 0x0a, 0xc0, 0x3d, 0xc6, 0x00, 0x41, 0x12, 0x00,
  0x12, 0x68, 0xb9, 0x21, 0x80, 0x6b, 0xb6, 0x58, 0x07, 0x44, 0x33, 0x5d,
  0x12, 0x22, 0x1e, 0x8d, 0xdf, 0x01, 0x19, 0x40, 0x83, 0x50, 0x2e, 0x0b,
  0x90, 0x61, 0x80, 0x7f, 0xf9, 0x6c, 0xc2, 0x58, 0x03, 0x20, 0x00, 0xfc,
  0x12, 0x00, 0x14, 0x68, 0xb9, 0x92, 0x80, 0x74, 0x5e, 0xe8, 0x80, 0x3a,
  0xf3, 0x69, 0x51, 0x30, 0x13, 0x68, 0x5d, 0xf0, 0x01, 0x49, 0xa9, 0x80,
  0xa4, 0x00, 0x78, 0x66, 0xc0, 0x16, 0x00, 0xff, 0xf5, 0xb4, 0x81, 0x58,
  0x07, 0x79, 0x80, 0xa0, 0x00, 0x0a, 0x00, 0x0c, 0x70, 0x07, 0x93, 0xd1,
  0x7c, 0x92, 0x65, 0x14, 0x40, 0xdb, 0xa5, 0x05, 0xff, 0xc8, 0xc8, 0x00,
  0x56, 0x3a, 0x00, 0x51, 0x00, 0x7f, 0xf4, 0x8e, 0x80, 0x16, 0x4c, 0x80,
  0x04, 0x60, 0x0a, 0x00, 0x0c, 0x68, 0xff, 0xd8, 0x03, 0x55, 0x40, 0x01,
  0x56, 0x40, 0x7f, 0xfc, 0x46, 0x80, 0x05, 0x34, 0x80, 0x1a, 0x10, 0x0f,
  0xfe, 0x92, 0x78, 0x0d, 0x89, 0x98, 0x00, 0x86, 0x11, 0xf0, 0x12, 0x59,
  0x18, 0x00, 0x47, 0x02, 0xe1, 0x13, 0xbb, 0x3b, 0x00, 0x9a, 0x80, 0x10,
  0xc7, 0xcc, 0x68, 0x42, 0x10, 0x03, 0xff, 0xc8, 0x36, 0x21, 0xe8, 0x01,
  0x1a, 0x00, 0x0c, 0xc0, 0x10, 0x00, 0x10, 0x58, 0x98, 0x99, 0xe1, 0x8c,
  0x2c, 0xcc, 0xc6, 0xc4, 0xe0, 0x06, 0x4a, 0x91, 0x81, 0x0a, 0x30, 0x0f,
  0xfe, 0xf0, 0xd8, 0x87, 0xa0, 0x00, 0xd0, 0x00, 0x66, 0x0a, 0x00, 0x0c,
  0x58, 0x07, 0x9f, 0xff, 0x11, 0xa0, 0x01, 0x4d, 0x20, 0x06, 0x84, 0x03,
  0xff, 0xa4, 0x9e, 0x03, 0x62, 0x66, 0x00, 0x21, 0x80, 0x0a, 0x00, 0x0c,
  0x70, 0x10, 0x00, 0x83, 0x34, 0xef, 0x51, 0x06, 0x46, 0x4d, 0x18, 0x31,
  0xa5, 0x3f, 0xf8, 0x30, 0xc0, 0x54, 0x16, 0x40, 0xa8, 0x03, 0xff, 0xa6,
  0xd2, 0x07, 0x61, 0xe6, 0x00, 0x40, 0x10, 0x0f, 0x90, 0x48, 0x01, 0x1d,
  0x05, 0x4c, 0x2e, 0xd1, 0x7b, 0x50, 0xc8, 0x37, 0x61, 0x00, 0x60, 0x42,
  0x22, 0x00, 0x02, 0x04, 0x00, 0x60, 0x01, 0x06, 0x00, 0x10, 0x01, 0x40,
  0xf5, 0x30, 0x00, 0x39, 0x15, 0x77, 0x00, 0x4d, 0xdd, 0x47, 0xd8, 0x10,
  0x0f, 0x90, 0x60, 0x06, 0x45, 0x10, 0x0c, 0x57, 0xc2, 0x01, 0x95, 0x2c,
  0x03, 0x20, 0x78, 0xa9, 0x85, 0xda, 0x2f, 0x6a, 0x19, 0x06, 0xec, 0x20,
  0x0c, 0x08, 0x44, 0x40, 0x00, 0x40, 0x80, 0x0c, 0x00, 0x20, 0xc0, 0x02,
  0x00, 0x28, 0x1e, 0xa6, 0x00, 0x07, 0x22, 0xae, 0xe0, 0x09, 0xbb, 0xa8,
  0xfb, 0x10, 0x0f, 0x90, 0x60, 0x09, 0x00, 0x0c, 0x02, 0x5d, 0x57, 0xc1,
  0x00, 0x25, 0x4e, 0x60, 0x40, 0x21, 0xbf, 0x25, 0x20, 0xbb, 0x45, 0xed,
  0x2b, 0x21, 0x5d, 0x88, 0x01, 0x81, 0x68, 0x88, 0x00, 0x08, 0x10, 0x00,
  0xc0, 0x04, 0x18, 0x00, 0xc0, 0x06, 0x83, 0xcd, 0x30, 0x01, 0x24, 0x19,
  0x1c, 0x02, 0x6f, 0xee, 0x47, 0xb8, 0x10, 0x0f, 0x90, 0x70, 0x07, 0x08,
  0x07, 0x0f, 0xc0, 0x06, 0x16, 0x4b, 0x00, 0x93, 0xcf, 0x74, 0x20, 0x04,
  0x89, 0xab, 0x10, 0x08, 0xaa, 0x15, 0x44, 0x17, 0x68, 0xbd, 0xa5, 0x64,
  0x2b, 0xb1, 0x00, 0x30, 0x2d, 0x11, 0x00, 0x01, 0x02, 0x00, 0x18, 0x00,
  0x83, 0x00, 0x18, 0x00, 0xd0, 0x79, 0xa6, 0x00, 0x24, 0x83, 0x23, 0x80,
  0x4d, 0xfd, 0xc8, 0xf7, 0x10, 0x0e, 0x10, 0x78, 0x09, 0x00, 0x0c, 0x02,
  0x5d, 0x46, 0xc1, 0x00, 0x24, 0xca, 0xac, 0x40, 0x25, 0x8e, 0x53, 0x10,
  0xac, 0xad, 0xac, 0x65, 0x50, 0xd4, 0xa8, 0x03, 0xc2, 0x15, 0xa4, 0x00,
  0x20, 0x40, 0x02, 0x00, 0x08, 0x60, 0x03, 0x40, 0x1c, 0x0f, 0x32, 0x70,
  0x02, 0x40, 0x33, 0xb8, 0x02, 0x7f, 0xde, 0x8f, 0x70, 0x0b, 0xb0, 0x03,
  0x84, 0xcc, 0x20, 0x18, 0x7b, 0x82, 0x00, 0x10, 0x0f, 0x90, 0x70, 0x00,
  0x40, 0x3e, 0xac, 0x00, 0xf4, 0x02, 0x10, 0x04, 0x9b, 0x05, 0xa2, 0x00,
  0x48, 0x9a, 0xb1, 0x00, 0x8a, 0xa1, 0x54, 0x41, 0x76, 0x8b, 0xda, 0x56,
  0x42, 0xbb, 0x10, 0x03, 0x02, 0xd1, 0x10, 0x00, 0x10, 0x20, 0x01, 0x80,
  0x08, 0x30, 0x01, 0x80, 0x0d, 0x07, 0x9a, 0x60, 0x02, 0x48, 0x32, 0x38,
  0x04, 0xdf, 0xdc, 0x8f, 0x70, 0x10, 0x0f, 0x90, 0x70, 0x04, 0x40, 0x1e,
  0x3c, 0xd0, 0x0e, 0x2b, 0x52, 0x00, 0x93, 0xc7, 0xb4, 0x40, 0x09, 0x13,
  0x56, 0x20, 0x11, 0x54, 0x2a, 0x88, 0x2e, 0xd1, 0x7b, 0x4a, 0xc8, 0x57,
  0x62, 0x00, 0x60, 0x5a, 0x22, 0x00, 0x02, 0x04, 0x00, 0x30, 0x01, 0x06,
  0x00, 0x30, 0x01, 0xa0, 0xf3, 0x4c, 0x00, 0x49, 0x06, 0x47, 0x00, 0x9b,
  0xfb, 0x91, 0xee, 0x10, 0x0f, 0x90, 0x70, 0x01, 0x58, 0x18, 0x40, 0x09,
  0x7b, 0xf0, 0x01, 0x36, 0xdf, 0x68, 0x80, 0x1b, 0x51, 0xb0, 0x40, 0x09,
  0x13, 0x78, 0x20, 0x11, 0x54, 0x12, 0x90, 0x5d, 0xa2, 0xf6, 0x95, 0x90,
  0xae, 0xc4, 0x00, 0xc0, 0xb4, 0x44, 0x00, 0x04, 0x08, 0x00, 0x60, 0x02,
  0x0c, 0x00, 0x60, 0x03, 0x41, 0xe6, 0x98, 0x00, 0x92, 0x0c, 0x8e, 0x01,
  0x37, 0xf7, 0x23, 0xdc, 0x10, 0x0f, 0x90, 0x60, 0x0a, 0x00, 0x10, 0x40,
  0x29, 0xab, 0x90, 0x08, 0x7c, 0x43, 0xc4, 0x02, 0x6c, 0xf3, 0x53, 0x0b,
  0xb4, 0x5e, 0xd4, 0x32, 0x0d, 0xd8, 0x40, 0x18, 0x10, 0x88, 0x80, 0x00,
  0x81, 0x00, 0x18, 0x00, 0x41, 0x80, 0x04, 0x00, 0x50, 0x3d, 0x4c, 0x00,
  0x0e, 0x45, 0x5d, 0xc0, 0x13, 0x77, 0x51, 0xf6, 0x10, 0x0f, 0x90, 0x60,
  0x04, 0xaa, 0x00, 0xe9, 0xbb, 0x48, 0x04, 0x65, 0xba, 0x23, 0x00, 0x1f,
  0xa3, 0xd3, 0x18, 0x5d, 0xa2, 0xf6, 0xa1, 0x90, 0x6e, 0xc2, 0x00, 0xc0,
  0x84, 0x44, 0x00, 0x04, 0x08, 0x00, 0xc0, 0x02, 0x0c, 0x00, 0x20, 0x02,
  0x81, 0xea, 0x60, 0x00, 0x72, 0x2a, 0xee, 0x00, 0x9b, 0xba, 0x8f, 0xb0,
  0x10, 0x0f, 0x90, 0x70, 0x07, 0x84, 0x03, 0xcb, 0xc8, 0x01, 0x22, 0x3a,
  0x10, 0x00, 0xf7, 0x6d, 0x70, 0x01, 0x44, 0x1e, 0x48, 0x00, 0x72, 0x19,
  0x84, 0x30, 0xa9, 0x8b, 0xf9, 0x86, 0x41, 0xbb, 0x08, 0x03, 0x02, 0x11,
  0x10, 0x00, 0x10, 0x20, 0x03, 0x00, 0x08, 0x30, 0x00, 0x80, 0x0a, 0x07,
  0xa9, 0x80, 0x01, 0xc8, 0xab, 0xb8, 0x02, 0x6e, 0xea, 0x3e, 0xc0, 0x10,
  0x0e, 0x10, 0x78, 0x04, 0x66, 0x00, 0xe8, 0xcc, 0x38, 0x04, 0x69, 0x75,
  0x66, 0x00, 0x3f, 0x17, 0xc0, 0x20, 0xac, 0xad, 0xbc, 0x95, 0x50, 0xd5,
  0x14, 0x01, 0xe1, 0x0a, 0xa8, 0x00, 0x08, 0x10, 0x01, 0x40, 0x04, 0x18,
  0x00, 0x40, 0x06, 0x83, 0xcc, 0xa0, 0x00, 0x92, 0x0c, 0xee, 0x00, 0x9b,
  0xf7, 0xa3, 0xec, 0x02, 0x9d, 0x10, 0x0e, 0x42, 0x20, 0x07, 0x76, 0x98,
  0x00, 0x10, 0x0f, 0x90, 0x70, 0x06, 0x10, 0x0f, 0xaf, 0xc4, 0x03, 0x27,
  0x23, 0x00, 0x4f, 0x76, 0xd7, 0x00, 0x14, 0x41, 0xe4, 0x80, 0x07, 0x21,
  0x98, 0x43, 0x0a, 0x98, 0xbf, 0x98, 0x64, 0x1b, 0xb0, 0x80, 0x30, 0x21,
  0x11, 0x00, 0x01, 0x02, 0x00, 0x30, 0x00, 0x83, 0x00, 0x08, 0x00, 0xa0,
  0x7a, 0x98, 0x00, 0x1c, 0x8a, 0xbb, 0x80, 0x26, 0xee, 0xa3, 0xec, 0x10,
  0x0f, 0x90, 0x70, 0x06, 0x21, 0x00, 0xf7, 0x70, 0xc0, 0x32, 0x7a, 0x10,
  0x05, 0x17, 0x90, 0x20, 0x03, 0x7b, 0x5e, 0x00, 0x8e, 0x8f, 0xbd, 0x44,
  0x2e, 0xa2, 0xfa, 0x9d, 0x90, 0xae, 0xc4, 0x00, 0xc0, 0xb4, 0x44, 0x00,
  0x04, 0x08, 0x00, 0x60, 0x02, 0x0c, 0x00, 0x60, 0x03, 0x41, 0xe6, 0x98,
  0x00, 0x92, 0x0c, 0x8e, 0x06, 0x0d, 0xfd, 0xc8, 0xf5, 0x10, 0x0f, 0x90,
  0x70, 0x01, 0x94, 0x18, 0x40, 0x0b, 0x1d, 0xf0, 0x20, 0x04, 0xcf, 0xaf,
  0x00, 0x86, 0xea, 0x88, 0x01, 0x19, 0xb2, 0xbc, 0x40, 0x07, 0xca, 0x36,
  0x84, 0x17, 0x68, 0xbd, 0xa5, 0x64, 0x2b, 0xb1, 0x00, 0x30, 0x2d, 0x11,
  0x00, 0x01, 0x02, 0x00, 0x18, 0x00, 0x83, 0x00, 0x18, 0x00, 0xd0, 0x79,
  0xa6, 0x00, 0x24, 0x83, 0x23, 0x80, 0x4d, 0xfd, 0xc8, 0xf7, 0x10, 0x0f,
  0x90, 0x61, 0x29, 0x1a, 0x88, 0x00, 0xe3, 0xc2, 0xa0, 0x00, 0x3e, 0x2d,
  0x04, 0x01, 0x14, 0x11, 0xd2, 0x98, 0x5d, 0xa2, 0xf6, 0xa1, 0x90, 0x6e,
  0xc2, 0x00, 0xc0, 0x84, 0x44, 0x00, 0x04, 0x08, 0x00, 0xc0, 0x02, 0x0c,
  0x00, 0x20, 0x02, 0x81, 0xea, 0x60, 0x00, 0x72, 0x2a, 0xee, 0x00, 0x9b,
  0xba, 0x8f, 0xb0, 0x10, 0x0f, 0x90, 0x60, 0x0a, 0x80, 0xa8, 0x05, 0x74,
  0xb5, 0x45, 0x00, 0x72, 0xa7, 0x2a, 0x00, 0x13, 0x98, 0x6d, 0x08, 0x2e,
  0xd1, 0x7b, 0x48, 0xc8, 0x57, 0x62, 0x00, 0x60, 0x5a, 0x22, 0x00, 0x02,
  0x04, 0x00, 0x30, 0x01, 0x06, 0x00, 0x30, 0x01, 0xa0, 0xf3, 0x4c, 0x00,
  0x49, 0x06, 0x47, 0x00, 0x9b, 0xfb, 0x91, 0xec, 0x10, 0x0f, 0x90, 0x68,
  0x0f, 0xfe, 0x00, 0x86, 0xf3, 0x16, 0x01, 0x55, 0x84, 0xda, 0x00, 0x08,
  0x83, 0xa4, 0xe0, 0x08, 0x95, 0x3c, 0x62, 0x0b, 0xb4, 0x5e, 0xd2, 0xb2,
  0x15, 0xd8, 0x80, 0x18, 0x16, 0x88, 0x80, 0x00, 0x81, 0x00, 0x0c, 0x00,
  0x41, 0x80, 0x0c, 0x00, 0x68, 0x3c, 0xd3, 0x00, 0x12, 0x41, 0x91, 0xc0,
  0x26, 0xfe, 0xe4, 0x7b, 0x80, 0x10, 0x0f, 0x90, 0x60, 0x04, 0x86, 0x01,
  0xc5, 0x78, 0x40, 0x18, 0x95, 0x44, 0x01, 0x93, 0x78, 0x54, 0xc2, 0xed,
  0x17, 0xb5, 0x0c, 0x83, 0x76, 0x10, 0x06, 0x04, 0x22, 0x20, 0x00, 0x20,
  0x40, 0x06, 0x00, 0x10, 0x60, 0x01, 0x00, 0x14, 0x0f, 0x53, 0x00, 0x03,
  0x91, 0x57, 0x70, 0x04, 0xdd, 0xd4, 0x7d, 0x80, 0x10, 0x0e, 0x10, 0x60,
  0x00, 0xd4, 0x80, 0xc8, 0x2b, 0x2b, 0x6f, 0x25, 0x54, 0x35, 0x45, 0x00,
  0x78, 0x42, 0xaa, 0x00, 0x02, 0x04, 0x00, 0x50, 0x01, 0x06, 0x00, 0x10,
  0x01, 0xa0, 0xf3, 0x28, 0x00, 0x24, 0x83, 0x3b, 0x80, 0x26, 0xfd, 0xe8,
  0xfb, 0x00, 0xa7, 0x44, 0x03, 0x90, 0x88, 0x01, 0xdd, 0xa6, 0x00, 0x10,
  0x0f, 0x90, 0x68, 0x0f, 0xfe, 0x10, 0x00, 0xe6, 0x61, 0x00, 0x8b, 0x30,
  0x40, 0x1c, 0x66, 0x00, 0xe5, 0xb8, 0x05, 0x30, 0xbb, 0x45, 0xed, 0x43,
  0x20, 0xdd, 0x84, 0x01, 0x81, 0x08, 0x88, 0x00, 0x08, 0x10, 0x01, 0x80,
  0x04, 0x18, 0x00, 0x40, 0x05, 0x03, 0xd4, 0xc0, 0x00, 0xe4, 0x55, 0xdc,
  0x01, 0x37, 0x75, 0x1f, 0x60, 0x10, 0x0f, 0x90, 0x60, 0x0a, 0xa0, 0x07,
  0x0f, 0x59, 0x00, 0x75, 0xa2, 0x80, 0x72, 0x61, 0x8a, 0x98, 0x5d, 0xa2,
  0xf6, 0xa1, 0x90, 0x6e, 0xc2, 0x00, 0xc0, 0x84, 0x44, 0x00, 0x04, 0x08,
  0x00, 0xc0, 0x02, 0x0c, 0x00, 0x20, 0x02, 0x81, 0xea, 0x60, 0x00, 0x72,
  0x2a, 0xee, 0x00, 0x9b, 0xba, 0x8f, 0xb0, 0x10, 0x0f, 0x90, 0x60, 0x04,
  0x40, 0x1e, 0x6d, 0xf2, 0x00, 0xcd, 0x02, 0x60, 0x19, 0x02, 0x81, 0x4c,
  0x2e, 0xd1, 0x7b, 0x50, 0xc8, 0x37, 0x61, 0x00, 0x60, 0x42, 0x22, 0x00,
  0x02, 0x04, 0x00, 0x60, 0x01, 0x06, 0x00, 0x10, 0x01, 0x40, 0xf5, 0x30,
  0x00, 0x39, 0x15, 0x77, 0x00, 0x4d, 0xdd, 0x47, 0xd8, 0x10, 0x0f, 0x90,
  0x60, 0x04, 0x64, 0x01, 0x87, 0x31, 0xb2, 0x01, 0x2b, 0x7f, 0x29, 0x00,
  0x13, 0x9d, 0x75, 0xc8, 0x2e, 0xd1, 0x7b, 0x4a, 0xc8, 0x57, 0x62, 0x00,
  0x60, 0x5a, 0x22, 0x00, 0x02, 0x04, 0x00, 0x30, 0x01, 0x06, 0x00, 0x30,
  0x01, 0xa0, 0xf3, 0x4c, 0x00, 0x49, 0x06, 0x47, 0x00, 0x9b, 0xfb, 0x91,
  0xee, 0x10, 0x0f, 0x90, 0x58, 0x0e, 0xee, 0x10, 0x00, 0xd5, 0x61, 0x00,
  0x8c, 0x0d, 0x94, 0xc2, 0xed, 0x17, 0xb5, 0x0c, 0x83, 0x76, 0x10, 0x06,
  0x04, 0x22, 0x20, 0x00, 0x20, 0x40, 0x06, 0x00, 0x10, 0x60, 0x01, 0x00,
  0x14, 0x0f, 0x53, 0x00, 0x03, 0x91, 0x57, 0x70, 0x04, 0xdd, 0xd4, 0x7d,
  0x80, 0x10, 0x0e, 0x90, 0x58, 0x01, 0x1d, 0x04, 0xc8, 0x2e, 0xd1, 0x7b,
  0x92, 0xc8, 0x37, 0x62, 0x00, 0x60, 0x42, 0x22, 0x00, 0x02, 0x04, 0x00,
  0x20, 0x01, 0x06, 0x00, 0x30, 0x01, 0xa0, 0xf3, 0x4e, 0x00, 0x49, 0x06,
  0x46, 0x00, 0x9b, 0xfb, 0x88, 0x10, 0x01, 0x09, 0x10, 0x40, 0x38, 0x94,
  0x24, 0x10, 0x0f, 0x90, 0x68, 0x07, 0xfd, 0x70, 0x01, 0xe9, 0x70, 0x0f,
  0x43, 0x00, 0x72, 0x6e, 0x85, 0x4c, 0x2e, 0xd1, 0x7b, 0x52, 0xc8, 0x37,
  0x62, 0x00, 0x60, 0x42, 0x22, 0x00, 0x02, 0x04, 0x00, 0x20, 0x01, 0x06,
  0x00, 0x30, 0x01, 0xa0, 0xf3, 0x4e, 0x00, 0x49, 0x06, 0x47, 0x00, 0x9b,
  0xfb, 0x91, 0xf4, 0x10, 0x0f, 0x90, 0x68, 0x07, 0xf9, 0x7b, 0x88, 0x01,
  0xa6, 0xe3, 0xc0, 0x35, 0x5c, 0x70, 0x06, 0x29, 0xa4, 0x53, 0x0b, 0xb4,
  0x5e, 0xd4, 0xb2, 0x15, 0xd8, 0x80, 0x18, 0x16, 0x88, 0x80, 0x00, 0x81,
  0x00, 0x0c, 0x00, 0x41, 0x80, 0x0c, 0x00, 0x68, 0x3c, 0xd3, 0x00, 0x12,
  0x41, 0x91, 0xc0, 0xc1, 0xbf, 0xb9, 0x1f, 0x20, 0x10, 0x0f, 0x90, 0x70,
  0x06, 0xc9, 0x00, 0xe4, 0xb9, 0x00, 0xcb, 0x52, 0x80, 0x1a, 0x6e, 0x3c,
  0x03, 0x55, 0xc7, 0x00, 0x62, 0x9a, 0x45, 0x30, 0xbb, 0x45, 0xed, 0x4b,
  0x21, 0x5d, 0x88, 0x01, 0x81, 0x68, 0x88, 0x00, 0x08, 0x10, 0x00, 0xc0,
  0x04, 0x18, 0x00, 0xc0, 0x06, 0x83, 0xcd, 0x30, 0x01, 0x24, 0x19, 0x1c,
  0x0c, 0x1b, 0xfb, 0x91, 0xf2, 0x10, 0x0e, 0x10, 0x60, 0x01, 0x5d, 0x05,
  0x48, 0x2e, 0xa2, 0xf6, 0xad, 0x90, 0xae, 0xc4, 0x00, 0xd0, 0xb4, 0x44,
  0x00, 0x62, 0x00, 0x18, 0x00, 0x83, 0x40, 0x1e, 0x00, 0xb0, 0x6c, 0xc2,
  0x80, 0x0a, 0xcc, 0x9e, 0x8f, 0x81, 0x35, 0x05, 0x31, 0xc0, 0x10, 0x65,
  0x60, 0x1f, 0xfc, 0x08, 0x32, 0xb0, 0x00, 0x10, 0x0f, 0x90, 0x60, 0x00,
  0x44, 0x02, 0x01, 0x17, 0x72, 0xbd, 0x40, 0x0d, 0x1c, 0x52, 0xa0, 0x04,
  0x36, 0xc6, 0x53, 0x0b, 0xb4, 0x5e, 0xd4, 0x32, 0x0d, 0xd8, 0x40, 0x18,
  0x10, 0x88, 0x80, 0x00, 0x81, 0x00, 0x18, 0x00, 0x41, 0x80, 0x04, 0x00,
  0x50, 0x3d, 0x4c, 0x00, 0x0e, 0x45, 0x5d, 0xc0, 0x13, 0x77, 0x51, 0xf6,
  0x07, 0xfe, 0x8a, 0x58, 0x09, 0x90, 0x01, 0xf2, 0xc0, 0x3f, 0xfa, 0x8d,
  0xf2, 0x09, 0xb2, 0xd9, 0xc8, 0x11, 0x40, 0x07, 0xfe, 0x88, 0x58, 0x00,
  0xc8, 0x13, 0x24, 0x03, 0xff, 0x92, 0x20, 0xe1, 0x21, 0xe4, 0x62, 0xe4,
  0xa1, 0xe0, 0x06, 0x0e, 0x08, 0x60, 0x19, 0x80, 0x73, 0x40, 0x3f, 0xf9,
  0xa3, 0xfc, 0x03, 0xb6, 0x06, 0x4a, 0x05, 0xde, 0x00, 0x07, 0xfe, 0x8c,
  0x58, 0x00, 0xcc, 0x01, 0x0e, 0x68, 0x00, 0x94, 0x04, 0xc6, 0x6c, 0x01,
  0x93, 0x7a, 0x00, 0xe8, 0x03, 0x01, 0x10, 0x07, 0xff, 0x1c, 0xf0, 0x14,
  0x00, 0xe0, 0xb2, 0x00, 0x0c, 0x0e, 0x8e, 0x58, 0x04, 0x66, 0x00, 0xed,
  0xc1, 0x00, 0xff, 0xec, 0x1d, 0xe8, 0x86, 0x63, 0x91, 0x00, 0x04, 0xb3,
  0x1e, 0x02, 0x97, 0xa2, 0x93, 0xe0, 0x00, 0x08, 0x00, 0x08, 0x58, 0x19,
  0x00, 0xe6, 0x00, 0x3f, 0xfa, 0x22, 0x02, 0xe1, 0x03, 0x60, 0x08, 0x00,
  0x0a, 0x58, 0x11, 0x80, 0x59, 0x81, 0x00, 0xfe, 0x30, 0x0d, 0xa2, 0x82,
  0x0a, 0x34, 0x00, 0xb0, 0xd1, 0x00, 0x8c, 0x03, 0x8c, 0x2c, 0x01, 0x02,
  0xa0, 0x0a, 0x00, 0x0c, 0x58, 0x00, 0xc8, 0x02, 0x1c, 0xc0, 0x07, 0xff,
  0x22, 0xb8, 0x07, 0xde, 0x64, 0x00, 0xb5, 0x37, 0x01, 0x42, 0x00, 0xf8,
  0x40, 0x5c, 0x02, 0x81, 0xa0, 0x0c, 0x00, 0x0c, 0x58, 0x00, 0xc8, 0x02,
  0x4c, 0x90, 0x0f, 0xfe, 0x42, 0xd8, 0x26, 0xb7, 0x10, 0x01, 0x9e, 0xe4,
  0x12, 0xc4, 0x03, 0xe7, 0x04, 0x60, 0x01, 0xb0, 0x60, 0x00, 0x0e, 0x00,
  0x0e, 0x58, 0x04, 0x46, 0x01, 0xd9, 0x81, 0x00, 0xfc, 0x5b, 0xc2, 0x01,
  0x49, 0x38, 0x06, 0x70, 0xe0, 0x03, 0x0c, 0x0c, 0x00, 0x21, 0x53, 0xb8,
  0x21, 0x88, 0x00, 0x10, 0x01, 0x00, 0x63, 0x0b, 0x00, 0xd0, 0x2a, 0x00,
  0x0c, 0x00, 0x0c, 0x58, 0x19, 0x00, 0x43, 0x98, 0x00, 0xff, 0xe3, 0x90,
  0x06, 0x5d, 0xb0, 0x09, 0x80, 0x80, 0x23, 0xf9, 0x00, 0xf0, 0x80, 0xb8,
  0x05, 0x03, 0x60, 0x00, 0x08, 0x00, 0x0a, 0x70, 0x00, 0x8c, 0x00, 0x3b,
  0x00, 0x08, 0x2b, 0x00, 0x57, 0x80, 0x07, 0x30, 0x01, 0xff, 0xd9, 0x10,
  0x17, 0x00, 0x40, 0xd8, 0x00, 0x08, 0x0e, 0x08, 0x78, 0x19, 0x00, 0xe6,
  0x00, 0x3f, 0xfa, 0x22, 0x02, 0xe1, 0x03, 0x60, 0xdb, 0x81, 0xba, 0x00,
  0x1b, 0x00, 0x2e, 0x40, 0x0a, 0x00, 0x0c, 0x58, 0x19, 0x12, 0x8c, 0x73,
  0x02, 0xa0, 0x18, 0x40, 0x80, 0x22, 0xf1, 0x00, 0xff, 0xe9, 0x08, 0x0b,
  0x80, 0x50, 0x36, 0x00, 0x08, 0x0e, 0x08, 0x78, 0x19, 0x00, 0xe6, 0x00,
  0x3f, 0xfa, 0x22, 0x02, 0xe1, 0x03, 0x60, 0xfd, 0x81, 0x1c, 0x60, 0x62,
  0xc1, 0x7a, 0xa0, 0x09, 0xfe, 0x0a, 0x88, 0x7f, 0xda, 0x15, 0x54, 0x02,
  0xb3, 0xa8, 0x0e, 0x60, 0x03, 0xff, 0xb2, 0x20, 0x2e, 0x00, 0x81, 0xb0,
  0x03, 0xf6, 0x00, 0x23, 0x8c, 0x00, 0x62, 0xc0, 0x0b, 0xd5, 0x08, 0x0e,
  0x8a, 0x70, 0x19, 0x00, 0x07, 0x30, 0x01, 0xff, 0xd9, 0x10, 0x17, 0x00,
  0x40, 0xd8, 0x01, 0xfb, 0x02, 0xbf, 0xe4, 0x9a, 0xa9, 0x40, 0x09, 0xfe,
  0x0c, 0x78, 0x00, 0xc8, 0x02, 0x1c, 0xc0, 0x07, 0xff, 0x84, 0x40, 0x5c,
  0x02, 0x81, 0xb0, 0x09, 0xfb, 0x00, 0x2d, 0xf8, 0x00, 0x58, 0x5b, 0xa8,
  0x56, 0xa7, 0x28, 0x0a, 0x0e, 0x8c, 0x58, 0x10, 0x81, 0x00, 0xee, 0x63,
  0x4c, 0x00, 0x40, 0xe4, 0x01, 0x6c, 0x08, 0x00, 0x44, 0x01, 0xff, 0xce,
  0x10, 0x1b, 0x40, 0x05, 0x12, 0x10, 0x00, 0x0a, 0x0e, 0x8c, 0x58, 0x10,
  0x81, 0x00, 0xee, 0x63, 0x4c, 0x00, 0x42, 0xe4, 0x01, 0x64, 0x08, 0x00,
  0x44, 0x01, 0xff, 0xda, 0x12, 0x0f, 0x92, 0x60, 0x06, 0x10, 0x0e, 0x1b,
  0xfe, 0xe3, 0x00, 0x54, 0x86, 0xc3, 0x26, 0x00, 0x40, 0xc9, 0x70, 0x50,
  0x10, 0x10, 0x02, 0x82, 0x00, 0x71, 0x91, 0x40, 0x1c, 0x40, 0x4c, 0x01,
  0xc3, 0xa5, 0x2a, 0x01, 0xc5, 0xc1, 0xc0, 0x1a, 0xa3, 0xc0, 0x80, 0x24,
  0x57, 0x34, 0x81, 0xcc, 0x27, 0x73, 0xec, 0x40, 0x12, 0x0f, 0x92, 0x60,
  0x00, 0x59, 0xd8, 0x03, 0x1f, 0x4c, 0x4f, 0x18, 0x03, 0x42, 0x30, 0x87,
  0x41, 0x85, 0x5c, 0x8a, 0x15, 0xf0, 0xf0, 0x83, 0xb0, 0xc2, 0x01, 0x13,
  0x41, 0x01, 0x08, 0x02, 0x0d, 0x04, 0x04, 0x83, 0x5a, 0x40, 0x80, 0xb0,
  0x18, 0x94, 0x64, 0x2d, 0x10, 0x07, 0x38, 0x2a, 0x61, 0x6c, 0x2c, 0x4d,
  0x40, 0x14, 0xff, 0x7c, 0x80, 0x00, 0x0a, 0x00, 0x0a, 0x58, 0x04, 0x44,
  0x00, 0x16, 0xe0, 0xce, 0x00, 0x0d, 0x84, 0x00, 0x5f, 0xa0, 0x1f, 0xfd,
  0x40, 0x12, 0x0f, 0x90, 0x60, 0x07, 0xe2, 0xff, 0xf3, 0x9a, 0xac, 0x80,
  0x02, 0x1a, 0xa5, 0xb0, 0x4a, 0x80, 0x0b, 0xca, 0x98, 0x02, 0x51, 0x0b,
  0x90, 0x09, 0xb7, 0x15, 0xa5, 0x18, 0x08, 0xe4, 0x13, 0x66, 0x40, 0x06,
  0x00, 0x58, 0x3d, 0x4d, 0x85, 0x15, 0x92, 0xb0, 0xc3, 0x82, 0x6f, 0x74,
  0xe0, 0x12, 0x00, 0x12, 0x58, 0x07, 0x19, 0x00, 0x79, 0xf2, 0x00, 0x38,
  0xe0, 0xa8, 0x03, 0xb8, 0x38, 0x03, 0xa4, 0x9c, 0x54, 0xc0, 0x08, 0xc7,
  0x09, 0x54, 0x01, 0xa0, 0xe0, 0x0e, 0x61, 0x0f, 0xd8, 0x07, 0xc1, 0x22,
  0x00, 0x73, 0xb6, 0xee, 0x80, 0x7b, 0x00, 0xfe, 0x10, 0x0f, 0x90, 0x60,
  0x06, 0x22, 0x00, 0x73, 0xef, 0x00, 0x62, 0x80, 0xe0, 0x0d, 0xe1, 0x24,
  0x01, 0x41, 0x0f, 0xb8, 0x81, 0x38, 0x0b, 0x47, 0x8d, 0x02, 0xff, 0x94,
  0x64, 0xc3, 0x80, 0x1c, 0x06, 0x40, 0x60, 0x03, 0x01, 0xa0, 0x89, 0x94,
  0x04, 0x9d, 0x93, 0x30, 0xa8, 0xc1, 0x37, 0xb9, 0xaa, 0x00, 0x10, 0x00,
  0x10, 0x58, 0x00, 0xdd, 0xc6, 0x01, 0x56, 0x44, 0x32, 0x41, 0x54, 0x57,
  0x62, 0x66, 0x78, 0x42, 0x22, 0x03, 0x44, 0x03, 0x08, 0x03, 0x02, 0x48,
  0x90, 0x18, 0xe6, 0x6d, 0xd1, 0x8b, 0x06, 0x5c, 0x88, 0x40, 0x80, 0x10,
  0x44, 0x8c, 0x01, 0x1c, 0x0d, 0x00, 0x6e, 0x0b, 0x10, 0x00, 0x12, 0x0f,
  0x92, 0x60, 0x00, 0x59, 0xd0, 0x03, 0x27, 0x4c, 0x5d, 0x80, 0x03, 0x41,
  0x38, 0x69, 0x00, 0xe2, 0xac, 0x7c, 0x0c, 0x1e, 0x18, 0x00, 0x22, 0x09,
  0x10, 0x08, 0x02, 0x10, 0x11, 0x00, 0x80, 0x42, 0x02, 0x40, 0x40, 0x11,
  0x81, 0xe0, 0x50, 0x01, 0x44, 0xc5, 0x0c, 0xb2, 0xa8, 0x10, 0x00, 0xd4,
  0x35, 0x1a, 0x40, 0x00, 0xdf, 0xf7, 0x14, 0x00, 0x12, 0x10, 0x10, 0x58,
  0x04, 0x44, 0x00, 0xc7, 0xba, 0xc0, 0x09, 0x70, 0x80, 0x38, 0x97, 0x40,
  0x39, 0xe8, 0xc0, 0x3f, 0xfb, 0x2d, 0x74, 0x03, 0x76, 0x1f, 0x44, 0x00,
  0x11, 0x00, 0x12, 0x00, 0x12, 0x58, 0x00, 0x5a, 0x18, 0x40, 0x23, 0xf9,
  0x79, 0xe4, 0x00, 0x78, 0xbe, 0xc0, 0x50, 0x09, 0x8c, 0x13, 0x90, 0x8d,
  0xb8, 0x01, 0x10, 0x08, 0x11, 0x00, 0x14, 0x0c, 0x01, 0xd6, 0xa7, 0x20,
  0x10, 0xe2, 0x23, 0x00, 0x22, 0xc3, 0x6b, 0x00, 0x87, 0x08, 0x0a, 0xee,
  0x20, 0x10, 0x02, 0x26, 0x10, 0x12, 0x0f, 0x92, 0x60, 0x04, 0x8c, 0xa2,
  0x01, 0x16, 0xdc, 0xd7, 0x28, 0x03, 0x89, 0xb6, 0x42, 0x80, 0x23, 0x92,
  0x63, 0x02, 0x0c, 0xc0, 0x00, 0xcc, 0x44, 0x00, 0x9f, 0xf0, 0xfc, 0x03,
  0x1b, 0x19, 0xb8, 0x05, 0x91, 0x13, 0x88, 0x6c, 0x13, 0x40, 0x1c, 0x22,
  0x41, 0xd8, 0xb4, 0x05, 0x0b, 0x62, 0x74, 0x3c, 0x20, 0x04, 0xff, 0x7e,
  0x18, 0x00, 0x12, 0x00, 0x12, 0x58, 0x07, 0x22, 0x90, 0x07, 0x45, 0xd5,
  0x80, 0x64, 0x70, 0x0f, 0x0d, 0x0c, 0x00, 0x75, 0x8d, 0x88, 0x06, 0x65,
  0x58, 0x03, 0x14, 0x8d, 0x00, 0x72, 0x80, 0xff, 0xa4, 0x1b, 0x89, 0x13,
  0x18, 0x12, 0x2d, 0xde, 0xa0, 0x4a, 0x00, 0xe3, 0x11, 0x00, 0x12, 0x0f,
  0x92, 0x60, 0x07, 0xfb, 0x7f, 0xfa, 0x80, 0x06, 0x0a, 0xbb, 0x00, 0x35,
  0x56, 0x60, 0x00, 0x89, 0xf7, 0x1c, 0x03, 0x0c, 0x31, 0xc4, 0x00, 0x46,
  0xeb, 0xd0, 0x71, 0x17, 0x70, 0x40, 0x8c, 0x08, 0x9f, 0xc0, 0x11, 0x01,
  0x10, 0xc7, 0x23, 0x45, 0x44, 0x35, 0x4d, 0xc9, 0xa8, 0x00, 0x35, 0xfd,
  0xf2, 0x00, 0x12, 0x0f, 0x92, 0x60, 0x04, 0x6c, 0xc2, 0x00, 0xd3, 0x93,
  0x2d, 0x90, 0x03, 0x30, 0xf2, 0xc9, 0x94, 0x2c, 0x34, 0xd3, 0x9c, 0x04,
  0x8c, 0xa6, 0x92, 0x54, 0x80, 0xb1, 0x96, 0x30, 0x40, 0x02, 0xff, 0xe4,
  0x29, 0x20, 0x04, 0x00, 0x3c, 0x0c, 0x48, 0x10, 0x01, 0x80, 0x21, 0x01,
  0x73, 0x4e, 0x12, 0x0b, 0x22, 0xca, 0x56, 0x60, 0x06, 0xee, 0xb5, 0x00,
  0x12, 0x0f, 0x92, 0x60, 0x07, 0xfb, 0xff, 0xe1, 0x04, 0x4e, 0x00, 0x08,
  0x5d, 0xec, 0x05, 0x00, 0xf4, 0x84, 0x00, 0x73, 0x8a, 0x90, 0x07, 0x48,
  0x40, 0x07, 0x38, 0xa9, 0x00, 0x74, 0x84, 0x00, 0x74, 0x0b, 0x10, 0x06,
  0x17, 0x0b, 0x00, 0xe1, 0xde, 0x20, 0x0c, 0x12, 0x0f, 0x92, 0x60, 0x04,
  0x8c, 0x80, 0x18, 0xfa, 0xe6, 0xf8, 0xc0, 0x1e, 0x2f, 0xae, 0x3c, 0x00,
  0x30, 0x82, 0x80, 0x20, 0x02, 0x83, 0x83, 0x02, 0x00, 0x29, 0xa3, 0xe5,
  0x6c, 0x01, 0x0c, 0x4c, 0x4b, 0x20, 0x6e, 0x3b, 0x3a, 0x2c, 0x6e, 0x06,
  0x01, 0x18, 0x32, 0x09, 0x5b, 0xd1, 0x02, 0x06, 0x22, 0x21, 0x4f, 0x04,
  0x0a, 0xff, 0xbf, 0x0c, 0x00, 0x12, 0x0f, 0x92, 0x60, 0x04, 0xae, 0xc2,
  0x01, 0x1f, 0x54, 0x4f, 0x28, 0x03, 0x85, 0xb2, 0x02, 0x84, 0x88, 0x32,
  0x6e, 0xa0, 0xc0, 0x03, 0x00, 0xed, 0x21, 0x27, 0x15, 0x50, 0x08, 0x50,
  0x47, 0x51, 0x00, 0x82, 0x74, 0xbd, 0xd8, 0x34, 0x32, 0x9a, 0x12, 0x81,
  0x01, 0xd3, 0x23, 0x0d, 0x4c, 0x2d, 0x8d, 0xcd, 0xa8, 0x02, 0x9f, 0xef,
  0x90, 0x00, 0x12, 0x0f, 0x92, 0x60, 0x00, 0x59, 0xd0, 0x03, 0x27, 0x4c,
  0x5d, 0x80, 0x03, 0x41, 0x38, 0x29, 0x00, 0xe2, 0xac, 0x01, 0x30, 0x78,
  0x60, 0x4c, 0x88, 0x48, 0x80, 0x44, 0x47, 0x10, 0x11, 0x00, 0xc4, 0x80,
  0x80, 0x90, 0x7a, 0x38, 0x18, 0x1e, 0x02, 0xb0, 0x28, 0x98, 0xa1, 0x82,
  0x55, 0x02, 0x00, 0x1a, 0x86, 0xa3, 0x48, 0x00, 0x1b, 0xfe, 0xe2, 0x80,
  0x00, 0x12, 0x10, 0x10, 0x58, 0x04, 0x44, 0x00, 0xe1, 0xdc, 0x00, 0x86,
  0x7c, 0x03, 0x8d, 0x84, 0x03, 0x8b, 0xf8, 0x03, 0xff, 0xb2, 0xb7, 0x40,
  0x37, 0x61, 0xd4, 0x40, 0x01, 0x10, 0x60, 0x12, 0x0f, 0x92, 0x60, 0x07,
  0xfa, 0xbf, 0xfb, 0x00, 0x18, 0xab, 0x00, 0x18, 0x00, 0xd5, 0x42, 0x04,
  0xa0, 0x0d, 0x2e, 0xb6, 0x01, 0xcc, 0x09, 0x64, 0x01, 0xb7, 0x52, 0x98,
  0x02, 0xc8, 0x44, 0x72, 0x13, 0x09, 0xa0, 0x08, 0xc0, 0x44, 0xa3, 0xb1,
  0xa2, 0x64, 0x14, 0xc4, 0xe4, 0xba, 0x01, 0x4f, 0xf7, 0xd0, 0x80, 0x12,
  0x00, 0x12, 0x58, 0x07, 0x11, 0x00, 0x3c, 0xfb, 0x00, 0x1c, 0x70, 0x54,
  0x01, 0xdc, 0x1c, 0x01, 0xd2, 0x4e, 0x2a, 0x60, 0x04, 0x63, 0x84, 0xaa,
  0x00, 0xd0, 0x70, 0x07, 0x30, 0x87, 0xec, 0x03, 0xe0, 0x91, 0x00, 0x39,
  0xdb, 0x77, 0x40, 0x3d, 0x80, 0x7f, 0x00, 0x12, 0x0f, 0x92, 0x60, 0x06,
  0x12, 0x10, 0x0e, 0x1f, 0xd5, 0x00, 0xeb, 0x16, 0x40, 0x0c, 0xaa, 0x29,
  0x00, 0xc3, 0x60, 0xd0, 0x60, 0x14, 0x08, 0x2b, 0xe3, 0x80, 0x18, 0x33,
  0xb0, 0x20, 0x0c, 0x0c, 0xc0, 0x66, 0x03, 0x20, 0x20, 0x08, 0x80, 0x85,
  0x47, 0x63, 0x45, 0x04, 0x29, 0x89, 0xc9, 0x6c, 0x02, 0x9f, 0xef, 0xa0,
  0x00, 0x12, 0x00, 0x12, 0x58, 0x00, 0x55, 0xd4, 0x03, 0x1f, 0xd4, 0x57,
  0x18, 0x03, 0x85, 0xf1, 0xc7, 0x80, 0x8a, 0x83, 0x82, 0x28, 0x40, 0x3f,
  0x18, 0x93, 0x0b, 0x10, 0x90, 0x58, 0x4f, 0x48, 0x48, 0x01, 0x7a, 0x54,
  0x09, 0xc0, 0x21, 0x74, 0x0e, 0x00, 0xea, 0x17, 0x30, 0x0c, 0xc8, 0x50,
  0x01, 0x00, 0x0a, 0x0f, 0x0a, 0x70, 0x02, 0x28, 0x80, 0x9d, 0x08, 0x14,
  0x18, 0x01, 0x81, 0x80, 0x04, 0x05, 0x00, 0xc2, 0x04, 0x02, 0x01, 0xf1,
  0x80, 0x80, 0x04, 0x40, 0x40, 0x04, 0x04, 0x00, 0x78, 0x68, 0x01, 0x49,
  0x08, 0x01, 0xbe, 0x40, 0x0a, 0x0f, 0x08, 0x73, 0x52, 0x01, 0x2c, 0x02,
  0x09, 0x90, 0x28, 0x38, 0x60, 0x60, 0x10, 0x10, 0x30, 0x38, 0x07, 0x30,
  0x38, 0x68, 0x18, 0x20, 0x60, 0x98, 0xa3, 0x03, 0x03, 0xfc, 0x00, 0x0a,
  0x0f, 0x0a, 0x70, 0x44, 0x42, 0x27, 0x78, 0x80, 0x03, 0xe6, 0x01, 0xff,
  0xde, 0x18, 0x10, 0x09, 0xc8, 0x7f, 0xe3, 0x0a, 0x0f, 0x08, 0x71, 0xc4,
  0x1d, 0x9d, 0xd2, 0xba, 0x01, 0x18, 0x07, 0xff, 0x48, 0xe0, 0x00, 0xcc,
  0x00, 0x2f, 0xfb, 0x80, 0x0c, 0x0f, 0x0c, 0x70, 0x04, 0x4c, 0x60, 0x05,
  0xd9, 0x40, 0x04, 0x84, 0x38, 0x00, 0x41, 0x80, 0x23, 0x00, 0xc6, 0x20,
  0x20, 0xd8, 0x34, 0x00, 0x30, 0x1d, 0x00, 0x2f, 0x03, 0x80, 0x42, 0x20,
  0x10, 0x08, 0xc0, 0x39, 0x82, 0x8c, 0x01, 0x04, 0x88, 0x00, 0x1e, 0xf3,
  0x80, 0x0c, 0x0f, 0x0c, 0x71, 0xa9, 0x00, 0x49, 0x5a, 0xa0, 0x07, 0x80,
  0x90, 0x09, 0x80, 0x40, 0x38, 0xc0, 0x21, 0x01, 0x30, 0x0a, 0x47, 0x18,
  0x01, 0xc2, 0x06, 0x00, 0x70, 0xe5, 0x01, 0x01, 0x10, 0x06, 0x30, 0x01,
  0xd0, 0x30, 0x01, 0x10, 0x50, 0x00, 0x7f, 0xd3, 0x00, 0x00, 0x1c, 0x0f,
  0x1c, 0x70, 0x06, 0x37, 0x99, 0x42, 0x00, 0x78, 0x6f, 0x21, 0x98, 0xf7,
  0xa6, 0x01, 0x0f, 0xa3, 0x67, 0xfb, 0xa4, 0xb1, 0x00, 0x14, 0x33, 0x20,
  0x75, 0x30, 0xc0, 0xa0, 0x24, 0x43, 0x46, 0x45, 0x6c, 0x94, 0x0a, 0xa0,
  0x71, 0x3a, 0x77, 0x08, 0x00, 0xa1, 0xbc, 0x0c, 0xe1, 0xe2, 0x25, 0x00,
  0x18, 0x10, 0x07, 0x08, 0x07, 0x18, 0x17, 0x02, 0xa0, 0x42, 0x2b, 0x01,
  0x58, 0x6b, 0x85, 0x0c, 0x95, 0xd2, 0x86, 0x32, 0x28, 0xb1, 0xc3, 0x6d,
  0x5d, 0xb6, 0x6a, 0xc0, 0x12, 0x6f, 0x88, 0xcc, 0x45, 0x45, 0x00, 0xd8,
  0xe7, 0x39, 0xb7, 0x0a, 0x01, 0xe8, 0xfb, 0x98, 0xad, 0x70, 0x08, 0x0c,
  0x02, 0x0c, 0x10, 0xff, 0xe8, 0x15, 0x5d, 0xa0, 0x0e, 0x02, 0x0e, 0x17,
  0xff, 0xca, 0xbf, 0x00, 0x12, 0x02, 0x12, 0x18, 0x07, 0xf2, 0xff, 0xfd,
  0xac, 0xdf, 0xa8, 0x1c, 0x02, 0x1c, 0x17, 0xff, 0xff, 0x09, 0x57, 0xff,
  0x84, 0x0c, 0x01, 0x0c, 0x30, 0x00, 0xcc, 0x01, 0x4e, 0x62, 0x40, 0x58,
  0x00, 0xc2, 0x01, 0xe1, 0x90, 0x04, 0x88, 0x37, 0xf9, 0x80, 0x0c, 0x01,
  0x0c, 0x30, 0x00, 0x88, 0x01, 0x46, 0xea, 0x00, 0x5f, 0xb8, 0xe2, 0x00,
  0x22, 0x00, 0x06, 0x73, 0x12, 0x20, 0xdf, 0xe6, 0x00, 0x0c, 0x12, 0x08,
  0x17, 0x7f, 0xb9, 0x15, 0x48, 0x0c, 0x11, 0x0a, 0x30, 0x80, 0x66, 0xc2,
  0x00, 0x8f, 0x60, 0x02, 0x1d, 0x01, 0x6e, 0x50, 0x69, 0x00, 0x80, 0x10,
  0x01, 0x10, 0x30, 0x0d, 0xff, 0xe1, 0x0a, 0x40, 0x86, 0x00, 0x90, 0x02,
  0x10, 0x0f, 0xf9, 0x00, 0x1e, 0x20, 0x15, 0x28, 0xbb, 0x00, 0x00, 0x10,
  0x01, 0x10, 0x30, 0x7f, 0xec, 0x40, 0x09, 0x74, 0x0e, 0xc4, 0x00, 0x66,
  0x00, 0x90, 0x03, 0xfc, 0x64, 0x01, 0x20, 0x01, 0x70, 0x4f, 0x04, 0x06,
  0x00, 0x86, 0x40, 0x31, 0x34, 0xf2, 0x1d, 0x96, 0x38, 0x04, 0x58, 0xe8,
  0x76, 0xd3, 0xc0, 0x08, 0x0e, 0x86, 0x28, 0x5d, 0x0a, 0x01, 0x06, 0x28,
  0x3b, 0x78, 0x80, 0x08, 0x0f, 0x88, 0x20, 0x08, 0x00, 0xbb, 0x80, 0x60,
  0x60, 0x3f, 0xa0, 0x08, 0x0f, 0x88, 0x40, 0xed, 0x81, 0x92, 0x01, 0x66,
  0x80, 0x0c, 0x80, 0x02, 0x00, 0x2e, 0xe0, 0x18, 0x18, 0x0f, 0xe8, 0x00,
  0x08, 0x0e, 0x88, 0x50, 0x66, 0x00, 0x4c, 0xc2, 0x2c, 0xd1, 0x03, 0x20,
  0x0f, 0x5d, 0x00, 0xa0, 0x00, 0x83, 0x01, 0x41, 0xc1, 0xbc, 0x40, 0x12,
  0x10, 0x8e, 0x48, 0x07, 0xff, 0x01, 0xb0, 0x00, 0x2f, 0xd2, 0x65, 0x3d,
  0x00, 0xfd, 0xac, 0x75, 0xd0, 0x22, 0x02, 0xd1, 0x00, 0x74, 0x9b, 0xf5,
  0x20, 0x36, 0xda, 0x2d, 0x80, 0x49, 0x78, 0xc0, 0x12, 0x10, 0x90, 0x48,
  0x07, 0xea, 0x70, 0x0f, 0x34, 0x7c, 0x10, 0x05, 0xb0, 0x4f, 0xb4, 0x60,
  0x2f, 0xb6, 0xaa, 0xc2, 0x00, 0x09, 0x38, 0x00, 0xcd, 0x3d, 0x27, 0x1c,
  0x3e, 0xc5, 0x3c, 0xe2, 0x09, 0x7a, 0xc0, 0x18, 0x12, 0x10, 0x90, 0x40,
  0x06, 0x49, 0xd0, 0x27, 0xbf, 0xb6, 0x60, 0x64, 0x2c, 0x67, 0xd8, 0x20,
  0x0c, 0x41, 0xcc, 0x2b, 0xed, 0xdd, 0x18, 0x01, 0x24, 0x67, 0x50, 0x6f,
  0xfe, 0xea, 0x04, 0x55, 0xf0, 0x00, 0x12, 0x10, 0x90, 0x46, 0x4a, 0x88,
  0x06, 0x67, 0xae, 0xc7, 0x30, 0xae, 0xc8, 0x18, 0xc0, 0x26, 0x99, 0x10,
  0x20, 0x64, 0xbb, 0xaf, 0xec, 0x2f, 0x75, 0x28, 0x01, 0x46, 0xff, 0xf0,
  0x22, 0xaf, 0x80, 0x12, 0x11, 0x0e, 0x34, 0x55, 0x79, 0x57, 0xed, 0xff,
  0xf0, 0x8f, 0xd9, 0xdd, 0xea, 0x66, 0xf0, 0x12, 0x10, 0x0e, 0x50, 0x07,
  0x08, 0x07, 0x6d, 0x04, 0x55, 0x2c, 0x9e, 0x95, 0x64, 0x03, 0x5d, 0xfe,
  0x06, 0xff, 0x08, 0x9c, 0x30, 0x45, 0x9d, 0x21, 0x5d, 0xca, 0x40, 0x46,
  0x69, 0xcc, 0x2a, 0x66, 0x08, 0xf1, 0x00, 0x80, 0x12, 0x10, 0x90, 0x40,
  0x00, 0xf1, 0x40, 0x39, 0xcc, 0x80, 0x30, 0x80, 0x42, 0x20, 0xee, 0x58,
  0x47, 0x70, 0x59, 0x8a, 0x06, 0xcc, 0x18, 0x9e, 0x0b, 0x99, 0x00, 0x7f,
  0xcb, 0x6c, 0x01, 0x00, 0x12, 0x12, 0x10, 0x16, 0xff, 0xf8, 0x1c, 0xcf,
  0xc0, 0x12, 0x10, 0x90, 0x40, 0xa8, 0x04, 0x84, 0x15, 0x46, 0x04, 0xbc,
  0x09, 0x19, 0x95, 0x85, 0x01, 0x60, 0xb0, 0x5a, 0x00, 0x18, 0x40, 0x04,
  0x00, 0x4b, 0x09, 0x19, 0x60, 0xe0, 0xb6, 0xc1, 0xb0, 0xac, 0x40, 0x2c,
  0xc0, 0x00, 0x12, 0x10, 0x90, 0x48, 0x07, 0xf9, 0x3d, 0xc0, 0x38, 0xc3,
  0x80, 0x39, 0xee, 0x40, 0x2c, 0xee, 0x57, 0x74, 0x0c, 0x45, 0xe0, 0xac,
  0xc5, 0x6e, 0x60, 0x02, 0x89, 0xb0, 0x0e, 0xb3, 0xf0, 0x08, 0x12, 0x10,
  0x90, 0x40, 0x00, 0xf5, 0x40, 0x30, 0xb1, 0x10, 0x44, 0x1d, 0xca, 0x08,
  0xee, 0x04, 0xba, 0x82, 0x3b, 0x81, 0xe3, 0x83, 0x22, 0x00, 0x12, 0xdb,
  0x00, 0x5d, 0xfd, 0x7d, 0xfe, 0x07, 0x55, 0xf0, 0x00, 0x12, 0x01, 0x12,
  0x38, 0x00, 0x44, 0x01, 0xe6, 0xee, 0x48, 0x3f, 0x90, 0x48, 0xb3, 0x3e,
  0x04, 0x81, 0xea, 0x75, 0x97, 0x00, 0x19, 0x3a, 0xf3, 0xfc, 0x41, 0x44,
  0x35, 0x96, 0x64, 0x0b, 0x39, 0x42, 0x14, 0x00, 0x12, 0x01, 0x92, 0x20,
  0x01, 0x98, 0x20, 0x28, 0x00, 0xa9, 0x97, 0xa4, 0x59, 0x02, 0xa5, 0x9d,
  0xb1, 0x90, 0x65, 0x26, 0xcc, 0x68, 0x00, 0x12, 0x10, 0x90, 0x40, 0x00,
  0x71, 0x40, 0x22, 0x60, 0x32, 0x36, 0x0a, 0x9d, 0x0a, 0xcb, 0x08, 0xa3,
  0x02, 0x6d, 0x05, 0xb0, 0x09, 0xa4, 0x00, 0x58, 0x10, 0xc4, 0x0b, 0x84,
  0x00, 0x9b, 0x00, 0x87, 0x58, 0x02, 0x06, 0x02, 0x84, 0x41, 0xb2, 0xd2,
  0xd5, 0xc0, 0x07, 0xe0, 0x0a, 0x02, 0x8c, 0x31, 0xb1, 0xb9, 0x05, 0xc7,
  0xce, 0x00, 0x07, 0x2c, 0x48, 0x04, 0x04, 0x04, 0x03, 0xfe, 0x10, 0x06,
  0x02, 0x86, 0x40, 0x08, 0x37, 0x60, 0x03, 0x80, 0x06, 0x01, 0xf8, 0x80,
  0x1e, 0x06, 0x02, 0x86, 0x40, 0x08, 0x57, 0x4d, 0x08, 0x07, 0xf8, 0x40,
  0x16, 0x20, 0x0c, 0x0e, 0x8c, 0x39, 0x30, 0x06, 0x59, 0x00, 0xf5, 0x62,
  0x80, 0x44, 0x14, 0x01, 0x4d, 0x80, 0x80, 0x3e, 0x0c, 0x5b, 0x31, 0x78,
  0x00, 0x0a, 0x0e, 0x8a, 0x28, 0x4e, 0xd0, 0xbb, 0x53, 0x47, 0x03, 0xce,
  0x50, 0x7d, 0x19, 0xba, 0xf5, 0x80, 0x0c, 0x0e, 0x8a, 0x38, 0x04, 0x6c,
  0x01, 0x5c, 0x85, 0x62, 0x03, 0xad, 0x88, 0x70, 0x3a, 0x06, 0x87, 0xb0,
  0x26, 0xde, 0xe0, 0x08, 0x0e, 0x88, 0x38, 0x2c, 0x90, 0xd2, 0x86, 0x01,
  0x8c, 0x83, 0x9b, 0x07, 0x00, 0x71, 0x5b, 0x80, 0x0c, 0x0e, 0x0a, 0x30,
  0x56, 0x4d, 0xba, 0xd2, 0x23, 0x81, 0xdc, 0x14, 0x1c, 0x80, 0x2f, 0x4a,
  0x24, 0x4b, 0x6a, 0x0c, 0x0e, 0x0a, 0x30, 0x45, 0x45, 0x3b, 0x8d, 0x97,
  0x82, 0x5c, 0x30, 0x35, 0x81, 0x6e, 0xcc, 0x00, 0x46, 0x11, 0x00, 0x10,
  0x0e, 0x90, 0x2d, 0x68, 0x74, 0x2f, 0x9f, 0x93, 0x8a, 0xf9, 0x1a, 0x84,
  0xa9, 0x22, 0x80, 0x14, 0x65, 0x06, 0xc0, 0x15, 0xc7, 0x7c, 0x60, 0x0a,
  0x0e, 0x0c, 0x33, 0xc8, 0x34, 0x81, 0x31, 0x40, 0x82, 0x8f, 0x0d, 0x00,
  0x18, 0xd0, 0x80, 0x1c, 0x1c, 0x00, 0x49, 0x55, 0x00, 0x00, 0x0a, 0x0e,
  0x8a, 0x2c, 0xff, 0xc3, 0x74, 0x28, 0x27, 0x0b, 0x61, 0x64, 0x9e, 0x57,
  0x99, 0x10, 0x06, 0x0e, 0x06, 0x43, 0x7e, 0x00, 0x3c, 0x00, 0x40, 0x1f,
  0xf6, 0xbe, 0x70, 0x06, 0x0e, 0x06, 0x44, 0xfc, 0xc0, 0x80, 0x80, 0x7f,
  0xd2, 0x21, 0x79, 0x00, 0x0a, 0x0f, 0x8c, 0x38, 0x36, 0x59, 0x01, 0xcd,
  0x0f, 0x82, 0x13, 0x41, 0x10, 0x04, 0x0c, 0x00, 0x66, 0x26, 0x12, 0x46,
  0xd8, 0xb0, 0x04, 0xff, 0x94, 0x00, 0x06, 0x00, 0x06, 0x30, 0x44, 0xd2,
  0xbc, 0x58, 0x10, 0x07, 0xe0, 0x0a, 0x00, 0x0a, 0x30, 0x46, 0xd0, 0xab,
  0xc3, 0xc2, 0x6a, 0x88, 0x09, 0x58, 0xc0, 0xe3, 0x78, 0x31, 0x96, 0xd0,
  0x0a, 0x0f, 0x8a, 0x38, 0x46, 0xd0, 0xab, 0x4b, 0x5a, 0xf3, 0x01, 0x80,
  0x3c, 0xf1, 0x6f, 0x5a, 0xd1, 0xbd, 0xa0, 0x77, 0xfc, 0xc0, 0x0c, 0x0f,
  0x8c, 0x38, 0x01, 0x20, 0xc0, 0x03, 0x4e, 0xa0, 0x0a, 0x71, 0x00, 0x32,
  0xd8, 0x08, 0x60, 0xe8, 0xc0, 0xd7, 0xf8, 0x64, 0x40, 0x2f, 0x60, 0x0a,
  0x0f, 0x8a, 0x3b, 0x55, 0x45, 0xed, 0x98, 0x33, 0x0d, 0x78, 0xea, 0x7b,
  0x3f, 0x81, 0x08, 0x5b, 0xf1, 0x31, 0xf7, 0xe0, 0x80, 0x0a, 0x0f, 0x8a,
  0x38, 0x35, 0xc0, 0x2c, 0x72, 0xc7, 0x94, 0xb4, 0x89, 0x7b, 0xd9, 0x9c,
  0xe1, 0x23, 0xeb, 0x23, 0x9f, 0xc6, 0x0a, 0x00, 0x0a, 0x36, 0x77, 0x45,
  0xf4, 0xe2, 0x46, 0x88, 0x70, 0x02, 0x94, 0x80, 0x21, 0xc4, 0x0c, 0x64,
  0x00, 0x0a, 0x0f, 0x8a, 0x38, 0x4e, 0x48, 0x33, 0x21, 0xdc, 0x40, 0x11,
  0x2a, 0x51, 0xbc, 0x2f, 0x0c, 0xd0, 0x79, 0x79, 0xf7, 0x48, 0x0a, 0x0f,
  0x8a, 0x38, 0x46, 0xd0, 0xb3, 0xcb, 0x58, 0x89, 0x1d, 0x18, 0xfd, 0x80,
  0x93, 0x91, 0x04, 0xbc, 0x90, 0x39, 0xfa, 0x40, 0x0a, 0x00, 0x0a, 0x28,
  0x02, 0x58, 0x00, 0xe9, 0xac, 0x1c, 0x0f, 0xc1, 0x2f, 0x70, 0x00, 0xa7,
  0x00, 0x0a, 0x01, 0x0a, 0x10, 0x11, 0x61, 0xdd, 0xbc, 0x0a, 0x00, 0x8a,
  0x20, 0x07, 0x0f, 0xfd, 0xa3, 0x99, 0x70, 0xe6, 0x5e, 0x06, 0x0f, 0x86,
  0x40, 0x11, 0x03, 0x14, 0xc5, 0x58, 0x08, 0xc0, 0x04, 0x00, 0x50, 0x41,
  0x72, 0x06, 0x0f, 0x86, 0x41, 0x10, 0x17, 0x01, 0x44, 0xc8, 0x14, 0x03,
  0x89, 0x01, 0x49, 0xc4, 0x0a, 0x02, 0x0c, 0x38, 0x00, 0x84, 0x02, 0xbd,
  0xe6, 0x05, 0x4e, 0xa9, 0x0d, 0x31, 0x40, 0x2f, 0x10, 0x30, 0x02, 0x93,
  0xc9, 0x15, 0x78, 0x3e, 0x00, 0x06, 0x02, 0x06, 0x38, 0x04, 0x9d, 0xcc,
  0x40, 0x8c, 0x00, 0xfc, 0xac, 0x0a, 0x02, 0x0a, 0x38, 0x00, 0xc4, 0x07,
  0xb7, 0x91, 0xcb, 0x93, 0x9b, 0x11, 0x78, 0x1e, 0xa8, 0x8d, 0x01, 0x32,
  0x7b, 0xa9, 0xb0, 0x0a, 0x02, 0x0a, 0x38, 0x00, 0x80, 0x03, 0xba, 0xf5,
  0x24, 0xf5, 0xe3, 0x9e, 0x5f, 0x24, 0xf5, 0x97, 0xb4, 0x61, 0x58, 0x96,
  0xe0, 0x0c, 0x02, 0x0c, 0x38, 0x00, 0x98, 0x80, 0x2f, 0x94, 0x00, 0x4b,
  0x88, 0x01, 0x1e, 0xc0, 0x2e, 0x1e, 0x19, 0x1b, 0xee, 0x0c, 0x08, 0xed,
  0x60, 0x0a, 0x02, 0x0a, 0x34, 0xff, 0xc6, 0x64, 0xcd, 0x31, 0x4d, 0xf1,
  0x9d, 0xe3, 0x9b, 0xf5, 0x1e, 0x84, 0xe8, 0x60, 0x0a, 0x02, 0x0a, 0x38,
  0x00, 0x80, 0x03, 0xb9, 0xc7, 0x2d, 0xf0, 0xc6, 0xbf, 0x22, 0x05, 0xc9,
  0xfa, 0x4a, 0xc4, 0xd3, 0xc9, 0x20, 0x0a, 0x02, 0x0a, 0x39, 0x19, 0xc1,
  0xf9, 0x91, 0x6f, 0xb9, 0x10, 0x05, 0xe0, 0x01, 0x24, 0xa0, 0x2f, 0x00,
  0x03, 0x85, 0x00, 0x00, 0x0a, 0x02, 0x0a, 0x38, 0x00, 0x40, 0x05, 0xdd,
  0x1a, 0x0f, 0x82, 0x31, 0xf9, 0xb3, 0x96, 0x04, 0x78, 0x38, 0x1c, 0x3f,
  0xa5, 0x80, 0x0a, 0x02, 0x0a, 0x38, 0x00, 0x80, 0x03, 0xd9, 0xe6, 0xc1,
  0xcb, 0xe2, 0x24, 0x72, 0x67, 0x87, 0x35, 0x54, 0xb2, 0xaa, 0xb9, 0x20,
  0x0c, 0x04, 0x0c, 0x18, 0x18, 0x00, 0x84, 0x58, 0xcb, 0xa4, 0x37, 0x51,
  0x26, 0x07, 0xf0, 0x0c, 0x40, 0x01, 0xd8, 0x02, 0x18, 0x80, 0x07, 0xe9,
  0xe0, 0x1e, 0x7a, 0x80, 0x05, 0xa9, 0xb0, 0x0a, 0x90, 0x07, 0xe3, 0x50,
  0x00, 0x06, 0x11, 0x84, 0x3b, 0x9c, 0x58, 0x07, 0xef, 0x80, 0x06, 0x01,
  0x08, 0x40, 0x2e, 0x80, 0x0c, 0x80, 0x3f, 0xf8, 0xa9, 0x42, 0x18, 0x14,
  0x00, 0x10, 0x13, 0x8c, 0x30, 0x04, 0x6e, 0x40, 0x17, 0x61, 0x00, 0x95,
  0x48, 0x27, 0x5a, 0x6d, 0x38, 0x08, 0x00, 0xcd, 0xf0, 0x7f, 0x20, 0x0c,
  0x0e, 0x0c, 0x1a, 0x7a, 0xd6, 0x8a, 0x45, 0x2f, 0x88, 0x3f, 0x79, 0x00,
  0x16, 0x0f, 0x98, 0x48, 0x01, 0x1d, 0x05, 0x4c, 0x03, 0xae, 0xd1, 0x7b,
  0x50, 0x01, 0x99, 0x06, 0xec, 0x20, 0x1e, 0xc0, 0x84, 0x44, 0x02, 0x66,
  0x80, 0x04, 0x08, 0x00, 0xc0, 0x01, 0x22, 0x01, 0x06, 0x00, 0x10, 0x13,
  0xc3, 0x52, 0x81, 0xea, 0x60, 0x00, 0x54, 0xae, 0x72, 0x2a, 0xee, 0x00,
  0x96, 0x8c, 0x1b, 0xba, 0x8f, 0xb0, 0x0c, 0x09, 0xf3, 0x8a, 0x28, 0xff,
  0xda, 0x39, 0x97, 0x81, 0x67, 0x10, 0x00, 0x44, 0x00, 0x1e, 0xc0, 0x10,
  0x13, 0x8c, 0x28, 0x5f, 0xfc, 0x61, 0x19, 0x8b, 0x34, 0xca, 0x0b, 0xa7,
  0x01, 0x00, 0x19, 0xbe, 0x0f, 0xe4, 0x10, 0x13, 0x8c, 0x30, 0x33, 0x00,
  0x31, 0x4a, 0x80, 0x4b, 0x40, 0x20, 0x9d, 0x83, 0xd4, 0xe0, 0x2e, 0x06,
  0x6f, 0x83, 0xf9, 0x10, 0x0f, 0x90, 0x40, 0x04, 0x20, 0x1d, 0x1f, 0xdc,
  0x70, 0x02, 0xb9, 0x18, 0xc3, 0x87, 0xbe, 0xe4, 0x84, 0x87, 0x48, 0x01,
  0x00, 0x41, 0x04, 0x06, 0x00, 0xc0, 0x2a, 0xe5, 0x0f, 0x00, 0x89, 0x1f,
  0x4c, 0x00, 0x0a, 0x04, 0x0c, 0x2a, 0x38, 0x2b, 0x04, 0x40, 0xee, 0x43,
  0xa8, 0xf6, 0xc0, 0x6f, 0xb7, 0x80, 0xa2, 0x2e, 0x00, 0x0e, 0x14, 0x0a,
  0x28, 0x00, 0x4c, 0x40, 0x17, 0xc0, 0x01, 0x17, 0x8b, 0x69, 0xd4, 0xec,
  0x8a, 0x50, 0x10, 0x13, 0x8c, 0x30, 0x29, 0x82, 0x90, 0x1e, 0xd4, 0x10,
  0x3c, 0x17, 0x02, 0x77, 0xde, 0x53, 0x80, 0x80, 0x0c, 0xdf, 0x07, 0xf2,
  0x10, 0x15, 0x0c, 0x30, 0x29, 0x02, 0x90, 0x1e, 0x54, 0x10, 0x34, 0x9f,
  0x82, 0x7f, 0xab, 0x64, 0x03, 0xc9, 0xf0, 0x7f, 0x20, 0x10, 0x15, 0x0c,
  0x28, 0x57, 0xfc, 0x61, 0x39, 0x8b, 0x34, 0xcb, 0x0b, 0x90, 0x0f, 0x27,
  0xc1, 0xfc, 0x80, 0x10, 0x15, 0x0c, 0x30, 0x04, 0x4c, 0x40, 0x17, 0xe9,
  0x00, 0x09, 0x68, 0x13, 0xea, 0xfa, 0x40, 0x3c, 0x9f, 0x07, 0xf2, 0x09,
  0xf3, 0x8a, 0x28, 0xff, 0xda, 0x39, 0x97, 0x81, 0x67, 0x10, 0x00, 0x44,
  0x00, 0x1e, 0xc0, 0x10, 0x15, 0x0c, 0x30, 0x2b, 0x00, 0x61, 0x94, 0x00,
  0x92, 0x88, 0x00, 0x9f, 0x8b, 0xf2, 0x00, 0x10, 0x09, 0x3e, 0x0f, 0xe4,
  0x0e, 0x14, 0x0a, 0x28, 0x00, 0x4c, 0x40, 0x17, 0xc0, 0x01, 0x17, 0x8b,
  0x69, 0xd4, 0xec, 0x8a, 0x50, 0x26, 0x0d, 0xa8, 0xa0, 0x07, 0x89, 0xa6,
  0xea, 0x10, 0x03, 0xfe, 0x2b, 0xd9, 0x64, 0x57, 0xbd, 0x50, 0x0f, 0xcb,
  0xa8, 0x4f, 0x7b, 0x92, 0x85, 0x54, 0x00, 0xf2, 0xd0, 0x46, 0xc2, 0x11,
  0xb5, 0xe1, 0x2d, 0x80, 0x62, 0xa0, 0xb7, 0x00, 0x23, 0xb1, 0x01, 0xe1,
  0xa4, 0x00, 0x52, 0x10, 0x80, 0x0b, 0xb4, 0x4e, 0xa8, 0x0e, 0x83, 0x90,
  0x12, 0x13, 0x80, 0x1d, 0x0b, 0x24, 0x28, 0x80, 0x60, 0x2c, 0x14, 0x28,
  0x02, 0x90, 0xf3, 0xf1, 0x0a, 0x00, 0x30, 0x38, 0x60, 0x28, 0x00, 0x84,
  0x88, 0x2f, 0x40, 0x60, 0x01, 0x31, 0x13, 0x81, 0x80, 0x04, 0x04, 0x22,
  0x58, 0x18, 0x02, 0x70, 0x20, 0x0e, 0x10, 0x00, 0xbb, 0x84, 0x04, 0x03,
  0xce, 0x04, 0x00, 0x30, 0x38, 0x90, 0x60, 0x60, 0x09, 0xc0, 0xb0, 0x10,
  0x00, 0x26, 0x0c, 0xc0, 0x90, 0xc0, 0x00, 0x98, 0x89, 0x42, 0x80, 0x28,
  0x00, 0x46, 0x19, 0x30, 0x02, 0x41, 0x80, 0x90, 0x9c, 0x00, 0x94, 0x2c,
  0x69, 0x80, 0x02, 0x70, 0xa0, 0x04, 0x84, 0x20, 0x01, 0x7b, 0x9f, 0x62,
  0x03, 0xe0, 0xe4, 0x00, 0x2a, 0x0b, 0x70, 0x08, 0x40, 0x23, 0xc2, 0x48,
  0x00, 0xcb, 0x41, 0x1d, 0x08, 0x68, 0xd7, 0x84, 0xb6, 0x01, 0xe5, 0xd5,
  0x17, 0xbc, 0xb9, 0x42, 0xaa, 0x00, 0x7e, 0x2a, 0xe9, 0x65, 0x68, 0xcd,
  0x50, 0x0e, 0x26, 0x0d, 0xa8, 0xa0, 0x07, 0x89, 0xa6, 0xea, 0x10, 0x03,
  0xfe, 0x2b, 0xd9, 0x64, 0x57, 0xbd, 0x50, 0x0f, 0xcb, 0xa8, 0x4f, 0x7b,
  0x92, 0x85, 0x54, 0x00, 0xf2, 0xd0, 0x46, 0xc2, 0x11, 0xb5, 0xe1, 0x2d,
  0x80, 0x62, 0xa0, 0xb7, 0x00, 0x88, 0x80, 0x03, 0xc3, 0x48, 0x00, 0xa4,
  0x21, 0x00, 0x36, 0x68, 0x04, 0x3a, 0x0e, 0x40, 0x48, 0x4e, 0x01, 0x4e,
  0x88, 0x07, 0x0c, 0x05, 0x82, 0x85, 0x00, 0x66, 0x20, 0x0f, 0x98, 0x1c,
  0x30, 0x14, 0x03, 0x7f, 0x80, 0x3e, 0x13, 0x11, 0x38, 0x18, 0x07, 0xff,
  0x09, 0xc0, 0x80, 0x3f, 0xf9, 0x0e, 0x04, 0x01, 0xff, 0xc2, 0x70, 0x2c,
  0x04, 0x00, 0xff, 0xe0, 0x89, 0x88, 0x94, 0x28, 0x03, 0xff, 0x83, 0x20,
  0xc0, 0x48, 0x4e, 0x01, 0xff, 0x13, 0x85, 0x00, 0x24, 0x21, 0x00, 0x37,
  0xf8, 0x02, 0x1f, 0x07, 0x20, 0x01, 0x50, 0x5b, 0x80, 0x7c, 0x78, 0x49,
  0x00, 0x19, 0x68, 0x23, 0xa1, 0x0d, 0x1a, 0xf0, 0x96, 0xc0, 0x3c, 0xba,
  0xa2, 0xf7, 0x97, 0x28, 0x55, 0x40, 0x0f, 0xc5, 0x5d, 0x2c, 0xad, 0x19,
  0xaa, 0x01, 0xc0, 0x26, 0x0d, 0xa8, 0xa0, 0x07, 0x89, 0xa6, 0xea, 0x10,
  0x03, 0xfe, 0x2b, 0xd9, 0x64, 0x57, 0xbd, 0x50, 0x0f, 0xcb, 0xa8, 0x4f,
  0x7b, 0x92, 0x85, 0x54, 0x00, 0xf2, 0xd0, 0x46, 0xc2, 0x11, 0xb5, 0xe1,
  0x2d, 0x80, 0x62, 0xa0, 0xb7, 0x00, 0xf8, 0xf0, 0xd2, 0x00, 0x29, 0x08,
  0x40, 0x9f, 0xfe, 0xc0, 0x1d, 0x07, 0x20, 0x24, 0x27, 0x00, 0x7a, 0xac,
  0x00, 0x70, 0x00, 0xc0, 0x58, 0x28, 0x50, 0x04, 0xd5, 0x42, 0x04, 0xb0,
  0x09, 0x81, 0xc3, 0x01, 0x40, 0x3a, 0x5d, 0x6c, 0x03, 0x09, 0x88, 0x9c,
  0x0c, 0x03, 0x98, 0x12, 0xcc, 0x03, 0x38, 0x10, 0x07, 0xed, 0xd4, 0xa6,
  0x80, 0x7c, 0xe0, 0x40, 0x13, 0x29, 0x11, 0xcc, 0x4c, 0x02, 0x70, 0x2c,
  0x04, 0x00, 0xa6, 0x84, 0x00, 0x40, 0x18, 0x4c, 0x44, 0xa1, 0x40, 0x13,
  0x06, 0x46, 0x09, 0x98, 0x01, 0x20, 0xc0, 0x48, 0x4e, 0x00, 0x96, 0x27,
  0x34, 0xd0, 0x01, 0x38, 0x50, 0x02, 0x42, 0x10, 0x01, 0x3f, 0xdf, 0x62,
  0x03, 0xe0, 0xe4, 0x00, 0x2a, 0x0b, 0x70, 0x08, 0x40, 0x23, 0xc2, 0x48,
  0x00, 0xcb, 0x41, 0x1d, 0x08, 0x68, 0xd7, 0x84, 0xb6, 0x01, 0xe5, 0xd5,
  0x17, 0xbc, 0xb9, 0x42, 0xaa, 0x00, 0x7e, 0x2a, 0xe9, 0x65, 0x68, 0xcd,
  0x50, 0x0e, 0x26, 0x0d, 0xa8, 0xa0, 0x07, 0x89, 0xa6, 0xea, 0x10, 0x03,
  0xfe, 0x2b, 0xd9, 0x64, 0x57, 0xbd, 0x50, 0x0f, 0xcb, 0xa8, 0x4f, 0x7b,
  0x92, 0x85, 0x54, 0x00, 0xf2, 0xd0, 0x46, 0xc2, 0x11, 0xb5, 0xe1, 0x2d,
  0x80, 0x62, 0xa0, 0xb7, 0x00, 0x84, 0xc8, 0x0f, 0x0d, 0x20, 0x02, 0x90,
  0x84, 0x00, 0xdf, 0x82, 0x00, 0x1d, 0x07, 0x20, 0x24, 0x27, 0x00, 0xd4,
  0x30, 0x60, 0x10, 0xc0, 0x58, 0x28, 0x50, 0x06, 0x55, 0x1b, 0x80, 0x73,
  0x03, 0x86, 0x02, 0x80, 0x43, 0x61, 0xc8, 0xa0, 0x18, 0x4c, 0x44, 0xe0,
  0x60, 0x15, 0x0c, 0x94, 0xd1, 0x00, 0x67, 0x02, 0x00, 0xe7, 0x44, 0x30,
  0x07, 0xfc, 0xe0, 0x40, 0x09, 0x05, 0xdd, 0x10, 0x7b, 0x00, 0x4e, 0x05,
  0x80, 0x80, 0x05, 0x23, 0x00, 0xfc, 0x26, 0x22, 0x50, 0xa0, 0x05, 0xee,
  0xe2, 0x0f, 0x60, 0x04, 0x83, 0x01, 0x21, 0x38, 0x07, 0xfc, 0x4e, 0x14,
  0x00, 0x90, 0x84, 0x00, 0xed, 0xf2, 0x01, 0xf0, 0x72, 0x00, 0x15, 0x05,
  0xb8, 0x07, 0xc7, 0x84, 0x90, 0x01, 0x96, 0x82, 0x3a, 0x10, 0xd1, 0xaf,
  0x09, 0x6c, 0x03, 0xcb, 0xaa, 0x2f, 0x79, 0x72, 0x85, 0x54, 0x00, 0xfc,
  0x55, 0xd2, 0xca, 0xd1, 0x9a, 0xa0, 0x1c, 0x26, 0x0d, 0xa8, 0xa0, 0x07,
  0x89, 0xa6, 0xea, 0x10, 0x03, 0xfe, 0x2b, 0xd9, 0x64, 0x57, 0xbd, 0x50,
  0x0f, 0xcb, 0xa8, 0x4f, 0x7b, 0x92, 0x85, 0x54, 0x00, 0xf2, 0xd0, 0x46,
  0xc2, 0x11, 0xb5, 0xe1, 0x2d, 0x80, 0x62, 0xa0, 0xb7, 0x00, 0xc4, 0x40,
  0x3c, 0x34, 0x80, 0x0a, 0x42, 0x10, 0x03, 0x56, 0xc8, 0x00, 0x74, 0x1c,
  0x80, 0x90, 0x9c, 0x03, 0x2a, 0x86, 0x80, 0x21, 0x80, 0xb0, 0x50, 0xa0,
  0x0c, 0x34, 0x1a, 0x20, 0x19, 0x81, 0xc3, 0x01, 0x40, 0x36, 0x81, 0x53,
  0x00, 0x61, 0x31, 0x13, 0x81, 0x80, 0x4c, 0x60, 0x6d, 0x3a, 0x01, 0x9c,
  0x08, 0x03, 0xd6, 0x11, 0xde, 0x84, 0xe0, 0x1e, 0x70, 0x20, 0x08, 0x81,
  0xc0, 0x1c, 0x1a, 0x01, 0x38, 0x16, 0x02, 0x00, 0x42, 0x06, 0x00, 0xd0,
  0x30, 0x00, 0x98, 0x89, 0x42, 0x80, 0x29, 0x0d, 0x9a, 0x70, 0xb0, 0x04,
  0x83, 0x01, 0x21, 0x38, 0x01, 0xe0, 0x19, 0x4a, 0xc8, 0x09, 0xc2, 0x80,
  0x12, 0x10, 0x80, 0x07, 0xee, 0xb5, 0x00, 0x7c, 0x1c, 0x80, 0x05, 0x41,
  0x6e, 0x01, 0x08, 0x80, 0x07, 0x84, 0x90, 0x01, 0x96, 0x82, 0x3a, 0x10,
  0xd1, 0xaf, 0x09, 0x6c, 0x03, 0xcb, 0xaa, 0x2f, 0x79, 0x72, 0x85, 0x54,
  0x00, 0xfc, 0x55, 0xd2, 0xca, 0xd1, 0x9a, 0xa0, 0x1c, 0x26, 0x0d, 0xa8,
  0xa0, 0x07, 0x89, 0xa6, 0xea, 0x10, 0x03, 0xfe, 0x2b, 0xd9, 0x64, 0x57,
  0xbd, 0x50, 0x0f, 0xcb, 0xa8, 0x4f, 0x7b, 0x92, 0x85, 0x54, 0x00, 0xf2,
  0xd0, 0x46, 0xc2, 0x11, 0xb5, 0xe1, 0x2d, 0x80, 0x62, 0xa0, 0xb7, 0x00,
  0x23, 0xb1, 0x01, 0xe1, 0xa4, 0x00, 0x52, 0x10, 0x80, 0x39, 0x71, 0x3b,
  0x00, 0x3a, 0x0e, 0x40, 0x48, 0x4e, 0x00, 0xb3, 0x4c, 0xb1, 0x75, 0x01,
  0x80, 0xb0, 0x50, 0xa0, 0x09, 0x42, 0x8d, 0x20, 0x3c, 0x00, 0xc0, 0xe1,
  0x80, 0xa0, 0x1c, 0x20, 0x03, 0x00, 0xc2, 0x62, 0x27, 0x03, 0x00, 0x90,
  0x28, 0x4e, 0x03, 0x00, 0x27, 0x02, 0x00, 0xf4, 0x8a, 0xf6, 0x10, 0xb0,
  0x07, 0x9c, 0x08, 0x02, 0x2e, 0xa8, 0x00, 0x50, 0x06, 0x70, 0x2c, 0x04,
  0x00, 0xe5, 0xd0, 0x64, 0x00, 0x84, 0xc4, 0x4a, 0x14, 0x01, 0xcc, 0xa5,
  0x20, 0x1a, 0x41, 0x80, 0x90, 0x9c, 0x02, 0x39, 0x0e, 0x00, 0xc4, 0xe1,
  0x40, 0x09, 0x08, 0x40, 0x01, 0xff, 0x8c, 0x02, 0x1f, 0x07, 0x20, 0x01,
  0x50, 0x5b, 0x80, 0x7c, 0x78, 0x49, 0x00, 0x19, 0x68, 0x23, 0xa1, 0x0d,
  0x1a, 0xf0, 0x96, 0xc0, 0x3c, 0xba, 0xa2, 0xf7, 0x97, 0x28, 0x55, 0x40,
  0x0f, 0xc5, 0x5d, 0x2c, 0xad, 0x19, 0xaa, 0x01, 0xc0, 0x26, 0x0d, 0xa8,
  0xa0, 0x07, 0x89, 0xa6, 0xea, 0x10, 0x03, 0xfe, 0x2b, 0xd9, 0x64, 0x57,
  0xbd, 0x50, 0x0f, 0xcb, 0xa8, 0x4f, 0x7b, 0x92, 0x85, 0x54, 0x00, 0xf2,
  0xd0, 0x46, 0xc2, 0x11, 0xb5, 0xe1, 0x2d, 0x80, 0x62, 0xa0, 0xb7, 0x00,
  0x8c, 0xc0, 0x03, 0xc3, 0x48, 0x00, 0xa4, 0x21, 0x00, 0x22, 0xcc, 0x00,
  0x43, 0xa0, 0xe4, 0x04, 0x84, 0xe0, 0x1f, 0xf0, 0xc0, 0x58, 0x28, 0x50,
  0x07, 0x18, 0x08, 0x07, 0x30, 0x38, 0x60, 0x28, 0x07, 0xff, 0x04, 0x4c,
  0x44, 0xe0, 0x60, 0x1c, 0x20, 0x60, 0x1e, 0x70, 0x20, 0x0f, 0xfe, 0x43,
  0x81, 0x00, 0x7c, 0x20, 0x1e, 0x70, 0x2c, 0x04, 0x00, 0xf7, 0x68, 0x07,
  0x09, 0x88, 0x94, 0x28, 0x03, 0x87, 0xbc, 0x03, 0xa4, 0x18, 0x09, 0x09,
  0xc0, 0x3c, 0x60, 0x18, 0x9c, 0x28, 0x01, 0x21, 0x08, 0x01, 0x0f, 0xe8,
  0x04, 0x3e, 0x0e, 0x40, 0x02, 0xa0, 0xb7, 0x00, 0xf8, 0xf0, 0x92, 0x00,
  0x32, 0xd0, 0x47, 0x42, 0x1a, 0x35, 0xe1, 0x2d, 0x80, 0x79, 0x75, 0x45,
  0xef, 0x2e, 0x50, 0xaa, 0x80, 0x1f, 0x8a, 0xba, 0x59, 0x5a, 0x33, 0x54,
  0x03, 0x80, 0x26, 0x0d, 0xa8, 0xa0, 0x07, 0x89, 0xa6, 0xea, 0x10, 0x03,
  0xfe, 0x2b, 0xd9, 0x64, 0x57, 0xbd, 0x50, 0x0f, 0xcb, 0xa8, 0x4f, 0x7b,
  0x92, 0x85, 0x54, 0x00, 0xf2, 0xd0, 0x46, 0xc2, 0x11, 0xb5, 0xe1, 0x2d,
  0x80, 0x62, 0xa0, 0xb7, 0x00, 0x23, 0xb8, 0x80, 0xf0, 0xd2, 0x00, 0x29,
  0x08, 0x40, 0x05, 0xda, 0x21, 0xae, 0x03, 0xa0, 0xe4, 0x04, 0x84, 0xe0,
  0x07, 0x43, 0xca, 0x08, 0x10, 0x18, 0x0b, 0x05, 0x0a, 0x00, 0xb8, 0x7c,
  0xd4, 0x80, 0xc0, 0x0c, 0x0e, 0x18, 0x0a, 0x01, 0x4f, 0x18, 0x29, 0x14,
  0x00, 0x13, 0x11, 0x38, 0x18, 0x07, 0xa6, 0x8b, 0xc0, 0x33, 0x81, 0x00,
  0x7e, 0x36, 0x3d, 0x20, 0x0f, 0x9c, 0x08, 0x03, 0x9c, 0xa8, 0x03, 0xce,
  0x05, 0x80, 0x80, 0x1c, 0x9e, 0xc0, 0x1c, 0x26, 0x22, 0x50, 0xa0, 0x0e,
  0x6d, 0x90, 0x0e, 0x90, 0x60, 0x24, 0x27, 0x00, 0xc6, 0x01, 0xe2, 0x70,
  0xa0, 0x04, 0x84, 0x20, 0x04, 0xbd, 0x20, 0x10, 0xf8, 0x39, 0x00, 0x0a,
  0x82, 0xdc, 0x02, 0x10, 0x08, 0xf0, 0x92, 0x00, 0x32, 0xd0, 0x47, 0x42,
  0x1a, 0x35, 0xe1, 0x2d, 0x80, 0x79, 0x75, 0x45, 0xef, 0x2e, 0x50, 0xaa,
  0x80, 0x1f, 0x8a, 0xba, 0x59, 0x5a, 0x33, 0x54, 0x03, 0x80, 0x26, 0x0d,
  0xa8, 0xa0, 0x07, 0x89, 0xa6, 0xea, 0x10, 0x03, 0xfe, 0x2b, 0xd9, 0x64,
  0x57, 0xbd, 0x50, 0x0f, 0xcb, 0xa8, 0x4f, 0x7b, 0x92, 0x85, 0x54, 0x00,
  0xf2, 0xd0, 0x46, 0xc2, 0x11, 0xb5, 0xe1, 0x2d, 0x80, 0x62, 0xa0, 0xb7,
  0x00, 0x10, 0x80, 0x91, 0xe1, 0xa4, 0x00, 0x52, 0x10, 0x80, 0x01, 0xd7,
  0x09, 0xd0, 0x1d, 0x07, 0x20, 0x24, 0x27, 0x00, 0x94, 0x14, 0x0c, 0xc0,
  0x01, 0x80, 0xb0, 0x50, 0xa0, 0x0a, 0x3c, 0x26, 0x4a, 0x32, 0x00, 0x60,
  0x70, 0xc0, 0x50, 0x09, 0x90, 0x15, 0x84, 0x90, 0x00, 0x26, 0x22, 0x70,
  0x30, 0x0b, 0x8c, 0xdf, 0x81, 0x5a, 0x01, 0x38, 0x10, 0x07, 0xc6, 0xa0,
  0xa0, 0xc0, 0x1f, 0x38, 0x10, 0x02, 0x3c, 0x1b, 0xe4, 0x31, 0x80, 0x27,
  0x02, 0xc0, 0x40, 0x06, 0x28, 0x34, 0x10, 0xc3, 0x80, 0x04, 0xc4, 0x4a,
  0x14, 0x00, 0x4c, 0x08, 0x70, 0x47, 0x10, 0x04, 0x83, 0x01, 0x21, 0x38,
  0x03, 0xc4, 0x40, 0x5a, 0x01, 0x13, 0x85, 0x00, 0x24, 0x21, 0x02, 0x78,
  0x01, 0xee, 0x00, 0x1f, 0x07, 0x20, 0x01, 0x50, 0x5b, 0x80, 0x7c, 0x78,
  0x49, 0x00, 0x19, 0x68, 0x23, 0xa1, 0x0d, 0x1a, 0xf0, 0x96, 0xc0, 0x3c,
  0xba, 0xa2, 0xf7, 0x97, 0x28, 0x55, 0x40, 0x0f, 0xc5, 0x5d, 0x2c, 0xad,
  0x19, 0xaa, 0x01, 0xc0, 0x26, 0x0d, 0xa8, 0xa0, 0x07, 0x89, 0xa6, 0xea,
  0x10, 0x03, 0xfe, 0x2b, 0xd9, 0x64, 0x57, 0xbd, 0x50, 0x0f, 0xcb, 0xa8,
  0x4f, 0x7b, 0x92, 0x85, 0x54, 0x00, 0xf2, 0xd0, 0x46, 0xc2, 0x11, 0xb5,
  0xe1, 0x2d, 0x80, 0x62, 0xa0, 0xb7, 0x00, 0xf8, 0xf0, 0xd2, 0x00, 0x29,
  0x08, 0x40, 0x0f, 0xe1, 0xd0, 0x72, 0x02, 0x42, 0x70, 0x0f, 0xf8, 0x60,
  0x2c, 0x14, 0x28, 0x03, 0xff, 0x82, 0xc0, 0xe1, 0x80, 0xa0, 0x1f, 0xfc,
  0x11, 0x31, 0x13, 0x81, 0x80, 0x69, 0xff, 0xc0, 0x1c, 0xe0, 0x40, 0x1f,
  0x7a, 0xae, 0x00, 0xfc, 0xe0, 0x40, 0x19, 0xaa, 0xb0, 0x07, 0x38, 0x16,
  0x02, 0x00, 0x7f, 0xf0, 0x44, 0xc4, 0x4a, 0x14, 0x01, 0xff, 0xc1, 0x90,
  0x60, 0x24, 0x27, 0x00, 0xff, 0x89, 0xc2, 0x80, 0x12, 0x10, 0x80, 0x1f,
  0xc3, 0xe0, 0xe4, 0x00, 0x2a, 0x0b, 0x70, 0x0f, 0x8f, 0x09, 0x20, 0x03,
  0x2d, 0x04, 0x74, 0x21, 0xa3, 0x5e, 0x12, 0xd8, 0x07, 0x97, 0x54, 0x5e,
  0xf2, 0xe5, 0x0a, 0xa8, 0x01, 0xf8, 0xab, 0xa5, 0x95, 0xa3, 0x35, 0x40,
  0x38, 0x26, 0x0d, 0xa8, 0xa0, 0x07, 0x89, 0xa6, 0xea, 0x10, 0x03, 0xfe,
  0x2b, 0xd9, 0x64, 0x57, 0xbd, 0x50, 0x0f, 0xcb, 0xa8, 0x4f, 0x7b, 0x92,
  0x85, 0x54, 0x00, 0xf2, 0xd0, 0x46, 0xc2, 0x11, 0xb5, 0xe1, 0x2d, 0x80,
  0x62, 0xa0, 0xb7, 0x00, 0xf8, 0xf0, 0xd2, 0x00, 0x29, 0x08, 0x40, 0x0f,
  0xe1, 0xd0, 0x72, 0x02, 0x42, 0x70, 0x0f, 0x0b, 0xc8, 0x00, 0x60, 0x2c,
  0x14, 0x28, 0x03, 0x8a, 0x7a, 0x0c, 0x02, 0x60, 0x70, 0xc0, 0x50, 0x08,
  0xeb, 0x58, 0xa2, 0xc0, 0x21, 0x31, 0x13, 0x81, 0x80, 0x13, 0x15, 0x2f,
  0x5c, 0x40, 0x33, 0x81, 0x00, 0x7f, 0xf2, 0x1c, 0x08, 0x00, 0x9a, 0xa9,
  0x7c, 0xe2, 0x01, 0x9c, 0x0b, 0x01, 0x00, 0x22, 0xae, 0x71, 0x8b, 0x00,
  0x84, 0xc4, 0x4a, 0x14, 0x01, 0xc3, 0x1f, 0x04, 0x01, 0x48, 0x30, 0x12,
  0x13, 0x80, 0x7c, 0xf0, 0x00, 0x27, 0x0a, 0x00, 0x48, 0x42, 0x00, 0x7f,
  0x0f, 0x83, 0x90, 0x00, 0xa8, 0x2d, 0xc0, 0x3e, 0x3c, 0x24, 0x80, 0x0c,
  0xb4, 0x11, 0xd0, 0x86, 0x8d, 0x78, 0x4b, 0x60, 0x1e, 0x5d, 0x51, 0x7b,
  0xcb, 0x94, 0x2a, 0xa0, 0x07, 0xe2, 0xae, 0x96, 0x56, 0x8c, 0xd5, 0x00,
  0xe0, 0x26, 0x0d, 0xa8, 0xa0, 0x07, 0x89, 0xa6, 0xea, 0x10, 0x03, 0xfe,
  0x2b, 0xd9, 0x64, 0x57, 0xbd, 0x50, 0x0f, 0xcb, 0xa8, 0x4f, 0x7b, 0x92,
  0x85, 0x54, 0x00, 0xf2, 0xd0, 0x46, 0xc2, 0x11, 0xb5, 0xe1, 0x2d, 0x80,
  0x62, 0xa0, 0xb7, 0x00, 0xf8, 0xf0, 0xd2, 0x00, 0x29, 0x08, 0x40, 0x0f,
  0xe1, 0xd0, 0x72, 0x02, 0x42, 0x70, 0x02, 0x51, 0x80, 0x78, 0x60, 0x2c,
  0x14, 0x28, 0x03, 0x2e, 0x61, 0x00, 0x39, 0x81, 0xc3, 0x01, 0x40, 0x24,
  0xb4, 0x3b, 0xd6, 0x00, 0x84, 0xc4, 0x4e, 0x06, 0x01, 0x92, 0xf9, 0xce,
  0x68, 0x02, 0x70, 0x20, 0x0f, 0xe3, 0x11, 0x00, 0x7e, 0x70, 0x20, 0x0c,
  0xb7, 0xac, 0x75, 0x40, 0x09, 0xc0, 0xb0, 0x10, 0x02, 0x4a, 0x44, 0x5e,
  0x28, 0x04, 0x26, 0x22, 0x50, 0xa0, 0x0c, 0xdb, 0x68, 0x01, 0xd2, 0x0c,
  0x04, 0x84, 0xe0, 0x04, 0x92, 0x00, 0xf1, 0x38, 0x50, 0x02, 0x42, 0x10,
  0x03, 0xf8, 0x7c, 0x1c, 0x80, 0x05, 0x41, 0x6e, 0x01, 0xf1, 0xe1, 0x24,
  0x00, 0x65, 0xa0, 0x8e, 0x84, 0x34, 0x6b, 0xc2, 0x5b, 0x00, 0xf2, 0xea,
  0x8b, 0xde, 0x5c, 0xa1, 0x55, 0x00, 0x3f, 0x15, 0x74, 0xb2, 0xb4, 0x66,
  0xa8, 0x07, 0x00, 0x26, 0x0d, 0xa8, 0xa0, 0x07, 0x89, 0xa6, 0xea, 0x10,
  0x03, 0xfe, 0x2b, 0xd9, 0x64, 0x57, 0xbd, 0x50, 0x0f, 0xcb, 0xa8, 0x4f,
  0x7b, 0x92, 0x85, 0x54, 0x00, 0xf2, 0xd0, 0x46, 0xc2, 0x11, 0xb5, 0xe1,
  0x2d, 0x80, 0x62, 0xa0, 0xb7, 0x00, 0xf8, 0xf0, 0xd2, 0x00, 0x29, 0x08,
  0x40, 0x0f, 0xe1, 0xd0, 0x72, 0x02, 0x42, 0x70, 0x0f, 0xf8, 0x60, 0x2c,
  0x14, 0x28, 0x02, 0x7a, 0xaf, 0x00, 0x4c, 0x0e, 0x18, 0x0a, 0x01, 0x62,
  0xaf, 0x84, 0x00, 0x26, 0x22, 0x70, 0x30, 0x0a, 0xff, 0xfc, 0x20, 0x13,
  0x81, 0x00, 0x78, 0x47, 0xe0, 0x0f, 0x9c, 0x08, 0x02, 0xae, 0xef, 0x08,
  0x04, 0xe0, 0x58, 0x08, 0x01, 0x6b, 0x37, 0x84, 0x00, 0x26, 0x22, 0x50,
  0xa0, 0x09, 0xa6, 0x7c, 0x01, 0x48, 0x30, 0x12, 0x13, 0x80, 0x7f, 0xc4,
  0xe1, 0x40, 0x09, 0x08, 0x40, 0x0f, 0xe1, 0xf0, 0x72, 0x00, 0x15, 0x05,
  0xb8, 0x07, 0xc7, 0x84, 0x90, 0x01, 0x96, 0x82, 0x3a, 0x10, 0xd1, 0xaf,
  0x09, 0x6c, 0x03, 0xcb, 0xaa, 0x2f, 0x79, 0x72, 0x85, 0x54, 0x00, 0xfc,
  0x55, 0xd2, 0xca, 0xd1, 0x9a, 0xa0, 0x1c, 0x26, 0x0d, 0xa8, 0xa0, 0x07,
  0x89, 0xa6, 0xea, 0x10, 0x03, 0xfe, 0x2b, 0xd9, 0x64, 0x57, 0xbd, 0x50,
  0x0f, 0xcb, 0xa8, 0x4f, 0x7b, 0x92, 0x85, 0x54, 0x00, 0xf2, 0xd0, 0x46,
  0xc2, 0x11, 0xb5, 0xe1, 0x2d, 0x80, 0x62, 0xa0, 0xb7, 0x00, 0x88, 0x02,
  0x3c, 0x34, 0x80, 0x0a, 0x42, 0x10, 0x02, 0x3d, 0x90, 0x08, 0x74, 0x1c,
  0x80, 0x90, 0x9c, 0x02, 0x3c, 0x06, 0x90, 0x08, 0x60, 0x2c, 0x14, 0x28,
  0x02, 0x3c, 0x10, 0x16, 0x90, 0x09, 0x81, 0xc3, 0x01, 0x40, 0x07, 0x83,
  0xa0, 0xcd, 0x48, 0x00, 0x4c, 0x44, 0xe0, 0x60, 0x0d, 0x1c, 0x20, 0x04,
  0xb3, 0x40, 0x07, 0x02, 0x00, 0xea, 0xc2, 0x00, 0xd3, 0x26, 0x00, 0xe7,
  0x02, 0x00, 0x21, 0x00, 0x79, 0x80, 0x27, 0x02, 0xc0, 0x40, 0x0f, 0xfe,
  0x08, 0x98, 0x89, 0x42, 0x80, 0x3f, 0xf8, 0x32, 0x0c, 0x04, 0x84, 0xe0,
  0x1e, 0xf0, 0x0c, 0x4e, 0x14, 0x00, 0x90, 0x84, 0x00, 0x87, 0xdc, 0x02,
  0x1f, 0x07, 0x20, 0x01, 0x50, 0x5b, 0x80, 0x7c, 0x78, 0x49, 0x00, 0x19,
  0x68, 0x23, 0xa1, 0x0d, 0x1a, 0xf0, 0x96, 0xc0, 0x3c, 0xba, 0xa2, 0xf7,
  0x97, 0x28, 0x55, 0x40, 0x0f, 0xc5, 0x5d, 0x2c, 0xad, 0x19, 0xaa, 0x01,
  0xc0, 0x26, 0x0d, 0xa8, 0xa0, 0x07, 0x89, 0xa6, 0xea, 0x10, 0x03, 0xfe,
  0x2b, 0xd9, 0x64, 0x57, 0xbd, 0x50, 0x0f, 0xcb, 0xa8, 0x4f, 0x7b, 0x92,
  0x85, 0x54, 0x00, 0xf2, 0xd0, 0x46, 0xc2, 0x11, 0xb5, 0xe1, 0x2d, 0x80,
  0x62, 0xa0, 0xb7, 0x00, 0xf8, 0xf0, 0xd2, 0x00, 0x29, 0x08, 0x40, 0x08,
  0x7e, 0x00, 0x21, 0xd0, 0x72, 0x02, 0x42, 0x70, 0x0f, 0xf8, 0x60, 0x2c,
  0x14, 0x28, 0x03, 0xff, 0x82, 0xc0, 0xe1, 0x80, 0xa0, 0x1f, 0xfc, 0x11,
  0x31, 0x13, 0x81, 0x80, 0x14, 0x80, 0x3c, 0xe0, 0x13, 0x81, 0x00, 0x75,
  0xe1, 0x00, 0x6a, 0x86, 0x00, 0xe7, 0x02, 0x00, 0x68, 0x61, 0x00, 0x25,
  0x59, 0x80, 0x07, 0x02, 0xc0, 0x40, 0x01, 0xe8, 0x68, 0x33, 0x52, 0x00,
  0x13, 0x11, 0x28, 0x50, 0x04, 0x7a, 0x00, 0x16, 0x90, 0x0a, 0x41, 0x80,
  0x90, 0x9c, 0x02, 0x3d, 0x16, 0x90, 0x08, 0x9c, 0x28, 0x01, 0x21, 0x08,
  0x01, 0x1e, 0x48, 0x04, 0x3e, 0x0e, 0x40, 0x02, 0xa0, 0xb7, 0x00, 0x88,
  0x02, 0x3c, 0x24, 0x80, 0x0c, 0xb4, 0x11, 0xd0, 0x86, 0x8d, 0x78, 0x4b,
  0x60, 0x1e, 0x5d, 0x51, 0x7b, 0xcb, 0x94, 0x2a, 0xa0, 0x07, 0xe2, 0xae,
  0x96, 0x56, 0x8c, 0xd5, 0x00, 0xe0, 0x26, 0x0d, 0xa8, 0xa0, 0x07, 0x89,
  0xa6, 0xea, 0x10, 0x03, 0xfe, 0x2b, 0xd9, 0x64, 0x57, 0xbd, 0x50, 0x0f,
  0xcb, 0xa8, 0x4f, 0x7b, 0x92, 0x85, 0x54, 0x00, 0xf2, 0xd0, 0x46, 0xc2,
  0x11, 0xb5, 0xe1, 0x2d, 0x80, 0x62, 0xa0, 0xb7, 0x00, 0xf8, 0xf0, 0xd2,
  0x00, 0x29, 0x08, 0x40, 0x08, 0xb4, 0xc0, 0x21, 0xd0, 0x72, 0x02, 0x42,
  0x70, 0x08, 0xb0, 0x80, 0x38, 0x60, 0x2c, 0x14, 0x28, 0x02, 0x2c, 0x1c,
  0x30, 0x0e, 0x60, 0x70, 0xc0, 0x50, 0x01, 0x60, 0x61, 0x80, 0x78, 0x4c,
  0x44, 0xe0, 0x60, 0x58, 0x22, 0xcf, 0xfe, 0xd0, 0x03, 0x81, 0x00, 0x62,
  0x50, 0x15, 0x5f, 0x80, 0x39, 0xc0, 0x80, 0x16, 0x83, 0xb5, 0x5d, 0x00,
  0x07, 0x02, 0xc0, 0x40, 0x0a, 0xd2, 0x18, 0x03, 0xc2, 0x62, 0x25, 0x0a,
  0x00, 0xd6, 0x72, 0xa0, 0x1d, 0x20, 0xc0, 0x48, 0x4e, 0x01, 0xb1, 0x50,
  0x03, 0x13, 0x85, 0x00, 0x24, 0x21, 0x00, 0x35, 0x08, 0x04, 0x3e, 0x0e,
  0x40, 0x02, 0xa0, 0xb7, 0x00, 0xf8, 0xf0, 0x92, 0x00, 0x32, 0xd0, 0x47,
  0x42, 0x1a, 0x35, 0xe1, 0x2d, 0x80, 0x79, 0x75, 0x45, 0xef, 0x2e, 0x50,
  0xaa, 0x80, 0x1f, 0x8a, 0xba, 0x59, 0x5a, 0x33, 0x54, 0x03, 0x80, 0x26,
  0x0d, 0xa8, 0xa0, 0x07, 0x89, 0xa6, 0xea, 0x10, 0x03, 0xfe, 0x2b, 0xd9,
  0x64, 0x57, 0xbd, 0x50, 0x0f, 0xcb, 0xa8, 0x4f, 0x7b, 0x92, 0x85, 0x54,
  0x00, 0xf2, 0xd0, 0x46, 0xc2, 0x11, 0xb5, 0xe1, 0x2d, 0x80, 0x62, 0xa0,
  0xb7, 0x00, 0xf8, 0xf0, 0xd2, 0x00, 0x29, 0x08, 0x40, 0x0d, 0x8e, 0x01,
  0x0e, 0x83, 0x90, 0x12, 0x13, 0x80, 0x7a, 0x1c, 0x02, 0x18, 0x0b, 0x05,
  0x0a, 0x00, 0xf6, 0x1c, 0x38, 0x04, 0xc0, 0xe1, 0x80, 0xa0, 0x1f, 0x62,
  0x43, 0x80, 0x04, 0xc4, 0x4e, 0x06, 0x0f, 0xff, 0xe4, 0x08, 0x60, 0x03,
  0x81, 0x00, 0x63, 0x55, 0xf1, 0x80, 0xa8, 0x07, 0x38, 0x10, 0x25, 0x57,
  0x41, 0x06, 0x98, 0x01, 0xc0, 0xb0, 0x10, 0x03, 0xc5, 0x83, 0x86, 0x00,
  0x13, 0x11, 0x28, 0x50, 0x07, 0x0e, 0x0e, 0x18, 0x05, 0x20, 0xc0, 0x48,
  0x4e, 0x01, 0x85, 0xac, 0xc0, 0x22, 0x70, 0xa0, 0x04, 0x84, 0x20, 0x06,
  0x84, 0x00, 0x87, 0xc1, 0xc8, 0x00, 0x54, 0x16, 0xe0, 0x1f, 0x1e, 0x12,
  0x40, 0x06, 0x5a, 0x08, 0xe8, 0x43, 0x46, 0xbc, 0x25, 0xb0, 0x0f, 0x2e,
  0xa8, 0xbd, 0xe5, 0xca, 0x15, 0x50, 0x03, 0xf1, 0x57, 0x4b, 0x2b, 0x46,
  0x6a, 0x80, 0x70, 0x26, 0x0d, 0xa8, 0xa0, 0x07, 0x89, 0xa6, 0xea, 0x10,
  0x03, 0xfe, 0x2b, 0xd9, 0x64, 0x57, 0xbd, 0x50, 0x0f, 0xcb, 0xa8, 0x4f,
  0x7b, 0x92, 0x85, 0x54, 0x00, 0xf2, 0xd0, 0x46, 0xc2, 0x11, 0xb5, 0xe1,
  0x2d, 0x80, 0x62, 0xa0, 0xb7, 0x00, 0xf8, 0xf0, 0xd2, 0x00, 0x29, 0x08,
  0x40, 0x0f, 0xe1, 0xd0, 0x72, 0x02, 0x42, 0x70, 0x0f, 0xc3, 0x64, 0x30,
  0x16, 0x0a, 0x14, 0x01, 0xf8, 0x71, 0x20, 0x18, 0x1c, 0x30, 0x14, 0x03,
  0xe1, 0xd2, 0x3a, 0x01, 0x31, 0x13, 0x81, 0x80, 0x1e, 0xc0, 0x03, 0xa6,
  0x6c, 0x00, 0x9c, 0x08, 0x03, 0xa9, 0x2c, 0x74, 0xcd, 0x80, 0x1f, 0x38,
  0x10, 0x03, 0x09, 0x38, 0xcd, 0x80, 0x1c, 0xe0, 0x58, 0x08, 0x00, 0x1c,
  0x20, 0x3c, 0x00, 0xe1, 0x31, 0x12, 0x85, 0x00, 0x43, 0x8b, 0xa0, 0x1e,
  0x90, 0x60, 0x24, 0x27, 0x00, 0x86, 0x84, 0x03, 0x89, 0xc2, 0x80, 0x12,
  0x10, 0x80, 0x1f, 0xc3, 0xe0, 0xe4, 0x00, 0x2a, 0x0b, 0x70, 0x0f, 0x8f,
  0x09, 0x20, 0x03, 0x2d, 0x04, 0x74, 0x21, 0xa3, 0x5e, 0x12, 0xd8, 0x07,
  0x97, 0x54, 0x5e, 0xf2, 0xe5, 0x0a, 0xa8, 0x01, 0xf8, 0xab, 0xa5, 0x95,
  0xa3, 0x35, 0x40, 0x38, 0x26, 0x0d, 0xa8, 0xa0, 0x07, 0x89, 0xa6, 0xea,
  0x10, 0x03, 0xfe, 0x2b, 0xd9, 0x64, 0x57, 0xbd, 0x50, 0x0f, 0xcb, 0xa8,
  0x4f, 0x7b, 0x92, 0x85, 0x54, 0x00, 0xf2, 0xd0, 0x46, 0xc2, 0x11, 0xb5,
  0xe1, 0x2d, 0x80, 0x62, 0xa0, 0xb7, 0x00, 0xf8, 0xf0, 0xd2, 0x00, 0x29,
  0x08, 0x40, 0x0f, 0xe1, 0xd0, 0x72, 0x02, 0x42, 0x70, 0x02, 0x48, 0x04,
  0x92, 0x00, 0x18, 0x0b, 0x05, 0x0a, 0x00, 0xa9, 0xa4, 0x0e, 0xd9, 0x00,
  0x0c, 0x0e, 0x18, 0x0a, 0x01, 0x60, 0xb5, 0x60, 0x42, 0x00, 0x04, 0xc4,
  0x4e, 0x06, 0x01, 0x16, 0x8a, 0x83, 0xb8, 0x03, 0x38, 0x10, 0x07, 0xe1,
  0x00, 0xff, 0x9c, 0x08, 0x02, 0x3c, 0x05, 0x07, 0x80, 0x0c, 0xe0, 0x58,
  0x08, 0x01, 0x68, 0x3d, 0x60, 0x3a, 0x00, 0x04, 0xc4, 0x4a, 0x14, 0x01,
  0x53, 0xc0, 0x1e, 0x32, 0x00, 0x24, 0x18, 0x09, 0x09, 0xc0, 0x09, 0x00,
  0x11, 0xc8, 0x00, 0x9c, 0x28, 0x01, 0x21, 0x08, 0x01, 0xfc, 0x3e, 0x0e,
  0x40, 0x02, 0xa0, 0xb7, 0x00, 0xf8, 0xf0, 0x92, 0x00, 0x32, 0xd0, 0x47,
  0x42, 0x1a, 0x35, 0xe1, 0x2d, 0x80, 0x79, 0x75, 0x45, 0xef, 0x2e, 0x50,
  0xaa, 0x80, 0x1f, 0x8a, 0xba, 0x59, 0x5a, 0x33, 0x54, 0x03, 0x80, 0x26,
  0x0d, 0xa6, 0xa0, 0x12, 0x2a, 0xff, 0xf0, 0x90, 0x0f, 0x6e, 0xab, 0xff,
  0x85, 0x76, 0x40, 0xee, 0xff, 0xe1, 0xc2, 0x00, 0x8f, 0xff, 0x14, 0x03,
  0xf9, 0x1d, 0x88, 0x03, 0xff, 0x85, 0x76, 0x89, 0xd6, 0x00, 0xff, 0xe0,
  0x3a, 0x1e, 0x48, 0x49, 0x00, 0x7f, 0xd2, 0x1c, 0x6c, 0xe1, 0x40, 0x1f,
  0xe2, 0x11, 0x10, 0x02, 0xc1, 0x00, 0x3f, 0xc2, 0x04, 0x01, 0x08, 0x08,
  0x07, 0xf8, 0x40, 0x3f, 0xf8, 0xc6, 0x06, 0x01, 0x38, 0x30, 0x07, 0xf8,
  0x4c, 0x18, 0x01, 0xc1, 0xa0, 0x1f, 0xf4, 0x04, 0xd6, 0x21, 0x30, 0x07,
  0xfc, 0x94, 0x2a, 0x69, 0x80, 0x1f, 0xfc, 0x15, 0xee, 0x7d, 0x88, 0x07,
  0xff, 0x0c, 0x40, 0x3f, 0xc2, 0x89, 0xff, 0xc3, 0xf0, 0x50, 0xbb, 0xff,
  0xe1, 0xb2, 0x97, 0xee, 0xff, 0xf0, 0xfa, 0x80, 0x26, 0x0d, 0xa6, 0xa0,
  0x12, 0x2a, 0xff, 0xf0, 0x90, 0x0f, 0x6e, 0xab, 0xff, 0x85, 0x76, 0x40,
  0xee, 0xff, 0xe1, 0xc2, 0x00, 0x8f, 0xff, 0x14, 0x03, 0xfc, 0x46, 0x01,
  0xff, 0xc3, 0x1b, 0xdc, 0x20, 0x0f, 0xfe, 0x09, 0x72, 0x00, 0x7f, 0xf1,
  0x18, 0xf4, 0x80, 0x3f, 0xf8, 0x69, 0x84, 0x01, 0xff, 0xff, 0x00, 0xff,
  0xf7, 0x6f, 0x90, 0x07, 0xff, 0x3c, 0x51, 0x3f, 0xf8, 0x7e, 0x0a, 0x17,
  0x7f, 0xfc, 0x36, 0x52, 0xfd, 0xdf, 0xfe, 0x1f, 0x50, 0x26, 0x0d, 0xa6,
  0xa0, 0x12, 0x2a, 0xff, 0xf0, 0x90, 0x0f, 0x6e, 0xab, 0xff, 0x85, 0x76,
  0x40, 0xee, 0xff, 0xe1, 0xc2, 0x00, 0x8f, 0xff, 0x14, 0x03, 0xf9, 0x1d,
  0xc4, 0x01, 0xff, 0xc2, 0xcb, 0x88, 0x6b, 0x80, 0x7f, 0xf0, 0x20, 0xcd,
  0x94, 0x10, 0x40, 0x1f, 0xf2, 0x07, 0x1a, 0xb0, 0x38, 0x07, 0xfd, 0x14,
  0x40, 0x02, 0x01, 0x00, 0xff, 0x91, 0x40, 0x0c, 0x84, 0x80, 0x1f, 0xfc,
  0x27, 0x91, 0xf0, 0x0f, 0xfe, 0x14, 0xc1, 0x61, 0x00, 0x7f, 0xf0, 0x6d,
  0x8f, 0x08, 0x03, 0xff, 0x83, 0x68, 0x0f, 0x57, 0x64, 0x00, 0xff, 0x98,
  0x00, 0x89, 0x8c, 0x03, 0xfe, 0xdf, 0xff, 0x38, 0x07, 0xff, 0x34, 0x51,
  0x3f, 0xf8, 0x7e, 0x0a, 0x17, 0x7f, 0xfc, 0x36, 0x52, 0xfd, 0xdf, 0xfe,
  0x1f, 0x50, 0x26, 0x0d, 0xa6, 0xa0, 0x12, 0x2a, 0xff, 0xf0, 0x90, 0x0f,
  0x6e, 0xab, 0xff, 0x85, 0x76, 0x40, 0xee, 0xff, 0xe1, 0xc2, 0x00, 0x8f,
  0xff, 0x14, 0x03, 0xf9, 0x19, 0x44, 0x03, 0xff, 0x82, 0x3b, 0x73, 0x5c,
  0xa0, 0x1f, 0xfc, 0x0b, 0x25, 0xc9, 0x0a, 0x10, 0x0f, 0xf9, 0x86, 0xcd,
  0x8c, 0x08, 0x03, 0xfe, 0xce, 0x10, 0x33, 0x09, 0x80, 0x7f, 0xf0, 0x5b,
  0xf0, 0xf0, 0x03, 0xff, 0x84, 0xac, 0x66, 0xe0, 0x0f, 0xfe, 0x02, 0xa1,
  0xce, 0x21, 0xb0, 0x07, 0xfd, 0x56, 0x20, 0x01, 0x01, 0x00, 0xff, 0x98,
  0x32, 0x2d, 0x41, 0x40, 0x3f, 0xe9, 0x62, 0x74, 0x3c, 0x20, 0x0f, 0xfe,
  0x04, 0xff, 0x7e, 0x18, 0x07, 0xff, 0x0c, 0x40, 0x3f, 0xc2, 0x89, 0xff,
  0xc3, 0xf0, 0x50, 0xbb, 0xff, 0xe1, 0xb2, 0x97, 0xee, 0xff, 0xf0, 0xfa,
  0x80, 0x26, 0x0d, 0xa6, 0xa0, 0x12, 0x2a, 0xff, 0xf0, 0x90, 0x0f, 0x6e,
  0xab, 0xff, 0x85, 0x76, 0x40, 0xee, 0xff, 0xe1, 0xc2, 0x00, 0x8f, 0xff,
  0x14, 0x03, 0xfe, 0x45, 0x20, 0x0f, 0xfe, 0x1c, 0x5d, 0x58, 0x07, 0xff,
  0x09, 0x1c, 0x03, 0xff, 0x88, 0x34, 0x30, 0x01, 0xff, 0xc3, 0xb1, 0xb1,
  0x00, 0xff, 0xe1, 0x32, 0xac, 0x01, 0xff, 0xc2, 0x29, 0x1a, 0x00, 0xff,
  0xe1, 0xa8, 0x0f, 0xfa, 0x41, 0xb8, 0x03, 0xfc, 0x48, 0x98, 0xc0, 0x90,
  0x03, 0xfc, 0xb7, 0x7a, 0x81, 0x28, 0x03, 0xff, 0x86, 0x60, 0x20, 0x1f,
  0xfc, 0x45, 0xf8, 0x00, 0xff, 0xe7, 0x0a, 0x27, 0xff, 0x0f, 0xc1, 0x42,
  0xef, 0xff, 0x86, 0xca, 0x5f, 0xbb, 0xff, 0xc3, 0xea, 0x26, 0x0d, 0xa6,
  0xa0, 0x12, 0x2a, 0xff, 0xf0, 0x90, 0x0f, 0x6e, 0xab, 0xff, 0x85, 0x76,
  0x40, 0xee, 0xff, 0xe1, 0xc2, 0x00, 0x8f, 0xff, 0x14, 0x03, 0xff, 0x9d,
  0x3f, 0xfe, 0x20, 0x0f, 0xf8, 0xc0, 0xd5, 0x71, 0x80, 0x7f, 0xf0, 0x7e,
  0xab, 0x08, 0x07, 0xfc, 0x20, 0x99, 0xb4, 0x40, 0x1f, 0xfc, 0x07, 0x08,
  0x00, 0x2e, 0x08, 0x07, 0xff, 0x00, 0x6b, 0x35, 0x86, 0x40, 0x3f, 0xed,
  0xf5, 0x00, 0x68, 0x18, 0x07, 0xfd, 0xfc, 0x60, 0x03, 0x02, 0x00, 0xff,
  0xa4, 0x36, 0x6a, 0x02, 0xc0, 0x3f, 0xe7, 0x80, 0x65, 0x2b, 0x20, 0x0f,
  0xfe, 0x03, 0xf7, 0x5a, 0x80, 0x1f, 0xfc, 0x31, 0x10, 0x07, 0xf0, 0xa2,
  0x7f, 0xf0, 0xfc, 0x14, 0x2e, 0xff, 0xf8, 0x6c, 0xa5, 0xfb, 0xbf, 0xfc,
  0x3e, 0xa0, 0x26, 0x0d, 0xa6, 0xa0, 0x12, 0x2a, 0xff, 0xf0, 0x90, 0x0f,
  0x6e, 0xab, 0xff, 0x85, 0x76, 0x40, 0xee, 0xff, 0xe1, 0xc2, 0x00, 0x8f,
  0xff, 0x14, 0x03, 0xf8, 0x99, 0x86, 0x01, 0xff, 0xc2, 0x8d, 0x99, 0x64,
  0x80, 0x7f, 0xf0, 0x15, 0xca, 0xf0, 0x99, 0x40, 0x3f, 0xe9, 0x0f, 0x43,
  0xe6, 0x00, 0xff, 0xe0, 0x18, 0x8a, 0x69, 0x21, 0x40, 0x3f, 0xc2, 0x00,
  0xc6, 0x58, 0xc1, 0x00, 0xff, 0x18, 0x0b, 0x7f, 0x90, 0xa4, 0x03, 0xfc,
  0x40, 0x0b, 0x00, 0x78, 0x18, 0x07, 0xfc, 0x60, 0xe0, 0x0c, 0x01, 0x00,
  0xff, 0xa0, 0x2a, 0x69, 0xc2, 0x40, 0x3f, 0xe4, 0xa1, 0x65, 0x2b, 0x30,
  0x0f, 0xfe, 0x02, 0xf7, 0x5a, 0x80, 0x1f, 0xfc, 0x31, 0x10, 0x07, 0xf0,
  0xa2, 0x7f, 0xf0, 0xfc, 0x14, 0x2e, 0xff, 0xf8, 0x6c, 0xa5, 0xfb, 0xbf,
  0xfc, 0x3e, 0xa0, 0x26, 0x0d, 0xa6, 0xa0, 0x12, 0x2a, 0xff, 0xf0, 0x90,
  0x0f, 0x6e, 0xab, 0xff, 0x85, 0x76, 0x40, 0xee, 0xff, 0xe1, 0xc2, 0x00,
  0x8f, 0xff, 0x14, 0x03, 0xff, 0x9d, 0xdf, 0xfe, 0x20, 0x0f, 0xf9, 0x13,
  0x80, 0x3f, 0xf8, 0x55, 0x77, 0x70, 0x19, 0x00, 0x7f, 0xf0, 0xe0, 0x20,
  0x03, 0xff, 0x86, 0xa4, 0x68, 0x01, 0xff, 0xc3, 0x80, 0xf0, 0x0f, 0xfe,
  0x1b, 0x12, 0x18, 0x07, 0xff, 0x0e, 0xc2, 0x00, 0x3f, 0xf8, 0x6c, 0x48,
  0x60, 0x1f, 0xfc, 0x3b, 0x08, 0x00, 0xff, 0xe2, 0x7e, 0x98, 0x07, 0xff,
  0x10, 0x88, 0x01, 0xff, 0x0a, 0x27, 0xff, 0x0f, 0xc1, 0x42, 0xef, 0xff,
  0x86, 0xca, 0x5f, 0xbb, 0xff, 0xc3, 0xea, 0x26, 0x0d, 0xa6, 0xa0, 0x12,
  0x2a, 0xff, 0xf0, 0x90, 0x0f, 0x6e, 0xab, 0xff, 0x85, 0x76, 0x40, 0xee,
  0xff, 0xe1, 0xc2, 0x00, 0x8f, 0xff, 0x14, 0x03, 0xf8, 0xd9, 0x44, 0x03,
  0xff, 0x82, 0x39, 0x89, 0xae, 0x60, 0x0f, 0xfe, 0x04, 0x1a, 0x65, 0x04,
  0x88, 0x07, 0xfc, 0x41, 0xe6, 0xa6, 0x04, 0x01, 0xff, 0x60, 0x70, 0x99,
  0x84, 0xc0, 0x3f, 0xe7, 0x85, 0xec, 0x3c, 0x00, 0xff, 0xe0, 0x2c, 0x0b,
  0x21, 0xc8, 0x07, 0xff, 0x02, 0x83, 0x26, 0xd1, 0x0c, 0x01, 0xff, 0xc1,
  0x30, 0x01, 0x07, 0x00, 0x7f, 0xc8, 0x1a, 0xf2, 0xc1, 0x60, 0x1f, 0xf5,
  0x29, 0xc3, 0x15, 0x18, 0x07, 0xfc, 0x35, 0xfd, 0xcd, 0x50, 0x0f, 0xfe,
  0x18, 0x88, 0x03, 0xf8, 0x51, 0x3f, 0xf8, 0x7e, 0x0a, 0x17, 0x7f, 0xfc,
  0x36, 0x52, 0xfd, 0xdf, 0xfe, 0x1f, 0x50, 0x26, 0x0d, 0xa6, 0xa0, 0x12,
  0x2a, 0xff, 0xf0, 0x90, 0x0f, 0x6e, 0xab, 0xff, 0x85, 0x76, 0x40, 0xee,
  0xff, 0xe1, 0xc2, 0x00, 0x8f, 0xff, 0x14, 0x03, 0xf9, 0x5d, 0x84, 0x03,
  0xff, 0x82, 0x5b, 0x51, 0x3c, 0xa0, 0x1f, 0xfc, 0x0e, 0x25, 0xc9, 0x0a,
  0x10, 0x0f, 0xf8, 0xc2, 0x8d, 0x94, 0x18, 0x03, 0xfc, 0x20, 0x20, 0x1d,
  0xa0, 0x1f, 0xe1, 0x21, 0x81, 0x55, 0x00, 0x80, 0x7f, 0xdc, 0x2f, 0xd4,
  0x40, 0x20, 0x1f, 0xf1, 0xfc, 0xbd, 0xd8, 0x08, 0x03, 0xfe, 0xbd, 0x78,
  0x4d, 0x0b, 0x00, 0xff, 0x88, 0xf2, 0x31, 0x10, 0x60, 0x1f, 0xf4, 0xb1,
  0x39, 0xb5, 0x80, 0x7f, 0xf0, 0x67, 0xfb, 0xe4, 0x03, 0xff, 0x88, 0x20,
  0x1f, 0xe1, 0x44, 0xff, 0xe1, 0xf8, 0x28, 0x5d, 0xff, 0xf0, 0xd9, 0x4b,
  0xf7, 0x7f, 0xf8, 0x7d, 0x40, 0x26, 0x0d, 0xa6, 0xa0, 0x12, 0x2a, 0xff,
  0xf0, 0x90, 0x0f, 0x6e, 0xab, 0xff, 0x85, 0x76, 0x40, 0xee, 0xff, 0xe1,
  0xc2, 0x00, 0x8f, 0xff, 0x14, 0x03, 0xf9, 0x1d, 0x88, 0x03, 0xff, 0x85,
  0x76, 0x89, 0xd6, 0x00, 0xff, 0xe0, 0x3a, 0x16, 0x48, 0x49, 0x00, 0x7f,
  0xd2, 0x1e, 0x7e, 0x21, 0x40, 0x1f, 0xe2, 0x12, 0x20, 0xbd, 0x02, 0x00,
  0x7f, 0x84, 0x04, 0x22, 0x54, 0x04, 0x03, 0xfc, 0x20, 0x01, 0x76, 0x30,
  0x0f, 0xfe, 0x01, 0x81, 0xc3, 0x0b, 0x83, 0x00, 0x7f, 0x84, 0xc1, 0xa4,
  0x38, 0x34, 0x03, 0xfe, 0x80, 0x04, 0x62, 0x13, 0x00, 0x7f, 0xc9, 0x42,
  0xc6, 0x98, 0x01, 0xff, 0xc1, 0x5e, 0xe7, 0xd8, 0x80, 0x7f, 0xf0, 0xc4,
  0x03, 0xfc, 0x28, 0x9f, 0xfc, 0x3f, 0x05, 0x0b, 0xbf, 0xfe, 0x1b, 0x29,
  0x7e, 0xef, 0xff, 0x0f, 0xa8, 0x26, 0x0d, 0xa6, 0xa0, 0x12, 0x2a, 0xff,
  0xf0, 0x90, 0x0f, 0x6e, 0xab, 0xff, 0x85, 0x76, 0x40, 0xee, 0xff, 0xe1,
  0xc2, 0x00, 0x8f, 0xff, 0x14, 0x03, 0xfc, 0x24, 0x01, 0xff, 0xc5, 0xfd,
  0x10, 0x0f, 0xfe, 0x14, 0xe8, 0x80, 0x7f, 0xf1, 0x18, 0x80, 0x3f, 0xf8,
  0xbf, 0xe1, 0x00, 0xff, 0xff, 0x80, 0x7f, 0xfb, 0x7b, 0xc4, 0x03, 0xff,
  0x9e, 0x28, 0x9f, 0xfc, 0x3f, 0x05, 0x0b, 0xbf, 0xfe, 0x1b, 0x29, 0x7e,
  0xef, 0xff, 0x0f, 0xa8, 0x26, 0x0d, 0xa6, 0xa0, 0x12, 0x2a, 0xff, 0xf0,
  0x90, 0x0f, 0x6e, 0xab, 0xff, 0x85, 0x76, 0x40, 0xee, 0xff, 0xe1, 0xc2,
  0x00, 0x8f, 0xff, 0x14, 0x03, 0xff, 0x9d, 0x1f, 0xfe, 0x40, 0x0f, 0xfb,
  0x55, 0x62, 0x00, 0x30, 0x07, 0xfc, 0xb5, 0x4e, 0x21, 0xb2, 0x00, 0xff,
  0xe0, 0xbd, 0x96, 0x20, 0x07, 0xff, 0x0a, 0x40, 0xbd, 0xc0, 0x3f, 0xf8,
  0x59, 0xb6, 0x10, 0xc0, 0x1f, 0xf2, 0xa8, 0x88, 0x90, 0x1a, 0x01, 0xff,
  0x55, 0x08, 0x00, 0x40, 0x20, 0x1f, 0xf3, 0x86, 0x4d, 0x40, 0x70, 0x07,
  0xfd, 0x0e, 0x0c, 0xa5, 0x48, 0x01, 0xff, 0xc0, 0x8e, 0xeb, 0x54, 0x03,
  0xff, 0x86, 0x22, 0x00, 0xfe, 0x14, 0x4f, 0xfe, 0x1f, 0x82, 0x85, 0xdf,
  0xff, 0x0d, 0x94, 0xbf, 0x77, 0xff, 0x87, 0xd4, 0x26, 0x0d, 0xa6, 0xa0,
  0x12, 0x2a, 0xff, 0xf0, 0x90, 0x0f, 0x6e, 0xab, 0xff, 0x85, 0x76, 0x40,
  0xee, 0xff, 0xe1, 0xc2, 0x00, 0x8f, 0xff, 0x14, 0x03, 0xfe, 0x22, 0x00,
  0x7f, 0xf1, 0x1f, 0x60, 0x03, 0xff, 0x86, 0x70, 0x54, 0x01, 0xff, 0xc3,
  0xe0, 0xe0, 0x0f, 0xfe, 0x1c, 0x93, 0x8a, 0x98, 0x07, 0xff, 0x01, 0x18,
  0xe1, 0x2a, 0x80, 0x1f, 0xf0, 0xd0, 0x70, 0x07, 0xff, 0x0d, 0x84, 0x3f,
  0x60, 0x1f, 0x00, 0x3f, 0xc2, 0x44, 0x00, 0xe7, 0x00, 0xff, 0x36, 0xee,
  0x80, 0x7b, 0x00, 0xff, 0xeb, 0x37, 0xc8, 0x07, 0xff, 0x38, 0x51, 0x3f,
  0xf8, 0x7e, 0x0a, 0x17, 0x7f, 0xfc, 0x36, 0x52, 0xfd, 0xdf, 0xfe, 0x1f,
  0x50, 0x26, 0x0d, 0xa6, 0xa0, 0x12, 0x2a, 0xff, 0xf0, 0x90, 0x0f, 0x6e,
  0xab, 0xff, 0x85, 0x76, 0x40, 0xee, 0xff, 0xe1, 0xc2, 0x00, 0x8f, 0xff,
  0x14, 0x03, 0xfe, 0x22, 0x00, 0x7f, 0xf1, 0x27, 0x64, 0x03, 0xff, 0x86,
  0xac, 0x34, 0x01, 0xff, 0xc2, 0x1b, 0x0a, 0x10, 0x0f, 0xfe, 0x15, 0x09,
  0x6b, 0x00, 0x7f, 0xf0, 0x55, 0x00, 0xda, 0x74, 0x40, 0x3f, 0xe9, 0x08,
  0xef, 0x42, 0x90, 0x0f, 0xf8, 0xc1, 0xc0, 0x1e, 0x06, 0x01, 0xff, 0x10,
  0x18, 0x00, 0xc0, 0x80, 0x3f, 0xeb, 0x0d, 0x9a, 0x80, 0xa0, 0x0f, 0xf9,
  0xa4, 0x19, 0x4a, 0xcc, 0x03, 0xff, 0x80, 0xdd, 0xd6, 0xa0, 0x07, 0xff,
  0x0c, 0x44, 0x01, 0xfc, 0x28, 0x9f, 0xfc, 0x3f, 0x05, 0x0b, 0xbf, 0xfe,
  0x1b, 0x29, 0x7e, 0xef, 0xff, 0x0f, 0xa8, 0x26, 0x0d, 0xa6, 0xa0, 0x12,
  0x2a, 0xff, 0xf0, 0x90, 0x0f, 0x6e, 0xab, 0xff, 0x85, 0x76, 0x40, 0xee,
  0xff, 0xe1, 0xc2, 0x00, 0x8f, 0xff, 0x14, 0x03, 0xf9, 0x1d, 0x88, 0x03,
  0xff, 0x82, 0x39, 0x71, 0x3b, 0x00, 0x1f, 0xfc, 0x08, 0x34, 0xcb, 0x17,
  0x50, 0x0f, 0xf9, 0xc2, 0x8d, 0x2c, 0x3c, 0x03, 0xfe, 0x10, 0x0f, 0xfe,
  0x32, 0x05, 0x89, 0x40, 0x60, 0x07, 0xfd, 0x22, 0xbd, 0xa4, 0x2c, 0x01,
  0xff, 0x17, 0x54, 0x00, 0x2c, 0x03, 0xff, 0x84, 0xba, 0x0c, 0xa0, 0x1f,
  0xfc, 0x26, 0x52, 0x90, 0x0f, 0xfe, 0x11, 0x48, 0x70, 0x07, 0xff, 0x0c,
  0xbf, 0xc6, 0x01, 0xff, 0xd0, 0x14, 0x4f, 0xfe, 0x1f, 0x82, 0x85, 0xdf,
  0xff, 0x0d, 0x94, 0xbf, 0x77, 0xff, 0x87, 0xd4, 0x26, 0x0d, 0xa6, 0xa0,
  0x12, 0x2a, 0xff, 0xf0, 0x90, 0x0f, 0x6e, 0xab, 0xff, 0x85, 0x76, 0x40,
  0xee, 0xff, 0xe1, 0xc2, 0x00, 0x8f, 0xff, 0x14, 0x03, 0xfc, 0x64, 0x01,
  0xff, 0xc4, 0x2c, 0xd0, 0x0f, 0xfe, 0x21, 0x80, 0x7f, 0xf2, 0x04, 0x03,
  0xff, 0xae, 0x20, 0x60, 0x1f, 0xfe, 0xbe, 0xc0, 0x0f, 0xfe, 0x20, 0xf7,
  0x80, 0x7f, 0xf1, 0x8c, 0x03, 0xff, 0x88, 0x3f, 0xa0, 0x1f, 0xfd, 0x01,
  0x44, 0xff, 0xe1, 0xf8, 0x28, 0x5d, 0xff, 0xf0, 0xd9, 0x4b, 0xf7, 0x7f,
  0xf8, 0x7d, 0x40, 0x26, 0x0d, 0xa6, 0xa0, 0x12, 0x2a, 0xff, 0xf0, 0x90,
  0x0f, 0x6e, 0xab, 0xff, 0x85, 0x76, 0x40, 0xee, 0xff, 0xe1, 0xc2, 0x00,
  0x8f, 0xff, 0x14, 0x03, 0xf9, 0x1d, 0xc4, 0x01, 0xff, 0xc2, 0xbb, 0x44,
  0x35, 0xc0, 0x3f, 0xf8, 0x0c, 0x87, 0x94, 0x10, 0x20, 0x1f, 0xf7, 0x84,
  0x1a, 0x98, 0x18, 0x07, 0xfd, 0x3e, 0x80, 0xa6, 0x24, 0x01, 0xff, 0xc2,
  0x8a, 0x1d, 0x00, 0xff, 0xe1, 0x13, 0x97, 0x98, 0x07, 0xff, 0x08, 0x4a,
  0x84, 0x03, 0xff, 0x86, 0x7e, 0xe0, 0x1f, 0xfc, 0x45, 0xda, 0x00, 0xff,
  0xe3, 0x18, 0x07, 0xff, 0x11, 0x7a, 0x40, 0x3f, 0xf8, 0xa2, 0x01, 0xfe,
  0x14, 0x4f, 0xfe, 0x1f, 0x82, 0x85, 0xdf, 0xff, 0x0d, 0x94, 0xbf, 0x77,
  0xff, 0x87, 0xd4, 0x26, 0x0d, 0xa6, 0xa0, 0x12, 0x2a, 0xff, 0xf0, 0x90,
  0x0f, 0x6e, 0xab, 0xff, 0x85, 0x76, 0x40, 0xee, 0xff, 0xe1, 0xc2, 0x00,
  0x8f, 0xff, 0x14, 0x03, 0xf8, 0x84, 0x00, 0x40, 0x1f, 0xfc, 0x11, 0xd6,
  0x07, 0xd0, 0x0f, 0xfe, 0x09, 0x01, 0x86, 0x88, 0x07, 0xff, 0x01, 0xe0,
  0x3a, 0x50, 0x24, 0x03, 0xfe, 0x94, 0x05, 0x61, 0x13, 0x80, 0x7f, 0xdc,
  0x85, 0xfa, 0x13, 0xc0, 0x1f, 0xfc, 0x05, 0x70, 0x70, 0x20, 0x0f, 0xf9,
  0xfc, 0x57, 0xe8, 0x2d, 0xc0, 0x3f, 0xc6, 0xc0, 0xd0, 0x43, 0x0a, 0x01,
  0xfe, 0x4f, 0x0b, 0x71, 0x57, 0x20, 0x0f, 0xfb, 0x80, 0x80, 0xc8, 0x03,
  0xff, 0x83, 0x1e, 0x00, 0xf9, 0x00, 0xff, 0xe7, 0x8a, 0x27, 0xff, 0x0f,
  0xc1, 0x42, 0xef, 0xff, 0x86, 0xca, 0x5f, 0xbb, 0xff, 0xc3, 0xea, 0x26,
  0x0d, 0xa6, 0xa0, 0x12, 0x2a, 0xff, 0xf0, 0x90, 0x0f, 0x6e, 0xab, 0xff,
  0x85, 0x76, 0x40, 0xee, 0xff, 0xe1, 0xc2, 0x00, 0x8f, 0xff, 0x14, 0x03,
  0xff, 0xfe, 0x01, 0xff, 0xd0, 0x8f, 0xfc, 0x20, 0x1f, 0xfc, 0x1e, 0x55,
  0xc2, 0x01, 0xff, 0xc1, 0x6a, 0xac, 0x01, 0xff, 0xff, 0x00, 0xff, 0xe8,
  0x0a, 0x27, 0xff, 0x0f, 0xc1, 0x42, 0xef, 0xff, 0x86, 0xca, 0x5f, 0xbb,
  0xff, 0xc3, 0xea, 0x26, 0x0d, 0xa6, 0xa0, 0x12, 0x2a, 0xff, 0xf0, 0x90,
  0x0f, 0x6e, 0xab, 0xff, 0x85, 0x76, 0x40, 0xee, 0xff, 0xe1, 0xc2, 0x00,
  0x8f, 0xff, 0x14, 0x03, 0xff, 0xcc, 0x96, 0x20, 0x1f, 0xfc, 0x26, 0xdb,
  0x40, 0x0f, 0xfe, 0x00, 0xc7, 0x49, 0x36, 0x88, 0x07, 0xfd, 0x8e, 0x73,
  0xf2, 0x40, 0x1f, 0xfc, 0x06, 0x02, 0xf2, 0x00, 0xff, 0xe1, 0x5d, 0x1b,
  0x6e, 0x28, 0x07, 0xff, 0x05, 0x73, 0x0a, 0x74, 0x40, 0x1f, 0xfc, 0x23,
  0xae, 0x73, 0x00, 0xff, 0xe2, 0x0c, 0x08, 0x07, 0xff, 0x80, 0x51, 0x3f,
  0xf8, 0x7e, 0x0a, 0x17, 0x7f, 0xfc, 0x36, 0x52, 0xfd, 0xdf, 0xfe, 0x1f,
  0x50, 0x26, 0x0d, 0xa6, 0xa0, 0x12, 0x2a, 0xff, 0xf0, 0x90, 0x0f, 0x6e,
  0xab, 0xff, 0x85, 0x76, 0x40, 0xee, 0xff, 0xe1, 0xc2, 0x00, 0x8f, 0xff,
  0x14, 0x03, 0xff, 0xc3, 0x10, 0x10, 0x0f, 0xfe, 0x20, 0xbf, 0x51, 0x00,
  0x7f, 0xf0, 0xa6, 0x8d, 0x76, 0xd0, 0x03, 0xff, 0x82, 0xb9, 0xac, 0x96,
  0xa0, 0x1f, 0xfc, 0x27, 0x50, 0x00, 0x80, 0x7f, 0xc5, 0x1d, 0x46, 0xfc,
  0x80, 0x1f, 0xf5, 0xb9, 0xc7, 0xc0, 0x80, 0x7f, 0xf0, 0x3e, 0xb5, 0xc0,
  0x3f, 0xf8, 0x6c, 0xa0, 0x1f, 0xfe, 0x61, 0x44, 0xff, 0xe1, 0xf8, 0x28,
  0x5d, 0xff, 0xf0, 0xd9, 0x4b, 0xf7, 0x7f, 0xf8, 0x7d, 0x40, 0x26, 0x0d,
  0xa6, 0xa0, 0x12, 0x2a, 0xff, 0xf0, 0x90, 0x0f, 0x6e, 0xab, 0xff, 0x85,
  0x76, 0x40, 0xee, 0xff, 0xe1, 0xc2, 0x00, 0x8f, 0xff, 0x14, 0x03, 0xff,
  0xe8, 0xf5, 0x5e, 0x00, 0xff, 0xe0, 0x62, 0xaf, 0x84, 0x03, 0xfe, 0xbf,
  0xff, 0x08, 0x07, 0xfc, 0x23, 0xf0, 0x07, 0xff, 0x02, 0xbb, 0xbc, 0x20,
  0x1f, 0xf6, 0xb3, 0x78, 0x40, 0x3f, 0xe6, 0x99, 0xf0, 0x07, 0xff, 0xd0,
  0x51, 0x3f, 0xf8, 0x7e, 0x0a, 0x17, 0x7f, 0xfc, 0x36, 0x52, 0xfd, 0xdf,
  0xfe, 0x1f, 0x50, 0x26, 0x0d, 0xa6, 0xa0, 0x12, 0x2a, 0xff, 0xf0, 0x90,
  0x0f, 0x6e, 0xab, 0xff, 0x85, 0x76, 0x40, 0xee, 0xff, 0xe1, 0xc2, 0x00,
  0x8f, 0xff, 0x14, 0x03, 0xff, 0xa0, 0x3f, 0x20, 0x1f, 0xfe, 0x71, 0x18,
  0x80, 0xc4, 0x60, 0x0f, 0xf7, 0xf7, 0x30, 0x17, 0xba, 0x60, 0x0f, 0xe9,
  0x77, 0x30, 0x1b, 0xbc, 0xa0, 0x1f, 0xcf, 0x11, 0x02, 0xc4, 0x46, 0x01,
  0xff, 0xe6, 0x19, 0xa0, 0x0f, 0xfe, 0x2b, 0x18, 0x07, 0xff, 0x40, 0x51,
  0x3f, 0xf8, 0x7e, 0x0a, 0x17, 0x7f, 0xfc, 0x36, 0x52, 0xfd, 0xdf, 0xfe,
  0x1f, 0x50, 0x26, 0x0d, 0xa6, 0xa0, 0x12, 0x2a, 0xff, 0xf0, 0x90, 0x0f,
  0x6e, 0xab, 0xff, 0x85, 0x76, 0x40, 0xee, 0xff, 0xe1, 0xc2, 0x00, 0x8f,
  0xff, 0x14, 0x03, 0xff, 0xfe, 0x01, 0xff, 0xcf, 0xcf, 0xff, 0x08, 0x07,
  0xfc, 0xa6, 0x7e, 0x10, 0x0f, 0xfa, 0x73, 0x3c, 0x01, 0xff, 0xff, 0x00,
  0xff, 0xe7, 0x8a, 0x27, 0xff, 0x0f, 0xc1, 0x42, 0xef, 0xff, 0x86, 0xca,
  0x5f, 0xbb, 0xff, 0xc3, 0xea, 0x26, 0x0d, 0xa6, 0xa0, 0x12, 0x2a, 0xff,
  0xf0, 0x90, 0x0f, 0x6e, 0xab, 0xff, 0x85, 0x76, 0x40, 0xee, 0xff, 0xe1,
  0xc2, 0x00, 0x8f, 0xff, 0x14, 0x03, 0xff, 0xc4, 0xc0, 0x11, 0x20, 0x07,
  0xff, 0x02, 0x26, 0x40, 0x59, 0x62, 0x01, 0xff, 0x49, 0x35, 0x60, 0xc8,
  0x80, 0x7f, 0xc3, 0x84, 0xa3, 0x2c, 0x01, 0xff, 0xc1, 0x33, 0x00, 0x3c,
  0x03, 0xff, 0x82, 0x58, 0x30, 0x4d, 0x20, 0x1f, 0xfc, 0x05, 0x19, 0x7c,
  0x27, 0x10, 0x0f, 0xf9, 0xf1, 0x80, 0x73, 0x02, 0x01, 0xff, 0xc0, 0x30,
  0x08, 0x48, 0x03, 0xff, 0xc2, 0x28, 0x9f, 0xfc, 0x3f, 0x05, 0x0b, 0xbf,
  0xfe, 0x1b, 0x29, 0x7e, 0xef, 0xff, 0x0f, 0xa8, 0x26, 0x0d, 0xa6, 0xa0,
  0x12, 0x2a, 0xff, 0xf0, 0x90, 0x0f, 0x6e, 0xab, 0xff, 0x85, 0x76, 0x40,
  0xee, 0xff, 0xe1, 0xc2, 0x00, 0x8f, 0xff, 0x14, 0x03, 0xff, 0xc6, 0x9e,
  0xe0, 0x1f, 0xfc, 0x42, 0x0d, 0x00, 0xff, 0xe2, 0x35, 0xd0, 0x07, 0xff,
  0x0a, 0xfb, 0x95, 0xdd, 0x08, 0x07, 0xfc, 0x45, 0xf0, 0x80, 0x7f, 0xd3,
  0x98, 0xad, 0xcc, 0x00, 0x7f, 0xf0, 0x9e, 0x68, 0x03, 0xff, 0x88, 0x87,
  0xa0, 0x1f, 0xfc, 0x43, 0xc6, 0x00, 0xff, 0xf1, 0x8a, 0x27, 0xff, 0x0f,
  0xc1, 0x42, 0xef, 0xff, 0x86, 0xca, 0x5f, 0xbb, 0xff, 0xc3, 0xea, 0x26,
  0x0d, 0xa6, 0xa0, 0x12, 0x2a, 0xff, 0xf0, 0x90, 0x0f, 0x6e, 0xab, 0xff,
  0x85, 0x76, 0x40, 0xee, 0xff, 0xe1, 0xc2, 0x00, 0x8f, 0xff, 0x14, 0x03,
  0xfc, 0x20, 0x1f, 0xfc, 0x52, 0xf9, 0x00, 0xff, 0xe1, 0x96, 0x0b, 0x48,
  0x07, 0xff, 0x04, 0xb0, 0x00, 0x2d, 0x20, 0x1f, 0xf1, 0x60, 0xe8, 0x33,
  0x52, 0x01, 0xfe, 0xc0, 0xc3, 0x01, 0x96, 0x63, 0x80, 0x7f, 0x5e, 0x98,
  0x06, 0x98, 0x70, 0x0f, 0xe5, 0x30, 0x0f, 0x38, 0x07, 0xff, 0xef, 0xe4,
  0x03, 0xff, 0xa0, 0x28, 0x9f, 0xfc, 0x3f, 0x05, 0x0b, 0xbf, 0xfe, 0x1b,
  0x29, 0x7e, 0xef, 0xff, 0x0f, 0xa8, 0x26, 0x0d, 0xa6, 0xa0, 0x12, 0x2a,
  0xff, 0xf0, 0x90, 0x0f, 0x6e, 0xab, 0xff, 0x85, 0x76, 0x40, 0xee, 0xff,
  0xe1, 0xc2, 0x00, 0x8f, 0xff, 0x14, 0x03, 0xfc, 0x62, 0x01, 0xff, 0xc5,
  0xc8, 0x00, 0xff, 0xfd, 0x3a, 0x80, 0x7a, 0x88, 0x03, 0xfa, 0xa8, 0xa0,
  0x01, 0x0c, 0x57, 0x00, 0xfe, 0xc2, 0xa5, 0x01, 0xc3, 0x95, 0x00, 0xfe,
  0x1c, 0x2a, 0x06, 0x39, 0x60, 0x0f, 0xf8, 0x70, 0x80, 0x12, 0xc0, 0x1f,
  0xfc, 0x11, 0xc2, 0x96, 0x00, 0xff, 0xe1, 0x8e, 0xb0, 0x07, 0xff, 0x40,
  0x51, 0x3f, 0xf8, 0x7e, 0x0a, 0x17, 0x7f, 0xfc, 0x36, 0x52, 0xfd, 0xdf,
  0xfe, 0x1f, 0x50, 0x26, 0x0d, 0xa6, 0xa0, 0x12, 0x2a, 0xff, 0xf0, 0x90,
  0x0f, 0x6e, 0xab, 0xff, 0x85, 0x76, 0x40, 0xee, 0xff, 0xe1, 0xc2, 0x00,
  0x8f, 0xff, 0x14, 0x03, 0xff, 0xa0, 0x3a, 0x60, 0x1f, 0xfc, 0x31, 0xc2,
  0x70, 0x0f, 0xfe, 0x10, 0xe1, 0x5a, 0x00, 0x7f, 0xf0, 0x4b, 0xcb, 0x10,
  0x03, 0xff, 0x82, 0x38, 0x21, 0x9f, 0xfd, 0xa0, 0x1f, 0x85, 0x00, 0x55,
  0x7e, 0x00, 0xfe, 0xa5, 0x12, 0xaa, 0xe8, 0x00, 0xff, 0x52, 0xbc, 0x00,
  0x7f, 0xf1, 0x29, 0x5d, 0x80, 0x3f, 0xf8, 0x94, 0xee, 0x00, 0xff, 0xe2,
  0xc0, 0x80, 0x7f, 0xf4, 0x05, 0x13, 0xff, 0x87, 0xe0, 0xa1, 0x77, 0xff,
  0xc3, 0x65, 0x2f, 0xdd, 0xff, 0xe1, 0xf5, 0x00, 0x26, 0x0d, 0xa6, 0xa0,
  0x12, 0x2a, 0xff, 0xf0, 0x90, 0x0f, 0x6e, 0xab, 0xff, 0x85, 0x76, 0x40,
  0xee, 0xff, 0xe1, 0xc2, 0x00, 0x8f, 0xff, 0x14, 0x03, 0xff, 0xa3, 0x4e,
  0x01, 0xff, 0xc5, 0x18, 0x80, 0x07, 0xff, 0x12, 0xd1, 0xe0, 0x03, 0xff,
  0x89, 0x6a, 0xf0, 0x01, 0xfc, 0xbf, 0xfe, 0x50, 0x78, 0x00, 0xfc, 0xca,
  0xbe, 0x40, 0x05, 0x80, 0x7e, 0x3a, 0xae, 0x86, 0x0b, 0x30, 0x0f, 0xfe,
  0x09, 0x61, 0x5a, 0x00, 0x7f, 0xf0, 0xbc, 0x6d, 0x00, 0x3f, 0xf8, 0x77,
  0x64, 0x00, 0xff, 0xe2, 0x32, 0x00, 0x7f, 0xf4, 0x05, 0x13, 0xff, 0x87,
  0xe0, 0xa1, 0x77, 0xff, 0xc3, 0x65, 0x2f, 0xdd, 0xff, 0xe1, 0xf5, 0x00,
  0x26, 0x0d, 0xa6, 0xa0, 0x12, 0x2a, 0xff, 0xf0, 0x90, 0x0f, 0x6e, 0xab,
  0xff, 0x85, 0x76, 0x40, 0xee, 0xff, 0xe1, 0xc2, 0x00, 0x8f, 0xff, 0x14,
  0x03, 0xff, 0xd1, 0x48, 0x01, 0xff, 0xc4, 0xb5, 0x90, 0x0f, 0xfe, 0x1d,
  0xa1, 0x60, 0x07, 0xf3, 0x68, 0x80, 0x2d, 0x0b, 0x04, 0x03, 0xfb, 0x0b,
  0x0a, 0xd0, 0xb0, 0x40, 0x3f, 0xd4, 0xa5, 0xa8, 0x58, 0x20, 0x1f, 0xfc,
  0x0a, 0x50, 0x2c, 0x10, 0x0f, 0xfe, 0x15, 0x3e, 0x08, 0x07, 0xff, 0x12,
  0x04, 0x03, 0xff, 0xc8, 0x28, 0x9f, 0xfc, 0x3f, 0x05, 0x0b, 0xbf, 0xfe,
  0x1b, 0x29, 0x7e, 0xef, 0xff, 0x0f, 0xa8, 0x26, 0x0d, 0xa6, 0xa0, 0x12,
  0x2a, 0xff, 0xf0, 0x90, 0x0f, 0x6e, 0xab, 0xff, 0x85, 0x76, 0x40, 0xee,
  0xff, 0xe1, 0xc2, 0x00, 0x8f, 0xff, 0x14, 0x03, 0xff, 0xc2, 0x92, 0x01,
  0x1d, 0x00, 0x7f, 0xf0, 0x25, 0xa8, 0x0f, 0x15, 0x80, 0x3f, 0xef, 0x15,
  0xbc, 0x07, 0x60, 0x0f, 0xf8, 0xb0, 0x50, 0x1e, 0x00, 0x3f, 0xf8, 0x22,
  0x20, 0x01, 0x00, 0x7f, 0xf0, 0x4f, 0x01, 0x89, 0x68, 0x03, 0xff, 0x81,
  0xc0, 0xf3, 0x84, 0xaa, 0x00, 0xff, 0xbe, 0x20, 0x03, 0x90, 0xa0, 0x1f,
  0xf1, 0x38, 0x04, 0x2e, 0x01, 0xff, 0xe1, 0x14, 0x4f, 0xfe, 0x1f, 0x82,
  0x85, 0xdf, 0xff, 0x0d, 0x94, 0xbf, 0x77, 0xff, 0x87, 0xd4, 0x0c, 0x02,
  0x0a, 0x38, 0x07, 0x0e, 0xfe, 0xf4, 0x95, 0xb0, 0x80, 0x18, 0x01, 0x43,
  0xaa, 0x05, 0xdc, 0x60, 0x08, 0x75, 0x40, 0x0c, 0x11, 0x8a, 0x28, 0x07,
  0x77, 0xfc, 0x20, 0x1f, 0xe3, 0x11, 0x80, 0x1a, 0x10, 0x16, 0x58, 0x07,
  0xff, 0x0d, 0xf0, 0x03, 0xf3, 0xc0, 0x07, 0xe7, 0x83, 0xc0, 0x0f, 0x3c,
  0x26, 0x00, 0x79, 0xa0, 0x13, 0xff, 0xce, 0xa2, 0x06, 0xab, 0xe3, 0x36,
  0x89, 0x45, 0x57, 0x20, 0x1e, 0x86, 0x10, 0x07, 0xc7, 0xa1, 0x82, 0x01,
  0xf1, 0xec, 0x88, 0x06, 0x24, 0x10, 0x20, 0x58, 0x07, 0xff, 0x21, 0xb0,
  0x03, 0xff, 0x82, 0xd2, 0xe0, 0x1f, 0xfc, 0x06, 0x93, 0xb0, 0x0f, 0xf9,
  0xa5, 0x30, 0x03, 0xfe, 0x69, 0x04, 0xff, 0xff, 0xb5, 0x44, 0x0d, 0x57,
  0xfe, 0x43, 0xd1, 0x28, 0xaa, 0xff, 0x48, 0x1e, 0x86, 0x10, 0x07, 0xff,
  0x00, 0xf4, 0x30, 0x40, 0x3f, 0xf8, 0x07, 0xb2, 0x20, 0x1f, 0xc0, 0x4a,
  0x10, 0x46, 0x58, 0x07, 0xff, 0x6d, 0xac, 0x03, 0xff, 0xa8, 0xd2, 0xe0,
  0x1f, 0xfd, 0x36, 0x93, 0xc0, 0x0f, 0xfe, 0x93, 0x49, 0xe0, 0x07, 0xff,
  0x49, 0xa4, 0x0f, 0xff, 0xff, 0xa5, 0x2a, 0x20, 0x6a, 0xbf, 0xfd, 0x2f,
  0x3d, 0x12, 0x8a, 0xaf, 0xfe, 0x8b, 0x01, 0xe8, 0x61, 0x00, 0x7f, 0xf4,
  0xcf, 0x43, 0x04, 0x03, 0xff, 0xa6, 0x7b, 0x22, 0x01, 0xff, 0xd0, 0x1a,
  0x10, 0x16, 0x50, 0x06, 0x48, 0x00, 0xfc, 0x96, 0xc2, 0x01, 0xe4, 0xb1,
  0xc1, 0x00, 0xe4, 0xb0, 0x1d, 0xff, 0xce, 0x96, 0x4e, 0xff, 0x20, 0x07,
  0xfc, 0x96, 0x4e, 0xff, 0x20, 0x25, 0x80, 0xef, 0xfe, 0x70, 0x02, 0x60,
  0xe0, 0x80, 0x7c, 0x78, 0xc2, 0x01, 0x80, 0x24, 0x10, 0x20, 0x50, 0x06,
  0x48, 0x00, 0xff, 0xe0, 0xa5, 0xb0, 0x80, 0x7f, 0xc9, 0x63, 0x82, 0x01,
  0xfe, 0x4b, 0x01, 0xdf, 0xff, 0xed, 0x4b, 0x27, 0x7f, 0xfe, 0x05, 0x00,
  0x7f, 0xf1, 0x12, 0xc9, 0xdf, 0xff, 0x81, 0x40, 0x96, 0x03, 0xbf, 0xff,
  0xda, 0x00, 0x4c, 0x1c, 0x10, 0x0f, 0xfe, 0x01, 0xe3, 0x08, 0x07, 0xf0,
  0x1a, 0x10, 0x16, 0x58, 0x07, 0xff, 0x12, 0xdc, 0x03, 0xfd, 0x0e, 0x01,
  0xfa, 0xd2, 0x1c, 0x03, 0xf5, 0xa4, 0x38, 0x37, 0xff, 0x90, 0x21, 0xc9,
  0x57, 0xc8, 0x02, 0x88, 0xaa, 0xe8, 0x50, 0xd3, 0x00, 0xe2, 0xc1, 0xc3,
  0x00, 0xe1, 0xc1, 0xc3, 0x00, 0xf0, 0xc6, 0x18, 0x04, 0x24, 0x10, 0x22,
  0x58, 0x07, 0xff, 0x3d, 0x70, 0x40, 0x3f, 0xf8, 0x67, 0xa2, 0x01, 0xff,
  0xc1, 0x5a, 0x3d, 0x10, 0x0f, 0xfe, 0x0a, 0xd1, 0xe8, 0x83, 0x7f, 0xff,
  0xd4, 0x07, 0xa0, 0x4a, 0xbf, 0xfc, 0x00, 0x02, 0x82, 0x55, 0x7f, 0xc0,
  0x06, 0x90, 0x0f, 0xfe, 0x05, 0x2b, 0x48, 0x07, 0xff, 0x02, 0x15, 0xa4,
  0x03, 0xff, 0x83, 0x51, 0x20, 0x18, 0x4a, 0x10, 0x46, 0x58, 0x07, 0xff,
  0xd2, 0x28, 0x03, 0xff, 0xaa, 0x2b, 0x40, 0x1f, 0xfd, 0x49, 0x65, 0xa0,
  0x0f, 0xfe, 0xa4, 0xb2, 0xd0, 0x37, 0xff, 0xff, 0x49, 0x81, 0x64, 0x95,
  0x7f, 0xfa, 0x48, 0x00, 0xc4, 0xaa, 0xff, 0xe8, 0xdb, 0x85, 0x28, 0x07,
  0xff, 0x44, 0x74, 0xe9, 0x40, 0x3f, 0xfa, 0x5a, 0x74, 0xa0, 0x1f, 0xfd,
  0x38, 0xa5, 0x00, 0x80, 0x1a, 0x10, 0x16, 0x50, 0x07, 0x42, 0x00, 0x7f,
  0x2d, 0xa0, 0x07, 0xef, 0x1b, 0x50, 0x03, 0x7f, 0xed, 0x10, 0xa5, 0x05,
  0x77, 0xf8, 0xa9, 0x40, 0x3f, 0xe5, 0x77, 0xf8, 0xad, 0x5b, 0xff, 0x68,
  0x85, 0xa0, 0x07, 0xbc, 0x6d, 0x00, 0x3e, 0xab, 0x40, 0x08, 0x24, 0x10,
  0x22, 0x50, 0x07, 0xf8, 0xe4, 0x03, 0xff, 0x87, 0x6d, 0x40, 0x1f, 0xfc,
  0x28, 0x65, 0xa0, 0x09, 0xbf, 0xff, 0xcc, 0x0b, 0x60, 0x05, 0x77, 0xff,
  0xe0, 0x2a, 0x58, 0x07, 0xff, 0x10, 0x41, 0x5d, 0xff, 0xf8, 0x0a, 0xaa,
  0x06, 0xff, 0xff, 0x30, 0x2d, 0x00, 0x7f, 0xf0, 0x21, 0x96, 0x80, 0x3f,
  0xf8, 0x34, 0xd4, 0x01, 0x80, 0x24, 0x10, 0x22, 0x50, 0x06, 0x65, 0x00,
  0xc3, 0x42, 0x01, 0xf3, 0xcf, 0x00, 0x65, 0x56, 0x08, 0x07, 0x3c, 0x25,
  0x80, 0x64, 0xa2, 0xc1, 0x00, 0x9e, 0x12, 0xc0, 0x3c, 0xb4, 0x58, 0x20,
  0xd0, 0x09, 0xff, 0xfa, 0x80, 0xb0, 0x10, 0x40, 0xd5, 0x7f, 0x80, 0x0a,
  0x05, 0x82, 0x53, 0x55, 0xf0, 0x01, 0xe0, 0x00, 0x58, 0x1a, 0x60, 0x1d,
  0x4a, 0xf0, 0x01, 0x8b, 0x03, 0xc0, 0x32, 0xa9, 0xe0, 0x03, 0xc5, 0x9a,
  0x01, 0x96, 0xe0, 0x03, 0x00, 0x30, 0x10, 0x2c, 0x50, 0x06, 0x65, 0x00,
  0xff, 0x1c, 0x80, 0x7c, 0xf3, 0xc0, 0x1f, 0xeb, 0x69, 0x00, 0xe7, 0x84,
  0xb0, 0x0f, 0xf4, 0x33, 0x24, 0x02, 0x78, 0x4b, 0x00, 0xff, 0xe0, 0x4b,
  0x32, 0x81, 0xa0, 0x13, 0xff, 0xff, 0x84, 0xc0, 0xb2, 0x82, 0x06, 0xab,
  0xff, 0xc2, 0x40, 0x06, 0x16, 0x09, 0x4d, 0x57, 0xff, 0x02, 0xd8, 0x29,
  0x40, 0xb0, 0x34, 0xc0, 0x3f, 0xc3, 0x85, 0x6a, 0x01, 0x16, 0x07, 0x80,
  0x7f, 0xa0, 0xad, 0x00, 0x38, 0xb3, 0x40, 0x3f, 0xd3, 0x88, 0x01, 0x00,
  0x24, 0x10, 0x22, 0x50, 0x06, 0x48, 0x00, 0xc7, 0x20, 0x1f, 0x92, 0xd8,
  0x40, 0x2b, 0x6a, 0x00, 0xf2, 0x58, 0xe0, 0x80, 0x50, 0xcb, 0x40, 0x19,
  0x2c, 0x07, 0x7f, 0xf9, 0x81, 0x6c, 0x00, 0x96, 0x4e, 0xff, 0xe5, 0x4b,
  0x00, 0xff, 0xe2, 0x08, 0x25, 0x93, 0xbf, 0xf9, 0x55, 0x40, 0x04, 0xb0,
  0x1d, 0xff, 0xe6, 0x05, 0xa0, 0x0c, 0x98, 0x38, 0x20, 0x14, 0x32, 0xd0,
  0x07, 0x8f, 0x18, 0x40, 0x2a, 0x6a, 0x00, 0xc0, 0x30, 0x10, 0x2c, 0x50,
  0x06, 0x48, 0x00, 0xff, 0x33, 0x00, 0x3e, 0x4b, 0x61, 0x00, 0xfe, 0xa9,
  0x60, 0x0e, 0x4b, 0x1c, 0x10, 0x0f, 0xed, 0x39, 0x70, 0x09, 0x2c, 0x07,
  0x7f, 0xff, 0xdc, 0x61, 0x0e, 0x09, 0x64, 0xef, 0xff, 0xc4, 0x38, 0x70,
  0x0f, 0xfe, 0x52, 0x59, 0x3b, 0xff, 0xf1, 0x0e, 0x5c, 0x12, 0xc0, 0x77,
  0xff, 0xfd, 0xc6, 0x12, 0xc0, 0x12, 0x60, 0xe0, 0x80, 0x7f, 0x69, 0xcb,
  0x00, 0x71, 0xe3, 0x08, 0x07, 0xf4, 0xc9, 0x80, 0x20, 0x06, 0x00, 0x08,
  0x58, 0x19, 0x01, 0x66, 0x81, 0x91, 0x80, 0xff, 0x00, 0x37, 0xc0, 0x23,
  0x00, 0xe1, 0x01, 0x00, 0xfe, 0x30, 0x08, 0x14, 0x0e, 0x94, 0x88, 0x00,
  0x4c, 0x00, 0x62, 0x01, 0x8f, 0x15, 0x58, 0x60, 0x18, 0xaa, 0x21, 0x44,
  0x01, 0xc9, 0xdc, 0x40, 0x0f, 0x46, 0x62, 0x00, 0x3c, 0xc0, 0x07, 0x00,
  0xe5, 0x04, 0x31, 0x40, 0x0d, 0xe1, 0x96, 0x1c, 0x01, 0x94, 0x15, 0x40,
  0xa0, 0x12, 0x81, 0x16, 0x05, 0x00, 0x70, 0x17, 0xf8, 0x83, 0x80, 0x50,
  0x11, 0x23, 0x04, 0x17, 0x03, 0xbb, 0xb0, 0x41, 0xf4, 0x2c, 0x03, 0x30,
  0x6d, 0xfb, 0x80, 0x68, 0xfb, 0x00, 0xdb, 0xa0, 0x0f, 0xc4, 0x40, 0x0c,
  0x14, 0x0e, 0x94, 0x88, 0x06, 0x33, 0x00, 0x7c, 0xd9, 0x86, 0x00, 0xe2,
  0xaa, 0xc4, 0x01, 0x8b, 0x59, 0x9a, 0x40, 0x1d, 0x19, 0x88, 0x00, 0xf3,
  0x00, 0x1c, 0x03, 0x94, 0x10, 0xc5, 0x00, 0x37, 0x86, 0x58, 0x70, 0x06,
  0x50, 0x55, 0x02, 0x80, 0x4a, 0x04, 0x58, 0x14, 0x01, 0xc0, 0x5f, 0xe2,
  0x0e, 0x01, 0x40, 0x44, 0x8c, 0x10, 0x5c, 0x0e, 0xee, 0xc1, 0x07, 0xd0,
  0xb0, 0x0c, 0xc1, 0xb7, 0xee, 0x01, 0xa3, 0xec, 0x03, 0x6e, 0x80, 0x3f,
  0x11, 0x00, 0x30, 0x14, 0x00, 0x16, 0x70, 0x07, 0xff, 0x04, 0xfe, 0xd3,
  0xe8, 0x03, 0x84, 0x88, 0xe4, 0x40, 0x0e, 0x2d, 0xa0, 0xf8, 0x00, 0xf3,
  0x66, 0x3c, 0x03, 0xea, 0x00, 0x11, 0x00, 0x38, 0x4c, 0x18, 0x28, 0x03,
  0x98, 0x17, 0x41, 0x40, 0x3a, 0xc3, 0xd0, 0x48, 0xc0, 0x22, 0x30, 0x50,
  0x40, 0xa0, 0x0a, 0x80, 0x1f, 0xe5, 0x07, 0x00, 0x94, 0x0d, 0x12, 0x01,
  0x40, 0x32, 0x0c, 0xbb, 0x94, 0x38, 0x2c, 0x14, 0x03, 0x78, 0x20, 0x00,
  0x14, 0x00, 0x16, 0x78, 0x05, 0x7f, 0xf1, 0x80, 0x7a, 0x73, 0x23, 0x00,
  0xe2, 0xd9, 0x7c, 0x90, 0x0f, 0x08, 0x38, 0x80, 0x78, 0xba, 0x43, 0x24,
  0x03, 0xcd, 0x98, 0xf0, 0x0f, 0xa8, 0x00, 0x44, 0x00, 0xe1, 0x30, 0x60,
  0xa0, 0x0e, 0x60, 0x5d, 0x05, 0x00, 0xeb, 0x0f, 0x41, 0x23, 0x00, 0x88,
  0xc1, 0x41, 0x02, 0x80, 0x2a, 0x00, 0x7f, 0x94, 0x1c, 0x02, 0x50, 0x34,
  0x48, 0x05, 0x00, 0xc8, 0x36, 0xee, 0x50, 0xe0, 0xb0, 0x51, 0x00, 0xbc,
  0x10, 0x00, 0x14, 0x00, 0x14, 0x70, 0x07, 0xff, 0x0b, 0xfc, 0x01, 0xf8,
  0x88, 0x01, 0xf0, 0xf7, 0x04, 0x03, 0xd1, 0x98, 0x80, 0x0f, 0x30, 0x01,
  0xc0, 0x39, 0x41, 0x0c, 0x50, 0x03, 0x78, 0x65, 0x87, 0x00, 0x65, 0x05,
  0x50, 0x28, 0x04, 0xc0, 0x45, 0x81, 0x40, 0x1a, 0x05, 0xfe, 0x20, 0xe0,
  0x14, 0x04, 0x48, 0xc1, 0x05, 0xc0, 0xee, 0xec, 0x10, 0x7d, 0x0b, 0x00,
  0xcc, 0x1a, 0x14, 0x0e, 0x94, 0x70, 0x04, 0x26, 0x61, 0x00, 0xf4, 0x66,
  0x20, 0x03, 0xcc, 0x00, 0x70, 0x0e, 0x50, 0x43, 0x14, 0x00, 0xde, 0x19,
  0x61, 0xc0, 0x19, 0x41, 0x54, 0x0a, 0x01, 0x28, 0x11, 0x60, 0x50, 0x07,
  0x01, 0x7f, 0x88, 0x38, 0x05, 0x01, 0x12, 0x30, 0x41, 0x70, 0x3b, 0xbb,
  0x04, 0x1f, 0x42, 0xc0, 0x33, 0x06, 0xdf, 0xb8, 0x06, 0x8f, 0xb0, 0x0d,
  0xba, 0x00, 0xfc, 0x44, 0x00, 0xc0, 0x12, 0x00, 0x12, 0x70, 0x07, 0xff,
  0x02, 0x3d, 0xc0, 0x3d, 0xe4, 0x20, 0x1e, 0x7d, 0x60, 0x08, 0xbf, 0xfb,
  0x0c, 0x03, 0x33, 0x0c, 0xd8, 0x20, 0x01, 0x99, 0x61, 0x02, 0x80, 0x71,
  0x18, 0x28, 0x00, 0x7f, 0xda, 0x16, 0x20, 0x12, 0xa9, 0x06, 0x88, 0x00,
  0x35, 0x4b, 0x61, 0xb0, 0x0f, 0xc6, 0x00, 0x1a, 0xa6, 0x30, 0x70, 0x04,
  0xaa, 0x33, 0x52, 0x00, 0x12, 0x0e, 0x92, 0x70, 0x07, 0xf1, 0x7f, 0xf6,
  0x18, 0x06, 0x66, 0x19, 0xb0, 0x40, 0x03, 0x32, 0xc2, 0x05, 0x00, 0xe2,
  0x30, 0x50, 0x00, 0xff, 0xb4, 0x2c, 0x40, 0x25, 0x52, 0x0d, 0x10, 0x00,
  0x6a, 0x96, 0xc3, 0x60, 0x1f, 0x8c, 0x00, 0x35, 0x4c, 0x60, 0xe0, 0x09,
  0x54, 0x66, 0xa4, 0x2f, 0xfe, 0xc5, 0x00, 0xcf, 0xac, 0x01, 0xef, 0x21,
  0x00, 0x80, 0x14, 0x0f, 0x94, 0x78, 0x07, 0xff, 0x0b, 0xfc, 0x01, 0xf8,
  0x88, 0x01, 0xfb, 0x30, 0x01, 0xe6, 0xee, 0xd0, 0x01, 0x4c, 0x84, 0x8c,
  0x5e, 0x80, 0xd8, 0x2f, 0x73, 0x00, 0xa7, 0x40, 0xc8, 0x00, 0x3a, 0x77,
  0x10, 0x78, 0x06, 0x58, 0x40, 0x0f, 0xf1, 0x06, 0x00, 0x65, 0x84, 0xa0,
  0x54, 0x00, 0x1d, 0x3b, 0x8d, 0x82, 0xf7, 0x30, 0x0a, 0x61, 0x32, 0x12,
  0x31, 0x7a, 0x00, 0x9b, 0xbb, 0x40, 0x00, 0x14, 0x00, 0x14, 0x70, 0x07,
  0xff, 0x07, 0xfc, 0x01, 0xf8, 0xc8, 0x03, 0xf6, 0x68, 0x07, 0x17, 0xfe,
  0xea, 0x20, 0x0e, 0x43, 0x05, 0xd2, 0x00, 0x86, 0xf3, 0x94, 0x38, 0x03,
  0xeb, 0x03, 0x20, 0x0f, 0x09, 0x03, 0x00, 0x7f, 0xf1, 0x04, 0x81, 0x80,
  0x3d, 0x60, 0x64, 0x00, 0x1c, 0xc7, 0xa8, 0xf0, 0x06, 0x33, 0x0b, 0x79,
  0x00, 0x14, 0x0e, 0x94, 0x70, 0x07, 0xf8, 0xbf, 0xf7, 0x51, 0x00, 0x72,
  0x18, 0x2e, 0x90, 0x04, 0x37, 0x9c, 0xa1, 0xc0, 0x1f, 0x58, 0x19, 0x00,
  0x78, 0x48, 0x18, 0x03, 0xff, 0x88, 0x24, 0x0c, 0x01, 0xeb, 0x03, 0x20,
  0x00, 0xe6, 0x3d, 0x47, 0x80, 0x31, 0x98, 0x5b, 0xc8, 0x0b, 0xff, 0x74,
  0x88, 0x07, 0x4e, 0xa0, 0x07, 0xc6, 0x42, 0x01, 0x80, 0x12, 0x0e, 0x92,
  0x88, 0x06, 0x10, 0x0f, 0xb3, 0xac, 0x03, 0xa4, 0x75, 0x60, 0x03, 0x4e,
  0x97, 0x40, 0x00, 0xbf, 0xfe, 0x20, 0x08, 0xcf, 0xc0, 0x01, 0xcc, 0xe1,
  0x00, 0xff, 0x87, 0xff, 0x58, 0x06, 0x44, 0xc6, 0x01, 0x0d, 0xde, 0x80,
  0x0f, 0xfe, 0x00, 0xee, 0xf0, 0x80, 0x44, 0x5c, 0x65, 0xff, 0xf1, 0x00,
  0x4f, 0xac, 0x01, 0xee, 0x2e, 0x00, 0x80, 0x12, 0x00, 0x12, 0x70, 0x07,
  0xfd, 0xfe, 0x0f, 0xe0, 0x0c, 0x66, 0x02, 0x50, 0x0d, 0x98, 0x0d, 0xb0,
  0x01, 0x7f, 0xfc, 0x40, 0x11, 0x9f, 0x80, 0x03, 0x99, 0xc2, 0x01, 0xff,
  0x0f, 0xfe, 0xb0, 0x0c, 0x89, 0x8c, 0x02, 0x1b, 0xbd, 0x00, 0x1f, 0xfc,
  0x01, 0xdd, 0xe1, 0x00, 0x88, 0xb8, 0xc0, 0x12, 0x00, 0x12, 0x70, 0x07,
  0xff, 0x02, 0x7e, 0x00, 0x3d, 0xc5, 0xc0, 0x1e, 0x7d, 0x60, 0x08, 0xbf,
  0xfe, 0x20, 0x08, 0xcf, 0xc0, 0x01, 0xcc, 0xe1, 0x00, 0xff, 0x87, 0xff,
  0x58, 0x06, 0x44, 0xc6, 0x01, 0x0d, 0xde, 0x80, 0x0f, 0xfe, 0x00, 0xee,
  0xf0, 0x80, 0x44, 0x5c, 0x60, 0x12, 0x0e, 0x92, 0x70, 0x07, 0xf1, 0x7f,
  0xfc, 0x40, 0x11, 0x9f, 0x80, 0x03, 0x99, 0xc2, 0x01, 0xff, 0x0f, 0xfe,
  0xb0, 0x0c, 0x89, 0x8c, 0x02, 0x1b, 0xbd, 0x00, 0x1f, 0xfc, 0x01, 0xdd,
  0xe1, 0x00, 0x88, 0xb8, 0xcb, 0xff, 0xe2, 0x00, 0x9f, 0x58, 0x03, 0xdc,
  0x5c, 0x01, 0x00, 0x10, 0x0f, 0x90, 0x78, 0x07, 0xfd, 0x7e, 0xc0, 0x1c,
  0x64, 0x40, 0x0e, 0x8d, 0x40, 0x01, 0x7f, 0xfb, 0x80, 0x23, 0x3c, 0xa0,
  0x01, 0xcc, 0xd6, 0x01, 0xfe, 0x1c, 0xcc, 0xe0, 0x11, 0x9e, 0xf0, 0x00,
  0xff, 0xe8, 0x00, 0xff, 0xe6, 0x16, 0xe0, 0x07, 0x00, 0x14, 0x0f, 0x94,
  0x78, 0x07, 0xff, 0x0b, 0xfc, 0x01, 0xf8, 0x88, 0x01, 0xfb, 0x70, 0x03,
  0xcd, 0xbf, 0xdf, 0x22, 0x00, 0x89, 0x22, 0x18, 0x36, 0x09, 0xb8, 0x56,
  0xe7, 0x11, 0x26, 0x81, 0x54, 0x00, 0x1c, 0xc5, 0x10, 0x60, 0x01, 0x26,
  0x29, 0x40, 0x38, 0xd9, 0xab, 0x20, 0xc0, 0x03, 0xfc, 0x83, 0xd0, 0x2a,
  0x80, 0x03, 0x61, 0x86, 0xe1, 0x5b, 0x9c, 0x46, 0xe1, 0x12, 0x44, 0x30,
  0x6c, 0x00, 0x9b, 0x7b, 0x9f, 0x20, 0x00, 0x14, 0x00, 0x14, 0x70, 0x07,
  0xff, 0x01, 0x7e, 0xcb, 0xec, 0x03, 0x09, 0x10, 0x08, 0x80, 0x11, 0xb6,
  0xc9, 0x6c, 0x18, 0x96, 0x60, 0x03, 0x4e, 0x40, 0x07, 0xff, 0x2c, 0x47,
  0x80, 0x30, 0xf7, 0x66, 0x00, 0xe4, 0x4c, 0x40, 0x18, 0x6e, 0xf2, 0x80,
  0x7f, 0xf5, 0x00, 0x14, 0x00, 0x14, 0x70, 0x07, 0xff, 0x0b, 0xfc, 0x20,
  0x1f, 0x19, 0x00, 0x71, 0x90, 0x66, 0x89, 0x18, 0x96, 0x60, 0x03, 0x4e,
  0x38, 0x07, 0xff, 0x2c, 0x47, 0x00, 0x70, 0xf7, 0x64, 0x00, 0xe4, 0x4c,
  0x20, 0x18, 0x6e, 0xf2, 0x80, 0x7f, 0xf5, 0x00, 0x14, 0x0e, 0x94, 0x70,
  0x19, 0x00, 0x62, 0x31, 0x2c, 0xc0, 0x06, 0x9c, 0x70, 0x0f, 0xfe, 0x58,
  0x8e, 0x00, 0xe1, 0xee, 0xc8, 0x01, 0xc8, 0x98, 0x40, 0x30, 0xdd, 0xe5,
  0x00, 0xff, 0xea, 0x17, 0xf0, 0x06, 0xbf, 0x60, 0x0d, 0x9a, 0x20, 0x1f,
  0x19, 0x00, 0x60, 0x09, 0xf0, 0x0c, 0x70, 0x07, 0xb7, 0xc7, 0xbc, 0x1c,
  0x81, 0x48, 0x2b, 0x0a, 0xb4, 0x00, 0xd9, 0x60, 0x1f, 0xfe, 0xc0, 0x09,
  0xf0, 0x0a, 0x80, 0x04, 0x64, 0x00, 0x6c, 0x60, 0x06, 0x4a, 0x56, 0x56,
  0x61, 0x8c, 0x5c, 0xf3, 0x8b, 0x3c, 0x1b, 0x2c, 0x03, 0xff, 0xc4, 0x08,
  0x00, 0x06, 0x70, 0x04, 0x5f, 0xc0, 0x4a, 0x5d, 0x25, 0x98, 0x00, 0xff,
  0xe7, 0x80, 0x08, 0x0e, 0x86, 0x70, 0x19, 0x13, 0x30, 0x01, 0xff, 0xcf,
  0x2f, 0xe2, 0xdc, 0x02, 0x20, 0x14, 0x0e, 0x94, 0x70, 0x19, 0x00, 0x63,
  0x30, 0x96, 0x60, 0x02, 0xac, 0xe1, 0x00, 0xe7, 0x51, 0xc0, 0x0e, 0x58,
  0x0d, 0x10, 0x0c, 0x74, 0x16, 0x60, 0x18, 0x74, 0x09, 0x00, 0x3c, 0x22,
  0x28, 0x00, 0xf3, 0xe0, 0x39, 0x80, 0x61, 0x82, 0x80, 0xe0, 0x0f, 0x9c,
  0x89, 0x00, 0x1f, 0x70, 0x39, 0x97, 0xf0, 0x04, 0x7f, 0xe3, 0x00, 0x8b,
  0x70, 0x03, 0xf1, 0x10, 0x03, 0x00, 0x10, 0x0e, 0x90, 0x70, 0x19, 0x00,
  0x71, 0x66, 0x00, 0x3f, 0xfe, 0x63, 0xbb, 0x9c, 0x02, 0x22, 0xdc, 0x5f,
  0xfe, 0x90, 0x0b, 0x74, 0x20, 0x1c, 0x44, 0x00, 0x80, 0x11, 0xfe, 0x92,
  0x80, 0xff, 0xd8, 0x01, 0x86, 0xaa, 0x80, 0x0e, 0x56, 0x74, 0x00, 0xe2,
  0xcc, 0x00, 0x7f, 0xfe, 0xc7, 0x77, 0x38, 0x06, 0x22, 0xdc, 0x05, 0xff,
  0xe9, 0x00, 0xdb, 0xa1, 0x00, 0xf1, 0x10, 0x02, 0x1a, 0x00, 0x18, 0x70,
  0x07, 0xff, 0x17, 0x7c, 0xc0, 0x3f, 0x98, 0x84, 0x03, 0x8c, 0xc4, 0x17,
  0xa4, 0x26, 0x61, 0x16, 0x63, 0x44, 0x02, 0xdc, 0xc3, 0x80, 0x67, 0x00,
  0x09, 0x80, 0x7d, 0x40, 0x06, 0x01, 0x00, 0xc2, 0x66, 0x10, 0xb0, 0x50,
  0x0c, 0x36, 0x0e, 0x26, 0x61, 0x00, 0xe5, 0x0d, 0x70, 0xb0, 0x0f, 0x11,
  0x13, 0x41, 0x40, 0x3e, 0x50, 0x42, 0x20, 0x07, 0xd4, 0x00, 0x50, 0x0f,
  0xc4, 0x40, 0xb0, 0x0c, 0x1a, 0x0e, 0x98, 0x70, 0x19, 0x88, 0x03, 0x09,
  0x98, 0x45, 0x98, 0xd1, 0x00, 0xb7, 0x30, 0xe0, 0x19, 0xc0, 0x02, 0x60,
  0x1f, 0x50, 0x01, 0x80, 0x40, 0x30, 0x99, 0x84, 0x2c, 0x14, 0x03, 0x0d,
  0x83, 0x89, 0x98, 0x40, 0x39, 0x43, 0x5c, 0x2c, 0x03, 0xc4, 0x44, 0xd0,
  0x50, 0x0f, 0x94, 0x10, 0x88, 0x01, 0xf5, 0x00, 0x14, 0x03, 0xf1, 0x10,
  0x2c, 0x03, 0x0f, 0xf8, 0x01, 0xbe, 0x61, 0x5e, 0xc0, 0x1d, 0x7a, 0x40,
  0x1f, 0xcc, 0x42, 0x01, 0x80, 0x14, 0x00, 0x14, 0x70, 0x07, 0xff, 0x0b,
  0xbc, 0x80, 0x3e, 0x52, 0x30, 0x0c, 0x66, 0x0b, 0xd1, 0x23, 0x12, 0xcc,
  0x38, 0x05, 0x38, 0xe0, 0x14, 0x10, 0x07, 0xf4, 0x80, 0x7c, 0x26, 0x8a,
  0x01, 0xf7, 0x85, 0x80, 0x7c, 0x6c, 0x30, 0x01, 0xc2, 0x10, 0x2e, 0xe0,
  0x0f, 0x0c, 0x01, 0x80, 0x7c, 0xc6, 0x01, 0xfd, 0xc0, 0x10, 0x14, 0x0e,
  0x94, 0x70, 0x19, 0x80, 0x31, 0x18, 0x96, 0x61, 0xc0, 0x29, 0xc7, 0x00,
  0xa0, 0x80, 0x3f, 0xa4, 0x03, 0xe1, 0x34, 0x50, 0x0f, 0xbc, 0x2c, 0x03,
  0xe3, 0x61, 0x80, 0x0e, 0x10, 0x81, 0x77, 0x00, 0x78, 0x60, 0x0c, 0x03,
  0xe6, 0x30, 0x0f, 0xee, 0x00, 0x8b, 0xfc, 0x01, 0x17, 0xf9, 0x80, 0x36,
  0x68, 0x80, 0x7c, 0x44, 0x30, 0x08, 0x14, 0x0e, 0x94, 0x88, 0x07, 0xff,
  0x04, 0xff, 0xc8, 0x01, 0xc3, 0xae, 0xea, 0x20, 0x0c, 0x3f, 0x32, 0xf2,
  0x00, 0xcd, 0xfd, 0xcf, 0x70, 0x0a, 0x64, 0x24, 0x63, 0x14, 0x06, 0xc1,
  0x7b, 0x98, 0x05, 0x4a, 0x05, 0x40, 0x01, 0xb8, 0x71, 0x06, 0x00, 0x6c,
  0x07, 0x00, 0xff, 0x10, 0x78, 0x06, 0x30, 0x7a, 0x06, 0x30, 0x01, 0x48,
  0x79, 0xb0, 0x66, 0x2f, 0x45, 0x54, 0x13, 0x02, 0x68, 0x2f, 0x40, 0x13,
  0xf7, 0x68, 0x00, 0xf6, 0x60, 0x03, 0xf1, 0x10, 0x03, 0x00, 0x14, 0x0f,
  0x96, 0x78, 0x07, 0xff, 0x05, 0xbe, 0x8f, 0xe8, 0x03, 0x88, 0xa0, 0x22,
  0x00, 0x72, 0x6c, 0x96, 0xc0, 0x07, 0x36, 0xf7, 0x50, 0x01, 0xa2, 0x48,
  0x86, 0x2f, 0x80, 0x03, 0x70, 0xad, 0xcd, 0x13, 0x70, 0xa0, 0x55, 0x00,
  0x0a, 0xc2, 0x80, 0x83, 0x00, 0x33, 0x81, 0x00, 0x7f, 0xf0, 0x08, 0x30,
  0x03, 0x38, 0x10, 0x50, 0x2a, 0x80, 0x05, 0x61, 0x40, 0x6e, 0x15, 0xb9,
  0xa2, 0x6e, 0x00, 0x89, 0x22, 0x18, 0xbe, 0x00, 0x66, 0xde, 0xea, 0x00,
  0x20, 0x14, 0x0f, 0x94, 0x80, 0x05, 0xff, 0x58, 0x07, 0xb3, 0x29, 0x00,
  0xe5, 0xd6, 0xac, 0x30, 0x0c, 0x62, 0x66, 0x10, 0x0e, 0x6e, 0x7b, 0xe3,
  0x00, 0xcf, 0xfd, 0xcc, 0x50, 0x0a, 0x60, 0x4c, 0x89, 0x4c, 0x06, 0xc1,
  0x79, 0xb2, 0x12, 0x34, 0x0c, 0x80, 0x06, 0x30, 0x72, 0x0f, 0x00, 0xca,
  0x1c, 0x01, 0xfe, 0x20, 0xf0, 0x0c, 0xa1, 0xd4, 0x0c, 0x80, 0x06, 0x30,
  0x73, 0x60, 0xbd, 0xd4, 0x84, 0x88, 0x4c, 0x09, 0x15, 0x4c, 0x01, 0x3f,
  0x75, 0xaa, 0x00, 0x14, 0x0f, 0x94, 0x78, 0x07, 0xff, 0x0b, 0xfc, 0x01,
  0xf8, 0x88, 0x01, 0xfb, 0x30, 0x01, 0xe6, 0xee, 0xce, 0x01, 0x4c, 0x84,
  0x8c, 0x62, 0x80, 0xd8, 0x2f, 0x73, 0x00, 0xaa, 0xa0, 0x64, 0x00, 0x1b,
  0x87, 0x90, 0x78, 0x06, 0xc0, 0x70, 0x0f, 0xf1, 0x07, 0x80, 0x6c, 0x07,
  0xa0, 0x64, 0x00, 0x1b, 0x87, 0x1b, 0x05, 0xee, 0xb0, 0x15, 0x02, 0x64,
  0x24, 0x41, 0x8a, 0x00, 0x9b, 0xbb, 0x38, 0x00, 0x14, 0x0e, 0x94, 0x70,
  0x06, 0x11, 0x00, 0x79, 0xbb, 0xb3, 0x80, 0x53, 0x21, 0x23, 0x18, 0xa0,
  0x36, 0x0b, 0xdc, 0xc0, 0x2a, 0x50, 0x2a, 0x00, 0x0d, 0xc3, 0x88, 0x30,
  0x03, 0x60, 0x38, 0x07, 0xf8, 0x83, 0xc0, 0x31, 0x83, 0xd0, 0x31, 0x80,
  0x0a, 0x43, 0xcd, 0x83, 0x31, 0x7a, 0x2a, 0xa0, 0x98, 0x13, 0x41, 0x7a,
  0x00, 0x9f, 0xbb, 0x40, 0x07, 0xb3, 0x00, 0x1f, 0x88, 0x80, 0x18, 0x14,
  0x0e, 0x94, 0x78, 0x07, 0xe9, 0x80, 0x0c, 0x22, 0x00, 0x32, 0x80, 0x1b,
  0xba, 0xff, 0x03, 0x04, 0xc8, 0x48, 0x80, 0x03, 0xb3, 0x60, 0xbd, 0xd5,
  0x81, 0xa5, 0x02, 0xa0, 0x01, 0x18, 0x34, 0x83, 0x00, 0x36, 0x02, 0x80,
  0x7f, 0x88, 0x3c, 0x03, 0x68, 0x35, 0x03, 0x18, 0x00, 0xdc, 0x38, 0xd8,
  0x32, 0xed, 0x80, 0xa8, 0x13, 0x02, 0x88, 0x18, 0xa0, 0x09, 0xfb, 0xb3,
  0x80, 0x7b, 0x30, 0x01, 0xf8, 0x88, 0x01, 0x80, 0x14, 0x0f, 0x94, 0x88,
  0x04, 0x20, 0x01, 0x00, 0xe4, 0xe6, 0xae, 0x10, 0x0c, 0xcc, 0x5c, 0x61,
  0x00, 0xc4, 0x70, 0x64, 0x40, 0x0c, 0x83, 0xd2, 0x24, 0x01, 0x92, 0xd3,
  0x68, 0x03, 0x9f, 0xba, 0xd6, 0x00, 0xa6, 0x04, 0x8a, 0x98, 0x03, 0x60,
  0xbd, 0xd5, 0x03, 0x95, 0x03, 0x20, 0x01, 0x54, 0x14, 0x41, 0xe0, 0x1b,
  0x40, 0x80, 0x3f, 0xc4, 0x1e, 0x01, 0xb4, 0x0a, 0x81, 0x90, 0x00, 0xaa,
  0x0a, 0x36, 0x0b, 0xdd, 0x50, 0x39, 0x04, 0xc0, 0x91, 0x53, 0x00, 0x13,
  0xf7, 0x5a, 0xc0, 0x00, 0x12, 0x0f, 0x92, 0x78, 0x07, 0xff, 0x02, 0x7e,
  0x40, 0x3d, 0xc5, 0xc0, 0x1e, 0x7d, 0x70, 0x08, 0xbf, 0xfb, 0x10, 0x03,
  0x22, 0x08, 0xec, 0xc0, 0x03, 0x76, 0xd6, 0x09, 0x00, 0xf6, 0x00, 0x80,
  0x71, 0x48, 0x18, 0x00, 0x7f, 0xda, 0x65, 0x20, 0x12, 0x21, 0x63, 0x44,
  0x00, 0x37, 0x6a, 0x70, 0x0f, 0xfe, 0x41, 0x6e, 0x00, 0x78, 0x12, 0x0f,
  0x92, 0x78, 0x07, 0xff, 0x01, 0xbe, 0xc0, 0x3c, 0x64, 0x40, 0x0f, 0x2e,
  0xc8, 0x04, 0x5f, 0xfd, 0x88, 0x01, 0x91, 0x04, 0x76, 0x60, 0x01, 0xbb,
  0x6b, 0x04, 0x80, 0x7b, 0x00, 0x40, 0x38, 0xa4, 0x0c, 0x00, 0x3f, 0xed,
  0x32, 0x90, 0x09, 0x54, 0x00, 0xf1, 0x00, 0x0d, 0x51, 0x42, 0xc0, 0x3d,
  0x00, 0xc4, 0x01, 0xc4, 0xc1, 0x05, 0xb8, 0x01, 0x4e, 0xc0, 0x12, 0x0e,
  0x92, 0x70, 0x07, 0xf1, 0x7f, 0xf6, 0x20, 0x06, 0x44, 0x11, 0xd9, 0x80,
  0x06, 0xed, 0xac, 0x12, 0x01, 0xec, 0x01, 0x00, 0xe2, 0x90, 0x30, 0x00,
  0xff, 0xb4, 0xca, 0x40, 0x25, 0x50, 0x03, 0xc4, 0x00, 0x35, 0x45, 0x0b,
  0x00, 0xf4, 0x03, 0x10, 0x07, 0x13, 0x04, 0x16, 0xe0, 0x05, 0x3b, 0x00,
  0x44, 0x4d, 0xa0, 0x22, 0x00, 0x42, 0x4c, 0x01, 0x00, 0x12, 0x0e, 0x92,
  0x80, 0x01, 0x7f, 0xea, 0x00, 0xcf, 0x55, 0x70, 0x06, 0x25, 0x59, 0x00,
  0x05, 0xff, 0xd8, 0x80, 0x19, 0x10, 0x47, 0x66, 0x00, 0x1b, 0xb6, 0xb0,
  0x48, 0x07, 0xb0, 0x04, 0x03, 0x8a, 0x40, 0xc0, 0x03, 0xfe, 0xd3, 0x29,
  0x00, 0x95, 0x40, 0x0f, 0x10, 0x00, 0xd5, 0x14, 0x2c, 0x03, 0xd0, 0x0c,
  0x40, 0x1c, 0x4c, 0x10, 0x5b, 0x80, 0x14, 0xec, 0x01, 0x11, 0x36, 0x80,
  0x88, 0x01, 0x09, 0x30, 0x04, 0x12, 0x0f, 0x92, 0x88, 0x04, 0x68, 0x01,
  0xf7, 0x58, 0x80, 0x70, 0xdc, 0x00, 0x7a, 0xb4, 0x39, 0x00, 0x35, 0x3d,
  0x5a, 0x00, 0x61, 0xf8, 0x70, 0x0c, 0xdf, 0x95, 0x9a, 0x80, 0x72, 0x0f,
  0x26, 0x56, 0x28, 0x0d, 0x0d, 0xa2, 0x08, 0x40, 0xea, 0x22, 0xef, 0x55,
  0x20, 0xd7, 0x63, 0x80, 0x57, 0x66, 0x23, 0x8c, 0x04, 0x55, 0x4e, 0xe8,
  0x4c, 0xdd, 0x50, 0x00, 0x20, 0x03, 0xc8, 0x36, 0x56, 0x88, 0x90, 0xec,
  0x8d, 0x49, 0x70, 0x00, 0x9b, 0xfd, 0xf4, 0x40, 0x12, 0x0f, 0x92, 0x78,
  0x07, 0xff, 0x03, 0xbc, 0x80, 0x3c, 0xa4, 0x60, 0x1e, 0xbc, 0x10, 0x0c,
  0x79, 0xfd, 0xf6, 0x40, 0x58, 0x68, 0xc2, 0x98, 0x0a, 0x0d, 0x73, 0x80,
  0x2a, 0x20, 0x86, 0x05, 0xdc, 0x56, 0x32, 0xce, 0xa4, 0x10, 0x06, 0x52,
  0x9a, 0xd5, 0x81, 0xaa, 0x56, 0xe0, 0x21, 0xcd, 0x48, 0x00, 0xc4, 0x1f,
  0x81, 0xf2, 0x74, 0x44, 0x88, 0xb2, 0x36, 0x24, 0xc0, 0x02, 0x6f, 0xf7,
  0xd9, 0x00, 0x12, 0x0e, 0x92, 0x70, 0x06, 0x10, 0x0e, 0x3c, 0xfe, 0xfb,
  0x20, 0x2c, 0x34, 0x61, 0x4c, 0x05, 0x05, 0xb9, 0xc0, 0x15, 0x10, 0x73,
  0x02, 0xee, 0x2b, 0x19, 0x67, 0x52, 0x08, 0x03, 0x25, 0x41, 0x6a, 0xc0,
  0xd1, 0xeb, 0xac, 0x10, 0xe6, 0xe4, 0x00, 0x84, 0x0f, 0xc0, 0xf5, 0x18,
  0x42, 0x88, 0xa2, 0x57, 0x34, 0xc0, 0x02, 0xef, 0x6f, 0xd9, 0x00, 0x6d,
  0xf2, 0x00, 0xf1, 0x10, 0x03, 0x00, 0x12, 0x0e, 0x92, 0x88, 0x07, 0xff,
  0x03, 0xbc, 0x80, 0x3c, 0xa4, 0x60, 0x1e, 0xbc, 0x10, 0x0c, 0x79, 0xfd,
  0xf6, 0x40, 0x58, 0x68, 0xc2, 0x98, 0x0a, 0x0b, 0x73, 0x80, 0x2a, 0x20,
  0xe6, 0x05, 0xdc, 0x56, 0x32, 0xce, 0xa4, 0x10, 0x06, 0x4a, 0x82, 0xd5,
  0x81, 0xa3, 0xd7, 0x58, 0x21, 0xcd, 0xc8, 0x01, 0x08, 0x1f, 0x81, 0xea,
  0x30, 0x85, 0x11, 0x44, 0xae, 0x69, 0x80, 0x05, 0xde, 0xdf, 0xb2, 0x00,
  0xdb, 0xe4, 0x01, 0xe2, 0x20, 0x06, 0x12, 0x0f, 0x92, 0x78, 0x07, 0xff,
  0x03, 0x3d, 0x00, 0x3c, 0xc4, 0xe0, 0x1e, 0xad, 0x30, 0x0b, 0xbf, 0xfe,
  0x65, 0x33, 0x00, 0x08, 0xcc, 0x57, 0x98, 0x20, 0x9c, 0xc2, 0x00, 0x7f,
  0xfd, 0xb3, 0x50, 0x02, 0x12, 0x0e, 0x92, 0x70, 0x07, 0xf7, 0x7f, 0xfc,
  0xca, 0x66, 0x00, 0x11, 0x98, 0xaf, 0x30, 0x41, 0x39, 0x84, 0x00, 0xff,
  0xfb, 0x66, 0xa0, 0x07, 0xaf, 0xcc, 0x03, 0xcc, 0x4e, 0x01, 0x00, 0x14,
  0x0f, 0x94, 0x78, 0x07, 0xff, 0x01, 0x7e, 0x8f, 0xec, 0x03, 0x09, 0x10,
  0x48, 0xc0, 0x21, 0x5d, 0x82, 0xd8, 0x10, 0x2e, 0xf0, 0x0d, 0x3c, 0xe0,
  0x1f, 0xfe, 0x63, 0x01, 0x00, 0xc6, 0x00, 0x10, 0x03, 0x00, 0x09, 0x00,
  0xc2, 0x02, 0x72, 0xf4, 0x4d, 0x01, 0xe4, 0x4d, 0x01, 0xb4, 0x02, 0x6e,
  0xeb, 0xe4, 0x40, 0x14, 0x0f, 0x94, 0x88, 0x07, 0x1b, 0x10, 0x07, 0xdd,
  0xa4, 0x01, 0xe3, 0x5a, 0x00, 0xe5, 0xf9, 0xbe, 0xa0, 0x0e, 0x13, 0x01,
  0x30, 0x08, 0xdf, 0xa4, 0xfa, 0x0c, 0x4b, 0x30, 0x01, 0xa3, 0x18, 0x03,
  0xff, 0xcc, 0x60, 0x20, 0x18, 0xc0, 0x02, 0x00, 0x60, 0x01, 0x20, 0x18,
  0x40, 0x4e, 0x5e, 0x89, 0xa0, 0x3c, 0x91, 0xa0, 0x36, 0x80, 0x4d, 0xbd,
  0xcf, 0x91, 0x00, 0x14, 0x0e, 0x94, 0x70, 0x19, 0x00, 0x61, 0x31, 0x2c,
  0xc0, 0x06, 0x8c, 0x60, 0x0f, 0xff, 0x31, 0x80, 0x80, 0x63, 0x00, 0x08,
  0x01, 0x80, 0x04, 0x80, 0x61, 0x01, 0x39, 0x7a, 0x26, 0x80, 0xf2, 0x26,
  0x80, 0xda, 0x01, 0x37, 0x75, 0xf2, 0x20, 0x12, 0x6c, 0x1e, 0xc8, 0x06,
  0x12, 0x31, 0x22, 0x00, 0x00, 0x14, 0x0f, 0x94, 0x88, 0x04, 0xa4, 0x0a,
  0x40, 0x1d, 0x98, 0xa8, 0x30, 0x0e, 0x96, 0x3f, 0x10, 0x0c, 0xbe, 0x55,
  0xb4, 0x01, 0xc2, 0x60, 0x26, 0x01, 0x1b, 0xf4, 0x9f, 0x41, 0x89, 0x66,
  0x00, 0x34, 0x63, 0x00, 0x7f, 0xf9, 0x8c, 0x04, 0x03, 0x18, 0x00, 0x40,
  0x0c, 0x00, 0x24, 0x03, 0x08, 0x09, 0xcb, 0xd1, 0x34, 0x07, 0x92, 0x34,
  0x06, 0xd0, 0x09, 0xb7, 0xb9, 0xf2, 0x20, 0x14, 0x0f, 0x94, 0x88, 0x04,
  0xca, 0x01, 0xf8, 0x69, 0x00, 0x3e, 0x79, 0x20, 0x0f, 0x2f, 0xe2, 0xfd,
  0x00, 0x70, 0x98, 0x09, 0x80, 0x46, 0xfd, 0x27, 0xd0, 0x62, 0x59, 0x80,
  0x0d, 0x18, 0xc0, 0x1f, 0xfe, 0x63, 0x01, 0x00, 0xc6, 0x00, 0x10, 0x03,
  0x00, 0x09, 0x00, 0xc2, 0x02, 0x72, 0xf4, 0x4d, 0x01, 0xe4, 0x8d, 0x01,
  0xb4, 0x02, 0x6d, 0xee, 0x7c, 0x88, 0x00, 0x14, 0x0f, 0x94, 0x80, 0x05,
  0xbf, 0xf1, 0x80, 0x77, 0x66, 0x46, 0x01, 0x97, 0x24, 0x32, 0x80, 0x38,
  0x4c, 0x04, 0xc0, 0x23, 0x7e, 0x93, 0xe8, 0x31, 0x2c, 0xc0, 0x06, 0x8c,
  0x60, 0x0f, 0xff, 0x31, 0x80, 0x80, 0x63, 0x00, 0x08, 0x01, 0x80, 0x04,
  0x80, 0x61, 0x01, 0x39, 0x7a, 0x26, 0x80, 0xf2, 0x46, 0x80, 0xda, 0x01,
  0x36, 0xf7, 0x3e, 0x44, 0x00, 0x14, 0x0e, 0x94, 0x70, 0x19, 0x00, 0x63,
  0x30, 0x16, 0x60, 0x03, 0x66, 0x00, 0x3f, 0xfc, 0xe6, 0x02, 0x01, 0x08,
  0x04, 0x20, 0x05, 0x00, 0x30, 0x10, 0x01, 0xc2, 0xb3, 0x10, 0x16, 0x00,
  0x88, 0x09, 0x98, 0x65, 0x80, 0x27, 0xee, 0xcc, 0x01, 0xec, 0xd0, 0x0f,
  0xc4, 0x40, 0x0c, 0x14, 0x0e, 0x96, 0x78, 0x07, 0xe7, 0xd3, 0x03, 0x20,
  0x0c, 0x5a, 0x4e, 0x59, 0x80, 0x0d, 0x8a, 0x2a, 0x01, 0xfd, 0x82, 0x01,
  0xff, 0xe0, 0x30, 0x10, 0x0c, 0x20, 0x60, 0x20, 0x05, 0x00, 0x28, 0x00,
  0x40, 0x0e, 0x15, 0x98, 0xa0, 0x80, 0x0a, 0x20, 0x26, 0x61, 0x87, 0x00,
  0xcf, 0xdd, 0x9c, 0x03, 0xec, 0xc0, 0x07, 0xf1, 0x10, 0x03, 0x80, 0x14,
  0x0f, 0x94, 0x88, 0x00, 0x9c, 0x95, 0xc0, 0x39, 0xa1, 0x3a, 0x04, 0x03,
  0x2d, 0xbc, 0xd8, 0x80, 0x61, 0x9f, 0xc8, 0x00, 0xf5, 0xc4, 0x24, 0x03,
  0x32, 0xb3, 0x4a, 0xa6, 0x02, 0x9b, 0x00, 0xd5, 0x22, 0x01, 0xff, 0xe6,
  0x30, 0x10, 0x0f, 0x84, 0x00, 0xa0, 0x06, 0x01, 0x10, 0x40, 0x56, 0x62,
  0x42, 0x00, 0x0f, 0x02, 0x66, 0x19, 0x60, 0x09, 0xfb, 0xb3, 0x00, 0x00,
  0x14, 0x0e, 0x94, 0x71, 0x18, 0x80, 0x61, 0x32, 0x9c, 0x80, 0x0d, 0x79,
  0x7c, 0x0e, 0x01, 0x94, 0x29, 0x40, 0x50, 0x00, 0xa0, 0x26, 0x0a, 0x1a,
  0x00, 0xf0, 0x60, 0x07, 0x03, 0x80, 0x10, 0x2c, 0x00, 0x82, 0x23, 0x41,
  0x23, 0x00, 0x9c, 0x2f, 0x01, 0x40, 0x35, 0x02, 0xa8, 0x28, 0x03, 0x18,
  0x91, 0x60, 0x0e, 0x60, 0x05, 0x00, 0x7a, 0x3f, 0xce, 0x01, 0xe1, 0xdd,
  0x00, 0x7e, 0x22, 0x00, 0x60, 0x1c, 0x0f, 0x9e, 0x78, 0x07, 0xff, 0x1c,
  0xfe, 0x93, 0xe4, 0x03, 0xf8, 0x48, 0x8e, 0x5c, 0x01, 0xe1, 0x00, 0x16,
  0xc9, 0x6b, 0x80, 0x04, 0x41, 0x3d, 0x40, 0x17, 0x71, 0x80, 0x09, 0xdc,
  0x0d, 0x04, 0x00, 0x20, 0x03, 0x00, 0x18, 0x0a, 0x08, 0x02, 0x41, 0x80,
  0x04, 0x00, 0x18, 0x60, 0x00, 0xc1, 0xc1, 0x01, 0x04, 0x81, 0x01, 0x00,
  0x16, 0x18, 0x06, 0x5a, 0x08, 0x60, 0x24, 0x00, 0x40, 0x44, 0x02, 0x20,
  0x31, 0x01, 0xc0, 0x23, 0x02, 0xc0, 0xd2, 0x17, 0xd0, 0xc0, 0x0c, 0xa0,
  0xc0, 0x80, 0x84, 0x80, 0x80, 0x1b, 0x00, 0x4c, 0x01, 0x80, 0x26, 0x20,
  0x19, 0x00, 0x08, 0x00, 0x40, 0x02, 0x00, 0x71, 0x77, 0x20, 0x00, 0x5d,
  0xc8, 0x00, 0x80, 0x1c, 0x0f, 0x9c, 0x78, 0x07, 0xff, 0x23, 0xfc, 0x01,
  0xff, 0xc0, 0x22, 0x00, 0x78, 0x44, 0x01, 0xb3, 0x00, 0x18, 0x45, 0xbc,
  0xc0, 0x03, 0xee, 0x18, 0x01, 0xfa, 0x90, 0x30, 0x00, 0x80, 0x05, 0x00,
  0x60, 0x65, 0x82, 0x00, 0x30, 0x01, 0x80, 0x04, 0x04, 0x30, 0x12, 0x04,
  0x21, 0x40, 0x30, 0x13, 0x04, 0x04, 0x30, 0x44, 0x09, 0x28, 0x20, 0x03,
  0x03, 0xd0, 0x33, 0x00, 0x98, 0x18, 0x00, 0x50, 0x4c, 0x04, 0x40, 0x62,
  0x03, 0x80, 0x08, 0x49, 0x48, 0x48, 0x88, 0x24, 0x20, 0x12, 0x00, 0xa0,
  0x01, 0x04, 0x10, 0x03, 0x78, 0x03, 0x00, 0x18, 0x00, 0xc0, 0x0c, 0xbd,
  0xc5, 0x00, 0x2f, 0x71, 0x40, 0x00, 0x1c, 0x0e, 0x9c, 0x71, 0x18, 0x80,
  0x46, 0x60, 0x08, 0x4c, 0xbb, 0x18, 0x00, 0x99, 0x83, 0x00, 0x4e, 0x4d,
  0x86, 0x00, 0x30, 0x00, 0x80, 0x04, 0x0d, 0x40, 0x50, 0x02, 0x00, 0x30,
  0x00, 0x60, 0x86, 0x22, 0x20, 0x33, 0x12, 0x01, 0x80, 0x90, 0x20, 0x22,
  0x01, 0x50, 0x0d, 0x01, 0x00, 0x18, 0x19, 0x80, 0xcc, 0x02, 0x60, 0x78,
  0x01, 0x01, 0xcc, 0x11, 0x01, 0xaa, 0x08, 0x00, 0x22, 0x90, 0xc4, 0x44,
  0xa2, 0x42, 0x01, 0x20, 0x01, 0x00, 0x08, 0x00, 0x50, 0x0d, 0x80, 0x0c,
  0x00, 0x68, 0x03, 0x00, 0x32, 0xff, 0x90, 0x00, 0x9f, 0xe4, 0x00, 0xfd,
  0xba, 0x00, 0xff, 0xe0, 0x11, 0x00, 0x3c, 0x15, 0xf0, 0x16, 0x70, 0x07,
  0xff, 0x0b, 0x3c, 0xb7, 0xc4, 0x03, 0x94, 0x81, 0xc8, 0x03, 0x11, 0xc6,
  0x95, 0x69, 0x18, 0x01, 0xf3, 0xc4, 0x01, 0x59, 0x00, 0x05, 0x50, 0xd8,
  0x22, 0x8d, 0x00, 0x56, 0x2a, 0xaa, 0x0b, 0x10, 0x08, 0x6c, 0x28, 0x51,
  0x40, 0x39, 0x50, 0x01, 0x40, 0x1e, 0x15, 0x00, 0x38, 0x07, 0xac, 0x4c,
  0x24, 0x80, 0x33, 0x28, 0xe3, 0x07, 0x00, 0x45, 0x21, 0x41, 0x02, 0x6e,
  0x00, 0xe0, 0x64, 0x01, 0xa0, 0x82, 0x14, 0x00, 0x14, 0x70, 0x07, 0xff,
  0x04, 0xbf, 0x80, 0x3e, 0x32, 0x50, 0x0c, 0x26, 0x43, 0xb6, 0x04, 0x62,
  0x79, 0xa8, 0x00, 0x6d, 0xd0, 0x94, 0x04, 0x80, 0xc8, 0x50, 0x01, 0xcc,
  0xa2, 0x81, 0x90, 0x02, 0xe0, 0x74, 0x29, 0x00, 0xc5, 0x00, 0x09, 0x00,
  0xf6, 0x00, 0x34, 0x03, 0x9d, 0x08, 0x19, 0x00, 0x22, 0x80, 0xe9, 0x0a,
  0x10, 0x07, 0x84, 0x1b, 0x20, 0xd8, 0x41, 0x1b, 0x80, 0x28, 0x15, 0x40,
  0x15, 0xff, 0x96, 0x78, 0x07, 0xff, 0x0b, 0x7c, 0x7b, 0xc0, 0x3c, 0xe4,
  0x0a, 0x40, 0x18, 0x45, 0x5a, 0x37, 0xa2, 0x20, 0x06, 0xf4, 0x80, 0x4b,
  0xdc, 0x10, 0xf0, 0x62, 0x00, 0x40, 0x40, 0x81, 0xa8, 0x48, 0x31, 0x11,
  0xc0, 0x2b, 0x04, 0x58, 0x09, 0x00, 0xc3, 0x01, 0x42, 0x88, 0x00, 0xe7,
  0x20, 0x04, 0x80, 0x7d, 0x60, 0x84, 0x01, 0xfc, 0x20, 0x1f, 0xfd, 0x26,
  0xeb, 0x00, 0xc0, 0x14, 0x0f, 0x94, 0x78, 0x07, 0xff, 0x04, 0xbf, 0x80,
  0x3f, 0x12, 0x80, 0x61, 0x10, 0x16, 0xd8, 0x00, 0x42, 0x3b, 0x40, 0x21,
  0xfe, 0x49, 0x12, 0x60, 0x05, 0x82, 0x20, 0x20, 0x20, 0x09, 0x42, 0x40,
  0x0c, 0x63, 0x12, 0x0e, 0x40, 0x17, 0x83, 0xa0, 0xc0, 0x06, 0x36, 0x00,
  0x40, 0x07, 0xac, 0x00, 0xc0, 0x1f, 0x84, 0x03, 0xff, 0x9e, 0x5d, 0xe0,
  0x18, 0x14, 0x0e, 0x94, 0x71, 0x18, 0x80, 0x62, 0x31, 0x5c, 0xc0, 0x04,
  0x5b, 0x84, 0xe4, 0x47, 0x00, 0x48, 0x29, 0x84, 0x84, 0x09, 0xa0, 0x58,
  0x01, 0x10, 0x11, 0xe1, 0x02, 0x01, 0x48, 0x31, 0x93, 0x80, 0x62, 0x70,
  0x04, 0x80, 0x7a, 0x80, 0x50, 0x03, 0xff, 0xb0, 0x5f, 0xc0, 0x1f, 0x0e,
  0xe0, 0x07, 0xc6, 0x44, 0x00, 0xc0, 0x12, 0x00, 0x12, 0x70, 0x07, 0xff,
  0x03, 0x3d, 0x00, 0x3c, 0xc4, 0xe0, 0x1e, 0xad, 0x30, 0x0a, 0xff, 0xfe,
  0x43, 0x3e, 0x20, 0x03, 0x46, 0x65, 0xa0, 0x07, 0x20, 0x0d, 0xa4, 0xb0,
  0x01, 0xa8, 0xca, 0x80, 0x33, 0xa8, 0xe0, 0x06, 0x48, 0x0d, 0x10, 0x08,
  0xac, 0x28, 0xc0, 0x37, 0x00, 0x23, 0x77, 0x18, 0x80, 0x08, 0xb9, 0xc0,
  0x12, 0x0e, 0x92, 0x70, 0x07, 0xf5, 0xff, 0xfc, 0x86, 0x7c, 0x40, 0x06,
  0x8c, 0xcb, 0x40, 0x0e, 0x40, 0x1b, 0x49, 0x60, 0x03, 0x51, 0x95, 0x00,
  0x67, 0x51, 0xc0, 0x0c, 0x90, 0x1a, 0x20, 0x11, 0x58, 0x51, 0x80, 0x6e,
  0x00, 0x46, 0xee, 0x31, 0x00, 0x11, 0x73, 0xef, 0xff, 0xc8, 0x01, 0x56,
  0x98, 0x07, 0x98, 0x9c, 0x02, 0x14, 0x0f, 0x94, 0x78, 0x07, 0xff, 0x0b,
  0xfc, 0x01, 0xf8, 0x88, 0x01, 0xfb, 0x30, 0x01, 0xe6, 0xde, 0xe7, 0xc8,
  0x80, 0x22, 0x48, 0x86, 0x0d, 0x82, 0x6e, 0x15, 0xb9, 0xc4, 0x49, 0xa0,
  0x55, 0x00, 0x07, 0x31, 0x44, 0x18, 0x00, 0x49, 0x8a, 0x50, 0x0e, 0x36,
  0x6a, 0x8c, 0x30, 0x00, 0xff, 0x40, 0x0b, 0x05, 0x50, 0x00, 0x64, 0x00,
  0x6e, 0x15, 0xb9, 0xc6, 0x20, 0x08, 0x91, 0x23, 0x2a, 0x66, 0x00, 0x1b,
  0xba, 0xd5, 0x8b, 0x0a, 0x00, 0x0c, 0x70, 0x07, 0xb7, 0xc7, 0xbc, 0x1c,
  0x81, 0x48, 0x2b, 0x46, 0xf4, 0x27, 0xff, 0x06, 0x18, 0x0a, 0x82, 0xd0,
  0x2d, 0x00, 0x7f, 0xf4, 0xda, 0xc1, 0x6c, 0x3c, 0x80, 0x50, 0x00, 0x0a,
  0x00, 0x0c, 0x80, 0x04, 0xca, 0x01, 0x44, 0xb0, 0x05, 0xf8, 0x61, 0x9e,
  0xdd, 0xe0, 0x01, 0x00, 0x08, 0x67, 0x0e, 0xf0, 0x4f, 0xfe, 0x0c, 0x30,
  0x15, 0x05, 0xa0, 0x5a, 0x00, 0xff, 0xe9, 0xb5, 0x82, 0xd8, 0x79, 0x00,
  0xa0, 0x00, 0x0a, 0x00, 0x0c, 0x70, 0x07, 0xc5, 0xfc, 0x01, 0x89, 0x40,
  0x22, 0xdb, 0x00, 0x3f, 0xfe, 0x23, 0x40, 0x02, 0x9a, 0x40, 0x0d, 0x08,
  0x07, 0xff, 0x49, 0x3c, 0x06, 0xc4, 0xcc, 0x00, 0x43, 0x0a, 0x0e, 0x8c,
  0x70, 0x07, 0x9f, 0xff, 0x11, 0xa0, 0x01, 0x4d, 0x20, 0x06, 0x84, 0x03,
  0xff, 0xa4, 0x9e, 0x03, 0x62, 0x66, 0x00, 0x21, 0xbf, 0xfe, 0x20, 0x2d,
  0xc0, 0x0c, 0x44, 0x00, 0x00, 0x10, 0x0e, 0x8e, 0x70, 0x09, 0x00, 0x0c,
  0x00, 0xfe, 0x93, 0xa0, 0x06, 0x59, 0x2c, 0x00, 0xaa, 0x3c, 0xc0, 0x11,
  0xb5, 0x7c, 0x84, 0xe9, 0xb2, 0x10, 0x5d, 0x2d, 0xc0, 0x44, 0xcd, 0xb4,
  0x00, 0x59, 0x47, 0xe8, 0x06, 0xd5, 0xa0, 0x05, 0x92, 0xd6, 0x00, 0x0b,
  0x7b, 0xdf, 0xf8, 0x00, 0xbb, 0x20, 0x18, 0x48, 0x80, 0x00, 0x10, 0x0e,
  0x8e, 0x70, 0x04, 0x84, 0x01, 0xae, 0xb4, 0x80, 0x0a, 0xfe, 0xd0, 0x00,
  0x5e, 0x4d, 0xb0, 0x05, 0x6d, 0x5f, 0x22, 0x15, 0x36, 0x42, 0x13, 0xa5,
  0xb8, 0x08, 0x99, 0xb6, 0x80, 0x0b, 0x28, 0xfd, 0x00, 0xda, 0xb4, 0x00,
  0xb2, 0x5a, 0xc0, 0x01, 0x6f, 0x7b, 0xff, 0x00, 0x17, 0x68, 0x03, 0x09,
  0x08, 0x00, 0x10, 0x0f, 0x8e, 0x60, 0x09, 0x81, 0x18, 0x02, 0xf0, 0xbf,
  0x04, 0x31, 0x4d, 0x54, 0x20, 0xd0, 0x99, 0x60, 0x08, 0xda, 0xbf, 0x32,
  0x74, 0xd8, 0x18, 0x2e, 0x97, 0xe0, 0x62, 0xcd, 0xa5, 0x00, 0x59, 0x47,
  0xf0, 0x06, 0xd5, 0x90, 0x05, 0x92, 0xd6, 0x00, 0x0b, 0x7b, 0xdf, 0xf4,
  0x10, 0x0f, 0x8e, 0x68, 0x1f, 0xfd, 0x40, 0x03, 0xcc, 0xac, 0x01, 0x58,
  0x3d, 0xc1, 0x02, 0x10, 0x61, 0x00, 0x46, 0x3f, 0xf8, 0x42, 0x36, 0xaf,
  0xcc, 0x9d, 0x36, 0x06, 0x0b, 0xa5, 0xf8, 0x18, 0xb3, 0x69, 0x40, 0x16,
  0x51, 0xfc, 0x01, 0xb5, 0x64, 0x01, 0x64, 0xb5, 0x80, 0x02, 0xde, 0xf7,
  0xfd, 0x10, 0x0f, 0x8e, 0x60, 0x04, 0x64, 0x01, 0x97, 0x24, 0x03, 0x32,
  0xe0, 0x06, 0x1f, 0x31, 0x00, 0x56, 0xd5, 0xf2, 0x21, 0x53, 0x64, 0x21,
  0x3a, 0x5b, 0x80, 0x89, 0x9b, 0x68, 0x00, 0xb2, 0x8f, 0xd0, 0x0d, 0xab,
  0x40, 0x0b, 0x25, 0xac, 0x00, 0x16, 0xf7, 0xbf, 0xf0, 0x10, 0x0e, 0x8e,
  0x58, 0x00, 0x95, 0x04, 0x01, 0x5b, 0x57, 0xc8, 0x85, 0x4d, 0x90, 0x84,
  0xe9, 0x6e, 0x02, 0x26, 0x6d, 0xa0, 0x02, 0xca, 0x3f, 0x40, 0x36, 0xad,
  0x00, 0x2c, 0x96, 0xb0, 0x00, 0x5b, 0xde, 0xff, 0xc0, 0x05, 0xda, 0x00,
  0xc2, 0x42, 0x00, 0x10, 0x0f, 0x92, 0x68, 0x06, 0xbc, 0x10, 0x08, 0xcc,
  0x0a, 0x66, 0x00, 0x0e, 0x60, 0x3b, 0xc8, 0x03, 0xff, 0x84, 0x2c, 0xc1,
  0x00, 0xec, 0x99, 0x79, 0x00, 0x64, 0xc5, 0x18, 0x00, 0xd2, 0x70, 0x08,
  0x01, 0x10, 0x00, 0x80, 0x40, 0x22, 0x10, 0x40, 0x20, 0x0d, 0x91, 0x40,
  0xa0, 0x10, 0xa3, 0x8a, 0xc0, 0x0f, 0xf4, 0xf7, 0x28, 0x00, 0x10, 0x0e,
  0x92, 0x70, 0x19, 0x00, 0x78, 0x73, 0x40, 0x3f, 0xf8, 0xe8, 0xa0, 0x1e,
  0xcb, 0xae, 0x20, 0x0c, 0xf6, 0xa3, 0xc0, 0x1a, 0xd2, 0x80, 0xc4, 0x00,
  0x40, 0x10, 0x81, 0x80, 0x08, 0x40, 0x44, 0x04, 0x01, 0x64, 0x60, 0x28,
  0x04, 0x28, 0xe4, 0x76, 0x03, 0xfd, 0x3d, 0xcc, 0x10, 0x0c, 0xf8, 0xe0,
  0x1e, 0xe2, 0x10, 0x08, 0x10, 0x0f, 0x90, 0x60, 0x04, 0x88, 0x00, 0xe2,
  0xba, 0x00, 0xe3, 0x66, 0x00, 0x71, 0x77, 0x08, 0x02, 0x9c, 0x89, 0xd6,
  0x05, 0x62, 0xca, 0x09, 0x0f, 0x0b, 0x35, 0xb9, 0x11, 0x01, 0x00, 0x11,
  0x84, 0x83, 0x00, 0x15, 0x85, 0x60, 0xf3, 0x4a, 0x24, 0x4b, 0x26, 0x53,
  0xf0, 0x02, 0x6f, 0x73, 0x08, 0x00, 0x10, 0x0f, 0x90, 0x68, 0x02, 0xf0,
  0x03, 0xca, 0x62, 0x46, 0x20, 0x0e, 0xf1, 0x9c, 0x50, 0x0f, 0xf2, 0xb9,
  0x00, 0x6c, 0xa8, 0xd6, 0x00, 0x31, 0x96, 0x49, 0x00, 0x30, 0x2c, 0xd8,
  0xc0, 0x02, 0x04, 0x00, 0x60, 0x01, 0x01, 0x80, 0x10, 0x01, 0xa1, 0x13,
  0x82, 0x00, 0x48, 0x06, 0x74, 0x00, 0x9f, 0xfa, 0xed, 0xe8, 0x10, 0x0e,
  0x90, 0x70, 0x07, 0x11, 0x80, 0x7a, 0x71, 0x00, 0x3f, 0xc6, 0xa2, 0x01,
  0xaf, 0x2b, 0xd8, 0x00, 0xc8, 0x34, 0xc4, 0x00, 0xc0, 0x85, 0x83, 0x00,
  0x08, 0x10, 0x01, 0x80, 0x02, 0x06, 0x00, 0x70, 0x07, 0x04, 0x4d, 0x90,
  0x01, 0x1c, 0x19, 0xd0, 0x02, 0x8f, 0xec, 0xbf, 0x40, 0x00, 0xe5, 0x00,
  0x71, 0x93, 0x00, 0x40, 0x10, 0x0e, 0x90, 0x70, 0x04, 0x84, 0x01, 0xd3,
  0x5a, 0x60, 0x12, 0x2e, 0x3c, 0x00, 0x49, 0xcf, 0x96, 0x01, 0x3e, 0xd5,
  0xf1, 0x82, 0x41, 0xe5, 0x0e, 0x87, 0x02, 0x30, 0x18, 0x98, 0x83, 0xd5,
  0x0c, 0x18, 0x82, 0xbf, 0xdb, 0x8b, 0x61, 0x6c, 0xfb, 0xa0, 0x2a, 0x09,
  0x82, 0xd0, 0x02, 0xf6, 0xf6, 0x98, 0x04, 0x7f, 0x40, 0x1e, 0x26, 0x00,
  0x80, 0x10, 0x0f, 0x90, 0x60, 0x09, 0x81, 0x18, 0x05, 0x18, 0x7f, 0x82,
  0x00, 0xf5, 0x15, 0x50, 0x80, 0x1a, 0x1f, 0x28, 0x02, 0x7d, 0xab, 0xe3,
  0x04, 0x83, 0xc9, 0x1d, 0x0e, 0x04, 0x63, 0x21, 0x31, 0x07, 0xaa, 0x10,
  0x31, 0x05, 0x7f, 0xb2, 0xd6, 0xc2, 0xde, 0x32, 0x80, 0xac, 0xe1, 0xcf,
  0x40, 0x09, 0xbd, 0xcc, 0x30, 0x10, 0x0f, 0x90, 0x60, 0x04, 0x64, 0x01,
  0xc7, 0x9e, 0x01, 0xc2, 0xaa, 0x00, 0xf7, 0xe0, 0x06, 0x7d, 0xab, 0xe3,
  0x04, 0x83, 0xca, 0x1d, 0x0e, 0x04, 0x60, 0x31, 0x31, 0x07, 0xaa, 0x18,
  0x31, 0x05, 0x7f, 0xb6, 0xd6, 0xc2, 0xde, 0x36, 0x80, 0xac, 0xe1, 0xcf,
  0x40, 0x09, 0xbd, 0xcc, 0x30, 0x10, 0x0e, 0x90, 0x58, 0x00, 0x95, 0x00,
  0x33, 0xed, 0x5f, 0x18, 0x24, 0x1e, 0x50, 0xe8, 0x70, 0x23, 0x01, 0x89,
  0x88, 0x3d, 0x50, 0xc1, 0x88, 0x2b, 0xfd, 0xb8, 0xb6, 0x16, 0xcf, 0xba,
  0x02, 0xa0, 0x98, 0x2d, 0x00, 0x2f, 0x6f, 0x69, 0x80, 0x47, 0xf4, 0x01,
  0xe2, 0x60, 0x08, 0x0b, 0xff, 0x8c, 0x78, 0x07, 0xe5, 0xfb, 0x00, 0x84,
  0x88, 0x01, 0x26, 0xc8, 0x04, 0x7b, 0xf6, 0x00, 0x92, 0x3d, 0x00, 0x30,
  0x43, 0x0f, 0x98, 0x5d, 0x85, 0xc4, 0x17, 0x42, 0x08, 0x39, 0x80, 0x3f,
  0xf9, 0xdb, 0xa4, 0x00, 0x10, 0x0e, 0x90, 0x70, 0x04, 0x88, 0x00, 0xe2,
  0xbb, 0x08, 0x06, 0x36, 0x60, 0x80, 0x65, 0xed, 0x15, 0x30, 0xbb, 0x45,
  0xed, 0x43, 0x21, 0x5d, 0x84, 0x01, 0x81, 0x68, 0x88, 0x00, 0x08, 0x10,
  0x01, 0x80, 0x04, 0x1a, 0x00, 0xb0, 0x05, 0x83, 0x5d, 0x9c, 0x00, 0x56,
  0x48, 0xf0, 0x00, 0x22, 0x4f, 0xe0, 0x81, 0x1c, 0xdd, 0x4c, 0x82, 0x87,
  0x15, 0xdc, 0x96, 0x60, 0x11, 0xf0, 0x12, 0x70, 0x07, 0xf6, 0xf8, 0xf7,
  0x80, 0x67, 0x20, 0x52, 0x00, 0xd5, 0x85, 0x5a, 0x01, 0xcf, 0x90, 0x01,
  0xff, 0xc6, 0x15, 0x30, 0x0e, 0x5f, 0xac, 0x70, 0x0c, 0x72, 0xc1, 0x00,
  0x19, 0x5e, 0x44, 0x04, 0x02, 0x30, 0x0c, 0x60, 0x1f, 0xfc, 0xf0, 0x10,
  0x00, 0x10, 0x70, 0x07, 0xe2, 0xfe, 0x00, 0xe3, 0x25, 0x00, 0xe1, 0xe9,
  0x00, 0xe1, 0xcc, 0x00, 0x7f, 0xf1, 0x51, 0x44, 0x03, 0x5d, 0xab, 0x8c,
  0x00, 0x21, 0x26, 0x10, 0x01, 0x5b, 0x78, 0x30, 0x00, 0x40, 0x02, 0x06,
  0x01, 0xff, 0xcc, 0x10, 0x0e, 0x90, 0x70, 0x19, 0x00, 0x70, 0xe6, 0x00,
  0x3f, 0xf8, 0xa8, 0x80, 0x0e, 0xcb, 0xb4, 0x80, 0x42, 0xae, 0x0c, 0x20,
  0x14, 0xc1, 0x01, 0x00, 0x04, 0x00, 0x20, 0x1f, 0xfc, 0xe1, 0xfe, 0x00,
  0x67, 0x98, 0x05, 0x58, 0x01, 0xe6, 0x20, 0x08, 0x06, 0x00, 0x06, 0x58,
  0x04, 0x5f, 0xc6, 0x4a, 0x3d, 0x03, 0x9a, 0x01, 0xff, 0xc6, 0x07, 0xf0,
  0x0c, 0x58, 0x07, 0xb7, 0xc7, 0xbc, 0x1c, 0x81, 0x48, 0x2b, 0x0a, 0x74,
  0x00, 0xf9, 0x60, 0x1f, 0xfd, 0xa0, 0x07, 0xf0, 0x0c, 0x68, 0x04, 0x64,
  0x01, 0x36, 0x30, 0x05, 0x92, 0x81, 0x59, 0x5b, 0x80, 0xc6, 0x2c, 0x61,
  0x9c, 0x5f, 0xe0, 0x03, 0xe5, 0x80, 0x7f, 0xf6, 0x80, 0x06, 0x0e, 0x86,
  0x70, 0x04, 0x5f, 0xc6, 0x4a, 0x3d, 0x03, 0x9a, 0x01, 0xff, 0xc6, 0x1f,
  0xe1, 0xdc, 0x32, 0x20, 0x07, 0xfe, 0x88, 0x70, 0x07, 0x2f, 0xd8, 0x09,
  0x10, 0x13, 0xac, 0x13, 0x24, 0x03, 0xff, 0x92, 0x20, 0xe1, 0x21, 0xe4,
  0x62, 0xe4, 0xa1, 0xe0, 0x07, 0xfe, 0x88, 0x70, 0x07, 0x0f, 0xf8, 0x00,
  0x46, 0x03, 0xde, 0x03, 0x9a, 0x01, 0xff, 0xd0, 0x3c, 0x05, 0x70, 0x59,
  0x07, 0xfe, 0x8c, 0x70, 0x07, 0xc3, 0xfe, 0x00, 0xc4, 0x60, 0x10, 0xf7,
  0x80, 0x43, 0x9a, 0x00, 0x25, 0x01, 0x31, 0x9b, 0x00, 0x64, 0xde, 0x80,
  0x3a, 0x00, 0xc0, 0x44, 0x01, 0xff, 0xc7, 0x3c, 0x05, 0x00, 0x38, 0x2c,
  0x80, 0x00, 0x10, 0x0e, 0x90, 0x70, 0x19, 0x00, 0x70, 0xe6, 0x00, 0x3f,
  0xf8, 0xc4, 0x64, 0x01, 0x8f, 0x70, 0x40, 0x22, 0xd0, 0xb3, 0x00, 0x0e,
  0x0d, 0x20, 0x06, 0x10, 0x30, 0x0e, 0xa0, 0x93, 0x00, 0x85, 0x60, 0x38,
  0x03, 0x9d, 0x0a, 0x47, 0xf8, 0x01, 0x7f, 0x20, 0x16, 0x69, 0x00, 0x71,
  0x10, 0x02, 0x0c, 0x00, 0x0e, 0x58, 0x19, 0x00, 0x61, 0xcc, 0x00, 0x7f,
  0xf2, 0x88, 0x80, 0x18, 0xb7, 0x40, 0x1f, 0xf1, 0x7f, 0x80, 0x3f, 0xf9,
  0x40, 0x06, 0x0e, 0x86, 0x70, 0x19, 0x0e, 0x60, 0x03, 0xff, 0x9e, 0x3f,
  0xc3, 0xb8, 0x64, 0x40, 0x07, 0xfe, 0x8a, 0x80, 0x7f, 0xda, 0x15, 0x54,
  0x02, 0xb3, 0xa8, 0x0e, 0x60, 0x03, 0xff, 0xc6, 0x3f, 0xc0, 0x01, 0xdc,
  0x00, 0x19, 0x10, 0x00, 0x18, 0x00, 0x18, 0x58, 0x07, 0xff, 0x17, 0xbc,
  0xc0, 0x3f, 0x94, 0x84, 0x03, 0x8c, 0x81, 0x23, 0x48, 0xd0, 0x40, 0x73,
  0xf2, 0xf2, 0x2b, 0x2f, 0x90, 0x00, 0x4b, 0x00, 0xe3, 0x4a, 0x10, 0x01,
  0x4b, 0x90, 0x4a, 0xd8, 0x10, 0x00, 0x40, 0x3f, 0xfc, 0x20, 0x18, 0x0e,
  0x98, 0x58, 0x19, 0x02, 0x20, 0x00, 0x6a, 0x20, 0x39, 0xf9, 0x76, 0x9a,
  0xca, 0xe4, 0x00, 0x12, 0xc0, 0x30, 0xd2, 0x84, 0x00, 0x52, 0xe4, 0x12,
  0xb6, 0x04, 0x00, 0x10, 0x0f, 0xff, 0x08, 0xff, 0x00, 0x37, 0xc8, 0x07,
  0xf8, 0x03, 0xb3, 0x48, 0x03, 0xf8, 0x88, 0x20, 0x18, 0x10, 0x00, 0x10,
  0x58, 0x07, 0xfd, 0x9c, 0x01, 0xe6, 0x50, 0x0c, 0x66, 0xaf, 0x30, 0x00,
  0xe6, 0xe5, 0xe4, 0x80, 0x42, 0xae, 0x0c, 0x20, 0x14, 0xc1, 0x01, 0x00,
  0x04, 0x00, 0x20, 0x1f, 0xfc, 0xe0, 0x10, 0x0e, 0x90, 0x58, 0x19, 0x81,
  0x10, 0x00, 0x1c, 0xdc, 0xbb, 0x48, 0x04, 0x2a, 0xe0, 0xc2, 0x01, 0x4c,
  0x10, 0x10, 0x00, 0x40, 0x02, 0x01, 0xff, 0xce, 0x1f, 0xe0, 0x06, 0x79,
  0x80, 0x55, 0x80, 0x1e, 0x62, 0x00, 0x80, 0x10, 0x0e, 0x90, 0x70, 0x04,
  0xaa, 0x00, 0xe9, 0xbb, 0x50, 0x04, 0x65, 0x5a, 0x28, 0x00, 0x38, 0x24,
  0x84, 0x00, 0x4e, 0x4c, 0x65, 0x02, 0xb0, 0xde, 0x12, 0xb7, 0x84, 0x21,
  0xc0, 0x50, 0x81, 0x00, 0x18, 0x04, 0x83, 0x00, 0x08, 0x0f, 0x60, 0xf5,
  0x30, 0x12, 0x56, 0x4a, 0xc5, 0x46, 0x09, 0xbd, 0xcd, 0x50, 0x08, 0x73,
  0x04, 0x01, 0xc4, 0x40, 0x08, 0x10, 0x0f, 0x90, 0x60, 0x12, 0x09, 0xa0,
  0x05, 0x56, 0xbf, 0x62, 0x00, 0xc6, 0x65, 0xb0, 0x80, 0x12, 0x94, 0x60,
  0x02, 0xac, 0x89, 0xe4, 0x05, 0x51, 0x64, 0x85, 0x07, 0x85, 0x9b, 0x18,
  0xa0, 0x81, 0x00, 0x1c, 0x04, 0x80, 0xc0, 0x0a, 0x0f, 0x41, 0x13, 0x82,
  0x64, 0x74, 0x2c, 0x69, 0xa0, 0x05, 0xee, 0x7d, 0x88, 0x00, 0x10, 0x0f,
  0x90, 0x68, 0x0f, 0xfd, 0x40, 0x10, 0xe6, 0x56, 0x01, 0x46, 0x3f, 0xf0,
  0x80, 0x38, 0xdd, 0x4c, 0x02, 0x6f, 0x4f, 0xd1, 0x00, 0x56, 0x44, 0xf2,
  0x02, 0xa8, 0xb2, 0x42, 0x83, 0xc2, 0xcd, 0x8c, 0x50, 0x40, 0x80, 0x0e,
  0x02, 0x40, 0x60, 0x05, 0x07, 0xa0, 0x89, 0xc1, 0x32, 0x3a, 0x16, 0x34,
  0xd0, 0x02, 0xf7, 0x3e, 0xc4, 0x00, 0x10, 0x0f, 0x90, 0x60, 0x04, 0x88,
  0x00, 0xe1, 0xbb, 0x10, 0x06, 0x16, 0x61, 0x80, 0x63, 0xfe, 0x20, 0x0a,
  0x72, 0x63, 0x28, 0x15, 0x86, 0xf0, 0x95, 0xbc, 0x21, 0x0e, 0x02, 0x84,
  0x08, 0x00, 0xc0, 0x24, 0x18, 0x00, 0x40, 0x7b, 0x07, 0xa9, 0x80, 0x92,
  0xb2, 0x56, 0x2a, 0x30, 0x4d, 0xee, 0x6a, 0x80, 0x10, 0x0e, 0x90, 0x58,
  0x00, 0xd9, 0xcc, 0x02, 0x9c, 0x98, 0xca, 0x05, 0x61, 0xbc, 0x25, 0x6f,
  0x08, 0x43, 0x80, 0xa1, 0x02, 0x00, 0x30, 0x09, 0x06, 0x00, 0x10, 0x1e,
  0xc1, 0xea, 0x60, 0x24, 0xac, 0x95, 0x8a, 0x8c, 0x13, 0x7b, 0x9a, 0xa0,
  0x10, 0xe6, 0x08, 0x03, 0x88, 0x80, 0x10, 0x10, 0x0e, 0x90, 0x60, 0x07,
  0xab, 0x80, 0x06, 0xee, 0x66, 0x00, 0x27, 0x22, 0x12, 0x76, 0xac, 0x37,
  0x61, 0x00, 0x78, 0x42, 0x22, 0x03, 0xc4, 0x08, 0x00, 0x40, 0x24, 0x18,
  0x00, 0xc0, 0x2b, 0x07, 0xaa, 0x38, 0x59, 0x59, 0x2a, 0x8a, 0xc8, 0x13,
  0x7b, 0x9a, 0x80, 0x10, 0xe6, 0x04, 0x03, 0x88, 0x80, 0x10, 0x10, 0x0f,
  0x90, 0x70, 0x12, 0x89, 0xa8, 0x04, 0x94, 0x91, 0x42, 0x00, 0x4a, 0x48,
  0xa1, 0x00, 0x1c, 0x6a, 0xd9, 0x00, 0x15, 0x27, 0x58, 0x80, 0x09, 0x45,
  0xb4, 0x01, 0x4e, 0x44, 0xeb, 0x82, 0xb1, 0x65, 0x04, 0x17, 0x85, 0x9a,
  0xb0, 0x28, 0x81, 0x00, 0x38, 0x3c, 0x83, 0x00, 0x18, 0x1d, 0x40, 0xf3,
  0x48, 0x2e, 0x76, 0x4c, 0xa7, 0x82, 0x09, 0xbd, 0xcc, 0x20, 0x10, 0x0e,
  0x92, 0x70, 0x07, 0xff, 0x01, 0xfe, 0x40, 0x3c, 0x44, 0xe0, 0x0c, 0x42,
  0xbe, 0x80, 0x10, 0xef, 0xde, 0xe6, 0x88, 0x04, 0x2f, 0x26, 0x54, 0x01,
  0xb5, 0xb4, 0x10, 0x40, 0x04, 0x20, 0x22, 0x03, 0x00, 0x10, 0x80, 0x88,
  0x0c, 0x02, 0xd7, 0xd0, 0x41, 0x00, 0x9a, 0x0c, 0xa8, 0x03, 0x56, 0xe6,
  0x88, 0x07, 0x11, 0x80, 0x70, 0x80, 0x78, 0x0a, 0x00, 0x0c, 0x58, 0x07,
  0xef, 0xf0, 0x80, 0x46, 0x40, 0x11, 0xf6, 0x90, 0x0e, 0x7e, 0xe1, 0x80,
  0x09, 0xa0, 0x80, 0x2b, 0x71, 0x00, 0x08, 0x07, 0xff, 0x24, 0x0a, 0x0e,
  0x8c, 0x58, 0x19, 0x01, 0x80, 0xe7, 0xee, 0x18, 0x00, 0x9a, 0x08, 0x02,
  0xb7, 0x10, 0x00, 0x80, 0x7f, 0xf2, 0x47, 0xf8, 0x02, 0x1d, 0xc0, 0x08,
  0xc8, 0x80, 0x10, 0x0a, 0x0e, 0x8c, 0x68, 0x6f, 0xfc, 0x00, 0x9a, 0xa8,
  0x00, 0xee, 0x56, 0x01, 0xcf, 0xdc, 0x30, 0x01, 0x34, 0x10, 0x05, 0x6e,
  0x20, 0x01, 0x00, 0xff, 0xe4, 0x8f, 0xf0, 0x04, 0x3b, 0x80, 0x11, 0x91,
  0x00, 0x20, 0x0e, 0x0f, 0x90, 0x70, 0x00, 0xb2, 0xc0, 0x3c, 0x6a, 0x01,
  0xc5, 0xf4, 0x82, 0x01, 0x8e, 0xfc, 0x40, 0x34, 0xa5, 0x80, 0x62, 0xff,
  0x00, 0x69, 0xda, 0xbe, 0x40, 0x26, 0x1d, 0xb1, 0x90, 0x08, 0x68, 0x37,
  0x00, 0xa4, 0x5e, 0xf5, 0x80, 0x4b, 0x3a, 0x42, 0x04, 0xef, 0x10, 0x02,
  0x12, 0x90, 0xa9, 0x1b, 0x00, 0x37, 0x76, 0x40, 0x0e, 0x0f, 0x90, 0x70,
  0x04, 0x22, 0x00, 0xe1, 0xec, 0x00, 0xc2, 0x6a, 0x84, 0x01, 0x1e, 0xe8,
  0xbc, 0x02, 0x2a, 0x85, 0xf0, 0x0c, 0xf5, 0x42, 0x00, 0xa7, 0x6a, 0xf9,
  0x00, 0x98, 0x76, 0xc6, 0x40, 0x21, 0xa0, 0xdc, 0x02, 0x91, 0x7b, 0xd6,
  0x01, 0x2c, 0xe9, 0x08, 0x13, 0xbc, 0x40, 0x08, 0x4a, 0x42, 0xa4, 0x6c,
  0x00, 0xdd, 0xd9, 0x00, 0x0e, 0x0f, 0x90, 0x60, 0x04, 0x64, 0x01, 0xc5,
  0x98, 0x00, 0xe3, 0x57, 0x00, 0xe3, 0xfd, 0x00, 0xd3, 0xb5, 0x7c, 0x80,
  0x4c, 0x3b, 0x63, 0x20, 0x10, 0xd0, 0x6e, 0x01, 0x48, 0xbd, 0xeb, 0x00,
  0x96, 0x74, 0x84, 0x09, 0xde, 0x20, 0x04, 0x25, 0x21, 0x52, 0x36, 0x00,
  0x6e, 0xec, 0x80, 0x0e, 0x0e, 0x90, 0x58, 0x00, 0x95, 0x00, 0x34, 0xed,
  0x5f, 0x20, 0x13, 0x0e, 0xd8, 0xc8, 0x04, 0x34, 0x1b, 0x80, 0x52, 0x2f,
  0x7a, 0xc0, 0x25, 0x9d, 0x21, 0x02, 0x77, 0x88, 0x01, 0x09, 0x48, 0x54,
  0x8d, 0x80, 0x1b, 0xbb, 0x20, 0x04, 0x39, 0xa0, 0x1c, 0x64, 0x40, 0x08,
  0x0e, 0x0e, 0x90, 0x70, 0x04, 0x64, 0x01, 0xc5, 0x98, 0x00, 0xe3, 0x57,
  0x00, 0xe3, 0xfd, 0x00, 0xd3, 0xb5, 0x7c, 0x80, 0x4c, 0x3b, 0x63, 0x20,
  0x10, 0xd0, 0x6e, 0x01, 0x48, 0xbd, 0xeb, 0x00, 0x96, 0x74, 0x84, 0x09,
  0xde, 0x20, 0x04, 0x25, 0x21, 0x52, 0x36, 0x00, 0x6e, 0xec, 0x80, 0x10,
  0xe6, 0x80, 0x71, 0x91, 0x00, 0x20, 0x0b, 0xf0, 0x0c, 0x68, 0x07, 0xdf,
  0xa3, 0xf8, 0x04, 0xc0, 0x4c, 0x1b, 0x45, 0x94, 0x00, 0xbc, 0x70, 0x0f,
  0xdc, 0xa1, 0x3a, 0x12, 0x40, 0x94, 0x0e, 0xe0, 0xd7, 0x00, 0xff, 0xe1,
  0x18, 0x53, 0x80, 0x2c, 0xcd, 0x40, 0x0a, 0x00, 0x0a, 0x68, 0x07, 0xaf,
  0xd4, 0x00, 0x44, 0x10, 0x05, 0xf2, 0x80, 0x23, 0x10, 0x03, 0xdc, 0xa1,
  0x5b, 0x24, 0x09, 0x6e, 0xe0, 0xe6, 0x00, 0xff, 0x8c, 0x25, 0xc2, 0xcc,
  0xd4, 0x0a, 0x0e, 0x8a, 0x68, 0x11, 0x88, 0x02, 0x31, 0x00, 0x3d, 0xca,
  0x15, 0xb2, 0x40, 0x96, 0xee, 0x0e, 0x60, 0x0f, 0xf8, 0xc2, 0x5c, 0x2c,
  0xcd, 0x40, 0x59, 0xfa, 0x00, 0xdd, 0x00, 0x04, 0x88, 0x00, 0x10, 0x0f,
  0x90, 0x60, 0x07, 0xf1, 0x7e, 0x8f, 0xe8, 0x00, 0xc9, 0xc0, 0x9c, 0x02,
  0xca, 0x1d, 0xb1, 0x17, 0x78, 0x00, 0xfb, 0x40, 0x3f, 0xf9, 0x82, 0x02,
  0x00, 0x50, 0x08, 0x83, 0x6a, 0x40, 0x29, 0x12, 0x48, 0x00, 0x93, 0xba,
  0x7f, 0xc0, 0x10, 0x0f, 0x90, 0x70, 0x06, 0x27, 0x30, 0x0e, 0xea, 0x30,
  0x0c, 0x29, 0x80, 0x10, 0xfe, 0x4f, 0x68, 0x04, 0x2c, 0x02, 0xc0, 0x02,
  0xdb, 0x1e, 0x82, 0x1c, 0xd0, 0x01, 0xe7, 0x00, 0x7f, 0xf3, 0x04, 0x04,
  0x40, 0xa0, 0x11, 0x06, 0x54, 0x80, 0x52, 0x24, 0x90, 0x01, 0x27, 0x74,
  0xff, 0x80, 0x10, 0x0e, 0x90, 0x58, 0x19, 0x80, 0x02, 0x64, 0x39, 0xa0,
  0x04, 0xc8, 0x00, 0xff, 0xe6, 0x08, 0x08, 0x00, 0x80, 0x22, 0x0d, 0xa8,
  0x00, 0xa4, 0x49, 0x1c, 0x02, 0x4e, 0xea, 0x3e, 0x80, 0x1b, 0xa1, 0xdb,
  0x00, 0x88, 0x80, 0x4c, 0x00, 0x10, 0x0f, 0x90, 0x70, 0x01, 0x4c, 0x14,
  0xc0, 0x36, 0x4d, 0x90, 0x04, 0xb2, 0x1a, 0x20, 0x01, 0xfb, 0x8c, 0xd0,
  0x08, 0x58, 0x05, 0x80, 0x05, 0xb6, 0x3d, 0x04, 0x39, 0xa0, 0x03, 0xce,
  0x00, 0xff, 0xe6, 0x08, 0x08, 0x81, 0x40, 0x22, 0x0c, 0xa9, 0x00, 0xa4,
  0x49, 0x20, 0x02, 0x4e, 0xe9, 0xff, 0x00, 0x10, 0x0f, 0x90, 0x70, 0x01,
  0x98, 0x01, 0xe5, 0x96, 0x00, 0xe3, 0xb1, 0x00, 0xc3, 0xf2, 0xdf, 0xa0,
  0x10, 0xb0, 0x0b, 0x00, 0x0b, 0x6c, 0x7a, 0x08, 0x73, 0x40, 0x07, 0x9c,
  0x01, 0xff, 0xcc, 0x10, 0x11, 0x02, 0x80, 0x44, 0x19, 0x52, 0x01, 0x48,
  0x92, 0x40, 0x04, 0x9d, 0xd3, 0xfe, 0x00, 0x10, 0x0f, 0x90, 0x68, 0x02,
  0xbf, 0xe6, 0x00, 0xa3, 0x32, 0x70, 0x00, 0xef, 0x16, 0x60, 0x02, 0x16,
  0x01, 0x60, 0x01, 0x6d, 0x8f, 0x41, 0x0e, 0x68, 0x00, 0xf3, 0x80, 0x3f,
  0xf9, 0x82, 0x02, 0x20, 0x50, 0x08, 0x83, 0x2a, 0x40, 0x29, 0x12, 0x48,
  0x00, 0x93, 0xba, 0x7f, 0xc0, 0x10, 0x0e, 0x90, 0x58, 0x19, 0x80, 0x23,
  0x30, 0xe6, 0x80, 0x0b, 0x34, 0x03, 0xff, 0x98, 0x20, 0x22, 0x06, 0x00,
  0x88, 0x32, 0xa8, 0x01, 0x48, 0x92, 0xc8, 0x04, 0x9d, 0xcf, 0x7f, 0xe0,
  0x09, 0xb6, 0x00, 0x3b, 0x88, 0x80, 0x00, 0x12, 0x0e, 0x94, 0x60, 0x07,
  0xcd, 0xa4, 0x06, 0x60, 0x08, 0xfc, 0x80, 0x73, 0x40, 0x05, 0x8c, 0x64,
  0x01, 0xf0, 0xe0, 0x07, 0xff, 0x24, 0x40, 0x44, 0x0c, 0x01, 0xc4, 0x19,
  0x54, 0x00, 0xe9, 0x12, 0x59, 0x00, 0xe4, 0xee, 0x7b, 0xff, 0x00, 0x73,
  0x6c, 0x00, 0x7d, 0xc4, 0x40, 0x0c, 0x10, 0x0f, 0x90, 0x70, 0x02, 0x18,
  0x21, 0x40, 0x27, 0xb1, 0x7e, 0x00, 0xb3, 0xc7, 0x24, 0x02, 0xac, 0xed,
  0x50, 0x0b, 0x62, 0x24, 0x00, 0x30, 0xb3, 0x4a, 0xa1, 0x9b, 0x00, 0x14,
  0xd8, 0x07, 0xff, 0x30, 0x40, 0x44, 0x0c, 0x01, 0x10, 0x65, 0x50, 0x02,
  0xe1, 0x25, 0x80, 0x08, 0xfb, 0x9e, 0xdf, 0xc0, 0x10, 0x0e, 0x90, 0x59,
  0x98, 0x02, 0x13, 0x29, 0xc7, 0x00, 0x5e, 0x27, 0x05, 0x80, 0x14, 0x1d,
  0x04, 0xc9, 0x01, 0x44, 0x18, 0x17, 0x83, 0x80, 0x14, 0x16, 0x82, 0x80,
  0x02, 0x33, 0x0b, 0x80, 0x6a, 0x00, 0x50, 0x06, 0x6f, 0xf1, 0x80, 0x61,
  0xdc, 0x00, 0xe3, 0x22, 0x00, 0x40, 0x17, 0xff, 0x9a, 0x60, 0x07, 0xff,
  0x17, 0x7c, 0x7b, 0xc0, 0x3f, 0x39, 0x02, 0x90, 0x07, 0x08, 0x82, 0xb4,
  0x2f, 0x40, 0x44, 0x00, 0xfe, 0x30, 0x7e, 0xa0, 0x1e, 0xe0, 0x83, 0x82,
  0x05, 0x82, 0x02, 0x02, 0x08, 0x68, 0x60, 0x18, 0x88, 0xf0, 0x30, 0x00,
  0x80, 0x88, 0x08, 0x04, 0x50, 0x50, 0x09, 0x43, 0xc1, 0x8b, 0x0c, 0x88,
  0x01, 0x78, 0x22, 0x01, 0x50, 0x14, 0x03, 0x28, 0x03, 0x43, 0x00, 0x16,
  0x01, 0xdd, 0xac, 0x09, 0xba, 0x30, 0x00, 0x16, 0x0f, 0x98, 0x60, 0x07,
  0xff, 0x10, 0xbf, 0x80, 0x3f, 0x8c, 0x94, 0x03, 0xc2, 0x00, 0x1c, 0xa0,
  0x08, 0x42, 0x7a, 0x00, 0xbb, 0x80, 0x0b, 0xe5, 0xd0, 0x40, 0x50, 0x01,
  0x82, 0x02, 0x20, 0x0c, 0x30, 0x42, 0xd0, 0x0c, 0x41, 0x41, 0x10, 0xe4,
  0x86, 0x16, 0x00, 0xf0, 0xf0, 0xd5, 0x3b, 0x05, 0x00, 0x28, 0x20, 0x25,
  0x81, 0x91, 0x00, 0x24, 0x04, 0x03, 0x10, 0x50, 0x0d, 0x5b, 0x40, 0x0f,
  0xd8, 0x00, 0x00, 0x16, 0x0e, 0x98, 0x59, 0x18, 0x80, 0x0c, 0xc0, 0x02,
  0x31, 0xac, 0x90, 0x3c, 0xc0, 0x03, 0xb1, 0x2c, 0x10, 0x10, 0x00, 0x80,
  0x60, 0xa6, 0x26, 0x36, 0x41, 0x88, 0x08, 0x00, 0x70, 0x43, 0x53, 0x4c,
  0x0d, 0x00, 0x68, 0x48, 0x65, 0x9a, 0x03, 0x80, 0x10, 0x0c, 0x11, 0x00,
  0x66, 0x10, 0x09, 0x41, 0x40, 0xc4, 0x2c, 0x03, 0x57, 0xd0, 0x03, 0xbd,
  0xc0, 0x3c, 0x3b, 0x80, 0x1f, 0xc6, 0x44, 0x00, 0xe0, 0x11, 0xf0, 0x12,
  0x58, 0x07, 0xfd, 0xbe, 0x3d, 0xe0, 0x19, 0xc8, 0x14, 0x80, 0x22, 0x9c,
  0x1b, 0xe3, 0x00, 0x26, 0x50, 0x3e, 0x48, 0x01, 0x91, 0x0f, 0x03, 0x60,
  0x15, 0x04, 0x05, 0x08, 0x04, 0x28, 0x02, 0x80, 0x19, 0x50, 0x45, 0x00,
  0x10, 0xd8, 0x61, 0x3a, 0x00, 0x28, 0x60, 0xa4, 0x28, 0x00, 0x10, 0x00,
  0x10, 0x58, 0x07, 0xf8, 0xbf, 0x80, 0x38, 0xc9, 0x40, 0x21, 0x33, 0x6d,
  0x91, 0x89, 0xe6, 0x89, 0x6e, 0x80, 0xa4, 0x2f, 0x82, 0x84, 0x19, 0x14,
  0xd9, 0x00, 0x2d, 0x00, 0x50, 0x04, 0x30, 0x00, 0xe0, 0x0a, 0x86, 0x58,
  0xa0, 0x19, 0x10, 0xd0, 0x2e, 0x60, 0x11, 0xfe, 0x92, 0x70, 0x07, 0xfd,
  0xbe, 0x3d, 0xe0, 0x19, 0xc8, 0x14, 0x80, 0x22, 0x8d, 0x1b, 0xc2, 0x00,
  0x7e, 0x98, 0x03, 0x74, 0x81, 0x41, 0x40, 0x46, 0x48, 0x0c, 0x0e, 0x0a,
  0x14, 0x00, 0x14, 0x13, 0xa0, 0x50, 0x0b, 0xc2, 0x09, 0x08, 0x02, 0x41,
  0x40, 0xe0, 0x0e, 0x60, 0x02, 0x80, 0x77, 0x83, 0x00, 0x62, 0xa8, 0x0b,
  0x00, 0xcc, 0xa3, 0x24, 0x01, 0x00, 0x10, 0x0e, 0x90, 0x70, 0x07, 0xf8,
  0xbf, 0x80, 0x38, 0xc9, 0x40, 0x21, 0x21, 0xdb, 0x02, 0x19, 0xd8, 0x00,
  0x3e, 0xc5, 0x02, 0x80, 0x28, 0x28, 0x8c, 0x8c, 0x8a, 0x30, 0xa0, 0xba,
  0x0b, 0x00, 0x30, 0x2a, 0x81, 0xc0, 0x26, 0x22, 0x28, 0x80, 0x54, 0x00,
  0xe0, 0x0c, 0x20, 0x28, 0x01, 0x4f, 0x84, 0x80, 0x67, 0x35, 0x70, 0x08,
  0x10, 0x0e, 0x90, 0x59, 0x98, 0x02, 0x13, 0x29, 0xc6, 0x00, 0x56, 0x3f,
  0x05, 0x00, 0x10, 0x15, 0x04, 0xc5, 0x81, 0x80, 0x0c, 0x0f, 0xa1, 0x40,
  0x0a, 0x0a, 0x42, 0x30, 0x01, 0x21, 0x85, 0x00, 0x6e, 0x00, 0x30, 0x06,
  0x30, 0x41, 0x00, 0x0e, 0x48, 0x7e, 0x68, 0x80, 0x9c, 0xa1, 0x10, 0xc0,
  0x0e, 0x00, 0x0e, 0x58, 0x07, 0xf1, 0x7f, 0x00, 0x71, 0x28, 0x06, 0x2d,
  0xb0, 0x01, 0x7f, 0xf6, 0x9b, 0xbc, 0x40, 0xe3, 0x10, 0xd2, 0x3a, 0x00,
  0x25, 0x0e, 0x80, 0x0a, 0xc7, 0x04, 0x01, 0x80, 0x57, 0x30, 0x42, 0x06,
  0xcd, 0x00, 0x0e, 0x0e, 0x8e, 0x58, 0x07, 0xc5, 0xff, 0xda, 0x6e, 0xf1,
  0x03, 0x8c, 0x43, 0x48, 0xe8, 0x00, 0x94, 0x5a, 0x00, 0x2b, 0x1f, 0x10,
  0x06, 0x01, 0x5c, 0xc1, 0x08, 0x1b, 0x34, 0x5f, 0xfd, 0xc0, 0x02, 0xdc,
  0x00, 0xe2, 0x20, 0x00, 0x10, 0x0e, 0x90, 0x70, 0x09, 0x00, 0x0c, 0x02,
  0x5d, 0x46, 0xc1, 0x00, 0x24, 0xca, 0xac, 0x40, 0x25, 0x8e, 0x53, 0x10,
  0xac, 0xad, 0xac, 0x65, 0x50, 0xd4, 0xa8, 0x03, 0xc2, 0x15, 0xa4, 0x00,
  0x20, 0x40, 0x02, 0x00, 0x08, 0x60, 0x03, 0x40, 0x1c, 0x0f, 0x32, 0x70,
  0x02, 0x40, 0x33, 0xb8, 0x02, 0x7f, 0xde, 0x8f, 0x70, 0x0b, 0xf4, 0x03,
  0xc4, 0x40, 0x08, 0x10, 0x0e, 0x90, 0x70, 0x04, 0x66, 0x00, 0xe8, 0xcc,
  0x38, 0x04, 0x69, 0x75, 0x66, 0x00, 0x3f, 0x17, 0xc0, 0x20, 0xac, 0xad,
  0xbc, 0x95, 0x50, 0xd5, 0x14, 0x01, 0xe1, 0x0a, 0xa8, 0x00, 0x08, 0x10,
  0x01, 0x40, 0x04, 0x18, 0x00, 0x40, 0x06, 0x83, 0xcc, 0xa0, 0x00, 0x92,
  0x0c, 0xee, 0x00, 0x9b, 0xf7, 0xa3, 0xec, 0x02, 0xfd, 0x20, 0x0e, 0x22,
  0x08, 0x00, 0x10, 0x0f, 0x90, 0x60, 0x12, 0x09, 0xa0, 0x05, 0x56, 0xbd,
  0x62, 0x00, 0xc6, 0x65, 0x30, 0x80, 0x13, 0x54, 0xe1, 0x44, 0x2e, 0xd1,
  0x7b, 0x4a, 0xc8, 0x57, 0x62, 0x00, 0x60, 0x5a, 0x22, 0x40, 0x02, 0x04,
  0x00, 0x20, 0x01, 0x06, 0x00, 0x30, 0x01, 0xa0, 0xf3, 0x4c, 0x00, 0x49,
  0x06, 0x47, 0x00, 0x9b, 0xfb, 0x91, 0xe8, 0x10, 0x0f, 0x90, 0x68, 0x0f,
  0xfd, 0xa0, 0x10, 0xe6, 0x5e, 0x01, 0x46, 0x3f, 0x68, 0x80, 0x38, 0xdd,
  0xc6, 0x20, 0x06, 0x84, 0xed, 0x51, 0x0b, 0xb4, 0x5e, 0xd2, 0xb2, 0x15,
  0xd8, 0x80, 0x18, 0x16, 0x88, 0x90, 0x00, 0x81, 0x00, 0x08, 0x00, 0x41,
  0x80, 0x0c, 0x00, 0x68, 0x3c, 0xd3, 0x00, 0x12, 0x41, 0x91, 0xc0, 0x26,
  0xfe, 0xe4, 0x7a, 0x00, 0x10, 0x0f, 0x90, 0x60, 0x04, 0x88, 0x00, 0xe1,
  0xbb, 0x08, 0x06, 0x16, 0x60, 0x80, 0x64, 0xed, 0x15, 0x30, 0xbb, 0x45,
  0xed, 0x43, 0x20, 0xdd, 0x84, 0x01, 0x81, 0x08, 0x88, 0x00, 0x08, 0x10,
  0x01, 0x80, 0x04, 0x18, 0x00, 0x40, 0x05, 0x03, 0xd4, 0xc0, 0x00, 0xe4,
  0x55, 0xdc, 0x01, 0x37, 0x75, 0x1f, 0x60, 0x10, 0x0e, 0x90, 0x58, 0x00,
  0xd4, 0x80, 0xc8, 0x2b, 0x2b, 0x6f, 0x25, 0x54, 0x35, 0x45, 0x00, 0x78,
  0x42, 0xaa, 0x00, 0x02, 0x04, 0x00, 0x50, 0x01, 0x06, 0x00, 0x10, 0x01,
  0xa0, 0xf3, 0x28, 0x00, 0x24, 0x83, 0x3b, 0x80, 0x26, 0xfd, 0xe8, 0xfb,
  0x00, 0xbf, 0x48, 0x03, 0x88, 0x82, 0x00, 0x06, 0x0e, 0x86, 0x58, 0x19,
  0x87, 0x34, 0x03, 0xff, 0x8c, 0x3f, 0xc3, 0xb8, 0x64, 0x40, 0x08, 0x0f,
  0x8a, 0x78, 0x07, 0xab, 0xd8, 0x00, 0x44, 0x30, 0x04, 0x6a, 0x80, 0x1f,
  0xfc, 0xc1, 0x00, 0xca, 0x20, 0x09, 0x30, 0x0b, 0xd8, 0x02, 0x75, 0x00,
  0x0c, 0x18, 0x07, 0xff, 0x20, 0x77, 0x00, 0x00, 0x0c, 0x00, 0x0e, 0x58,
  0x19, 0x00, 0x61, 0xcc, 0x00, 0x7f, 0xf2, 0x88, 0x80, 0x18, 0xb7, 0x40,
  0x1f, 0xf1, 0x7f, 0x80, 0x3f, 0x08, 0x0b, 0x80, 0x68, 0x1b, 0x00, 0x80,
  0x08, 0x0e, 0x88, 0x70, 0x19, 0x00, 0xe6, 0x00, 0x3f, 0xfa, 0x22, 0x02,
  0xe1, 0x03, 0x60, 0xfd, 0x81, 0x3a, 0x80, 0x44, 0x10, 0x09, 0xfe, 0x8a,
  0x80, 0x7f, 0xda, 0x15, 0x54, 0x02, 0xb3, 0xa8, 0x0e, 0x60, 0x03, 0xff,
  0xb2, 0x20, 0x2e, 0x00, 0x81, 0xb0, 0x03, 0xf6, 0x00, 0x27, 0x50, 0x00,
  0x44, 0x10, 0x0b, 0xf0, 0x0c, 0x68, 0x07, 0xb7, 0xc7, 0xbc, 0x1c, 0x81,
  0x48, 0x2b, 0x0a, 0xb4, 0x00, 0xf9, 0x00, 0x1c, 0x60, 0x1c, 0xbe, 0x60,
  0x11, 0x39, 0x00, 0x49, 0x02, 0x01, 0xff, 0xc1, 0x30, 0x79, 0x10, 0x55,
  0x0b, 0x10, 0x0a, 0x00, 0x0a, 0x68, 0x07, 0x17, 0xf0, 0x00, 0xc9, 0x40,
  0x03, 0xd2, 0x00, 0x1c, 0xc0, 0x07, 0xf0, 0xfb, 0x00, 0x4e, 0xa0, 0x01,
  0x83, 0x00, 0xff, 0x08, 0x0c, 0x98, 0x40, 0xb2, 0x80, 0x0a, 0x0e, 0x8a,
  0x68, 0x19, 0x00, 0x07, 0x30, 0x01, 0xfc, 0x3e, 0xc0, 0x13, 0xa8, 0x00,
  0x60, 0xc0, 0x3f, 0xc2, 0x03, 0x26, 0x10, 0x2c, 0xa0, 0xfd, 0xec, 0x0d,
  0xae, 0x00, 0x12, 0xe0, 0x10, 0x0f, 0x90, 0x60, 0x07, 0xf1, 0x7e, 0x8f,
  0xe8, 0x00, 0xc9, 0xc0, 0x9c, 0x00, 0x5d, 0x43, 0xb2, 0x43, 0x9a, 0x00,
  0x3c, 0xe0, 0x0f, 0xfe, 0x60, 0x80, 0x80, 0x18, 0x1c, 0x10, 0x32, 0x6c,
  0x34, 0x29, 0x0d, 0x85, 0xd8, 0x06, 0xff, 0xbe, 0x00, 0x10, 0x0f, 0x90,
  0x70, 0x06, 0x27, 0x30, 0x0e, 0xea, 0x30, 0x0c, 0x29, 0x80, 0x10, 0xfe,
  0x4f, 0x68, 0x04, 0x2c, 0x02, 0xc0, 0x02, 0xdb, 0x1e, 0x82, 0x1c, 0xd0,
  0x01, 0xe7, 0x00, 0x7f, 0xf3, 0x04, 0x04, 0x00, 0xc0, 0xe0, 0x81, 0x93,
  0x61, 0xa1, 0x48, 0x6c, 0x2e, 0xc0, 0x37, 0xfd, 0xf0, 0x00, 0x10, 0x0e,
  0x90, 0x58, 0x19, 0x80, 0x23, 0x21, 0xcd, 0x00, 0x1e, 0x70, 0x07, 0xff,
  0x30, 0x40, 0x40, 0x0c, 0x0e, 0x08, 0x19, 0x36, 0x1a, 0x14, 0x86, 0xc2,
  0xec, 0x03, 0x7f, 0xdf, 0x00, 0x01, 0xdb, 0x0d, 0xb0, 0x01, 0x93, 0x01,
  0x30, 0x00, 0x10, 0x0f, 0x90, 0x70, 0x01, 0x4c, 0x14, 0xc0, 0x36, 0x4d,
  0x90, 0x04, 0xb2, 0x1a, 0x20, 0x01, 0xfb, 0x8c, 0xd0, 0x08, 0x58, 0x05,
  0x80, 0x05, 0xb6, 0x3d, 0x04, 0x39, 0xa0, 0x03, 0xce, 0x00, 0xff, 0xe6,
  0x08, 0x08, 0x01, 0x81, 0xc1, 0x03, 0x26, 0xc3, 0x42, 0x90, 0xd8, 0x5d,
  0x80, 0x6f, 0xfb, 0xe0, 0x00, 0x10, 0x0f, 0x90, 0x70, 0x01, 0x98, 0x01,
  0xe5, 0x96, 0x00, 0xe3, 0xb1, 0x00, 0xc3, 0xf2, 0xdf, 0xa0, 0x10, 0xb0,
  0x0b, 0x00, 0x0b, 0x6c, 0x7a, 0x08, 0x73, 0x40, 0x07, 0x9c, 0x01, 0xff,
  0xcc, 0x10, 0x10, 0x03, 0x03, 0x82, 0x06, 0x4d, 0x86, 0x85, 0x21, 0xb0,
  0xbb, 0x00, 0xdf, 0xf7, 0xc0, 0x00, 0x10, 0x0f, 0x90, 0x68, 0x02, 0xbf,
  0xe6, 0x00, 0xa3, 0x32, 0x70, 0x00, 0xef, 0x16, 0x60, 0x02, 0x16, 0x01,
  0x60, 0x01, 0x6d, 0x8f, 0x41, 0x0e, 0x68, 0x00, 0xf3, 0x80, 0x3f, 0xf9,
  0x82, 0x02, 0x00, 0x60, 0x70, 0x40, 0xc9, 0xb0, 0xd0, 0xa4, 0x36, 0x17,
  0x60, 0x1b, 0xfe, 0xf8, 0x00, 0x10, 0x0e, 0x90, 0x58, 0x19, 0x80, 0x04,
  0x60, 0x39, 0xa0, 0x0e, 0xc3, 0x00, 0xff, 0xe6, 0x08, 0x08, 0x00, 0x40,
  0x40, 0xc2, 0xe8, 0x8a, 0x0e, 0x34, 0x52, 0xe0, 0x01, 0x67, 0xf6, 0x98,
  0x06, 0xad, 0x00, 0xf3, 0x10, 0x04, 0x12, 0x0e, 0x94, 0x60, 0x07, 0xcd,
  0xa4, 0x06, 0x60, 0x08, 0xfc, 0x80, 0x73, 0x40, 0x05, 0x8c, 0x64, 0x01,
  0xf0, 0xe0, 0x07, 0xff, 0x24, 0x40, 0x40, 0x02, 0x04, 0x01, 0x20, 0x64,
  0xe8, 0x20, 0x05, 0x48, 0x6c, 0x2d, 0x00, 0x10, 0xdf, 0xf7, 0xc8, 0x07,
  0xa7, 0x18, 0x03, 0xe2, 0x27, 0x00, 0x60, 0x10, 0x0f, 0x90, 0x70, 0x02,
  0x18, 0x21, 0x40, 0x27, 0xb1, 0x7e, 0x00, 0xb3, 0xc7, 0x24, 0x02, 0xac,
  0xed, 0x50, 0x0b, 0x62, 0x24, 0x00, 0x1b, 0xb3, 0x40, 0x63, 0x9a, 0x00,
  0x2c, 0xd0, 0x0f, 0xfe, 0x60, 0x80, 0x80, 0x04, 0x08, 0x10, 0x36, 0x74,
  0x10, 0x29, 0x09, 0x85, 0xa0, 0x06, 0xff, 0xbe, 0x40, 0x12, 0x00, 0x12,
  0x70, 0x07, 0xfd, 0xfe, 0x0f, 0xe0, 0x0c, 0x66, 0x02, 0x50, 0x0d, 0x98,
  0x0d, 0xb0, 0x01, 0x7f, 0xfc, 0x40, 0x11, 0x9f, 0x80, 0x03, 0x99, 0xc2,
  0x01, 0xff, 0x0f, 0xfe, 0xb0, 0x0c, 0x89, 0x8c, 0x02, 0x1b, 0xbd, 0x00,
  0x1f, 0xfc, 0x01, 0xdd, 0xe1, 0x00, 0x88, 0xb8, 0xc0, 0x09, 0xf0, 0x0c,
  0x70, 0x07, 0xb7, 0xc7, 0xbc, 0x1c, 0x81, 0x48, 0x2b, 0x0a, 0xb4, 0x00,
  0xd9, 0x60, 0x1f, 0xfe, 0xc0, 0x14, 0x0f, 0x94, 0x78, 0x07, 0xff, 0x01,
  0x3e, 0x57, 0xe0, 0x03, 0x39, 0x70, 0x97, 0x80, 0x63, 0xd6, 0x5d, 0x70,
  0x0c, 0xdd, 0xda, 0x00, 0x28, 0x91, 0x33, 0x0b, 0xd8, 0x13, 0x85, 0xe6,
  0x34, 0x51, 0x4e, 0xad, 0x00, 0x05, 0x01, 0xcf, 0x57, 0xff, 0xa4, 0x18,
  0xc0, 0x95, 0x72, 0x00, 0x18, 0x01, 0x55, 0x8c, 0x18, 0xc4, 0x98, 0x00,
  0x6e, 0x1c, 0x16, 0x13, 0xb9, 0x80, 0x45, 0x05, 0xa2, 0x21, 0x8b, 0xd8,
  0x04, 0xbb, 0xdd, 0x40, 0x00, 0x1c, 0x00, 0x1e, 0x70, 0x07, 0xff, 0x1c,
  0xbe, 0xcf, 0xe8, 0x03, 0xfc, 0x44, 0x02, 0x20, 0x07, 0x09, 0x90, 0x16,
  0xd8, 0x6c, 0x00, 0x99, 0x01, 0xe6, 0x98, 0x03, 0xb1, 0x00, 0x15, 0x96,
  0x04, 0xc1, 0x00, 0x1e, 0x34, 0x08, 0x00, 0x40, 0xa2, 0x00, 0x3a, 0x01,
  0xc4, 0x00, 0x30, 0x10, 0x01, 0x8d, 0x06, 0x00, 0x33, 0x09, 0xe9, 0x85,
  0x68, 0x40, 0x07, 0x10, 0x80, 0x7d, 0x80, 0x1d, 0x20, 0xfa, 0x61, 0x5e,
  0x0a, 0x60, 0x12, 0x20, 0x60, 0x03, 0x0c, 0x07, 0x80, 0x52, 0x10, 0x01,
  0xe7, 0x13, 0x50, 0x62, 0x23, 0x00, 0x7d, 0x01, 0x60, 0x12, 0x0f, 0x92,
  0x78, 0x0a, 0x18, 0x21, 0x80, 0x4b, 0x7e, 0x57, 0xe0, 0x13, 0x32, 0xcd,
  0xac, 0x02, 0x28, 0x27, 0xd7, 0x00, 0x9f, 0xaa, 0x6f, 0x48, 0x0e, 0x06,
  0xb1, 0x4a, 0x41, 0x46, 0x54, 0xec, 0x14, 0x1b, 0x9c, 0x00, 0xc0, 0x80,
  0x1b, 0x7e, 0x16, 0x80, 0x32, 0xa8, 0x56, 0x01, 0x18, 0x62, 0xbc, 0x1c,
  0xb6, 0x64, 0x00, 0x11, 0x00, 0x28, 0x1e, 0xa3, 0x44, 0xc8, 0xec, 0x95,
  0xc9, 0x74, 0x00, 0x9b, 0xdc, 0xfa, 0x10, 0x14, 0x00, 0x14, 0x70, 0x07,
  0xff, 0x00, 0xff, 0x47, 0xf4, 0x03, 0x89, 0xc0, 0x9c, 0x02, 0x31, 0xda,
  0x1d, 0xb3, 0x22, 0x66, 0x80, 0x43, 0xf9, 0x20, 0x1e, 0xb1, 0x00, 0xf9,
  0x14, 0x03, 0xe1, 0xa0, 0x50, 0x0c, 0x21, 0x62, 0xb8, 0x01, 0xc8, 0xa3,
  0x60, 0x1e, 0x90, 0x81, 0x00, 0xe1, 0x24, 0x60, 0x0f, 0xd4, 0x01, 0xfa,
  0x44, 0x03, 0x80, 0x14, 0x0f, 0x96, 0x78, 0x07, 0xff, 0x04, 0xbe, 0xd3,
  0xe8, 0x03, 0xc4, 0x47, 0x22, 0x00, 0x71, 0x6c, 0x96, 0xc0, 0x07, 0x26,
  0x7f, 0x7c, 0x80, 0x66, 0xb3, 0x23, 0x06, 0xc0, 0x00, 0xc8, 0x4e, 0xe7,
  0x11, 0xb8, 0x20, 0x1b, 0x00, 0x06, 0x42, 0x83, 0x40, 0xff, 0xf5, 0x81,
  0x00, 0x47, 0x33, 0x9c, 0x02, 0xd0, 0x26, 0x6d, 0xc0, 0x40, 0xa0, 0x30,
  0x00, 0x28, 0x0a, 0x00, 0x50, 0x3f, 0x66, 0x89, 0xb8, 0x01, 0x6c, 0xc4,
  0xc1, 0xb0, 0x03, 0x26, 0x7f, 0x7c, 0x80, 0x40, 0x14, 0x0f, 0x94, 0x78,
  0x07, 0xff, 0x02, 0xfc, 0xb3, 0xc4, 0x03, 0x11, 0x01, 0x88, 0x03, 0xa7,
  0x4e, 0xb4, 0x40, 0x21, 0xaf, 0xef, 0xc4, 0x00, 0xb1, 0x44, 0xc8, 0xed,
  0x42, 0x08, 0xfb, 0x36, 0x02, 0xc3, 0x9f, 0xc0, 0x27, 0x21, 0x56, 0x83,
  0x5f, 0xf8, 0x80, 0x80, 0x26, 0x55, 0x84, 0x00, 0xd2, 0x87, 0x55, 0x18,
  0x10, 0xb4, 0x88, 0x02, 0x08, 0x55, 0xc8, 0x9d, 0x9c, 0xe1, 0x60, 0x0c,
  0x60, 0x31, 0x3b, 0x50, 0x00, 0xcf, 0xf7, 0xe2, 0x00, 0x00, 0x12, 0x00,
  0x14, 0x70, 0x07, 0xff, 0x03, 0x7c, 0x7b, 0xc0, 0x39, 0xc8, 0x54, 0x80,
  0x22, 0x3b, 0xd0, 0xbd, 0x32, 0x0b, 0xca, 0x00, 0xa3, 0x38, 0x2c, 0x10,
  0xc0, 0x0c, 0x12, 0x04, 0xa1, 0x20, 0xa2, 0x25, 0x00, 0x40, 0x28, 0xf0,
  0x48, 0x04, 0x4a, 0x16, 0x80, 0xe0, 0x1a, 0x01, 0x41, 0x80, 0x38, 0x90,
  0x01, 0x60, 0x1e, 0x30, 0x52, 0x00, 0xcb, 0xae, 0x12, 0x01, 0xc4, 0x55,
  0x18, 0x06, 0x14, 0x00, 0x12, 0x70, 0x07, 0xfd, 0x1e, 0x7b, 0xe2, 0x01,
  0x79, 0x03, 0x90, 0x04, 0x6b, 0xa7, 0x58, 0x45, 0x66, 0x00, 0x27, 0xc9,
  0x00, 0xff, 0xe3, 0x18, 0x08, 0x07, 0x84, 0x41, 0x6a, 0xd4, 0x01, 0x50,
  0xa5, 0x49, 0x80, 0x49, 0xd7, 0x57, 0x20, 0x1c, 0x8a, 0x80, 0x1f, 0xfc,
  0x90, 0x18, 0x00, 0x18, 0x70, 0x07, 0xff, 0x0d, 0xfd, 0x6f, 0xcc, 0x03,
  0xc2, 0x42, 0x44, 0x10, 0x0c, 0x42, 0xda, 0x93, 0xa4, 0x24, 0x05, 0xbe,
  0x01, 0xed, 0xd2, 0x80, 0x7f, 0xf3, 0x86, 0xa9, 0x28, 0x01, 0xf9, 0x54,
  0xd7, 0x20, 0x1e, 0x1f, 0xf5, 0x83, 0x10, 0x07, 0xe4, 0x40, 0x38, 0x07,
  0xe1, 0x50, 0x60, 0x0e, 0x1c, 0xc7, 0x89, 0x98, 0x03, 0xc6, 0x60, 0x5d,
  0x00, 0xc0, 0x0a, 0x00, 0x0c, 0x70, 0x07, 0xb7, 0xc7, 0xbc, 0x1c, 0x81,
  0x48, 0x2b, 0x46, 0xf4, 0x27, 0xff, 0x06, 0x18, 0x0a, 0x82, 0xd0, 0x2d,
  0x00, 0x7f, 0xf4, 0xda, 0xc1, 0x6c, 0x3c, 0x80, 0x50, 0x00, 0x10, 0x0f,
  0x90, 0x60, 0x00, 0xc8, 0x0c, 0x80, 0x03, 0x9e, 0x39, 0x80, 0x00, 0xaa,
  0x85, 0x5c, 0x02, 0xbd, 0x58, 0x90, 0x02, 0xfd, 0x53, 0x5c, 0x06, 0x8b,
  0x30, 0x70, 0x83, 0xbc, 0x44, 0xa0, 0xe5, 0xdd, 0x77, 0x24, 0x05, 0x81,
  0x77, 0x50, 0x04, 0x66, 0x5a, 0x59, 0x0b, 0x0d, 0x47, 0x83, 0xb2, 0x01,
  0xbf, 0xed, 0x40, 0x19, 0xf0, 0x1a, 0x58, 0x07, 0xff, 0x17, 0x7c, 0x7b,
  0xc0, 0x3f, 0x39, 0x02, 0x90, 0x07, 0x19, 0x82, 0xb0, 0xa7, 0x40, 0xcc,
  0x00, 0xac, 0xb0, 0x7c, 0xb0, 0x8c, 0xf0, 0x04, 0x9a, 0x38, 0x04, 0x8e,
  0x3a, 0x01, 0x68, 0xc6, 0x82, 0xd0, 0x50, 0x80, 0x42, 0x80, 0x80, 0x62,
  0x48, 0x01, 0x91, 0x41, 0x81, 0x08, 0x8e, 0x01, 0x0d, 0x05, 0x78, 0x17,
  0x04, 0x18, 0x03, 0x45, 0x94, 0x02, 0x39, 0x0d, 0x10, 0x0e, 0x0f, 0x8e,
  0x60, 0x19, 0x01, 0x90, 0x03, 0x30, 0x39, 0xe0, 0x05, 0x71, 0x55, 0x00,
  0x2b, 0x56, 0x60, 0x07, 0x6e, 0xb2, 0x81, 0x89, 0xb0, 0x94, 0xdf, 0xe1,
  0x8c, 0x4c, 0x00, 0x94, 0x2e, 0x06, 0xa9, 0xea, 0xcc, 0xba, 0xd8, 0x40,
  0x38, 0x53, 0x71, 0x75, 0x0a, 0xfe, 0xf8, 0x00, 0x10, 0x00, 0x10, 0x58,
  0x07, 0xfb, 0xf8, 0x7f, 0x40, 0x22, 0x50, 0x27, 0x00, 0x1f, 0x58, 0xec,
  0x98, 0xe6, 0x80, 0x1b, 0x34, 0x03, 0x1c, 0x80, 0x7b, 0x80, 0x3d, 0x45,
  0x40, 0x18, 0x55, 0xd0, 0x03, 0x92, 0x00, 0x38, 0x68, 0x03, 0x00, 0x10,
  0x0f, 0x90, 0x60, 0x0a, 0x10, 0xa1, 0x00, 0x12, 0xec, 0xf7, 0x40, 0x07,
  0x6c, 0x56, 0xc0, 0x01, 0x59, 0xa5, 0x20, 0x01, 0xf6, 0x63, 0x24, 0x0a,
  0x02, 0xac, 0x59, 0x54, 0x0a, 0x8b, 0x21, 0xfe, 0x05, 0xee, 0x40, 0x0f,
  0x02, 0xff, 0xa0, 0x09, 0xc5, 0x6a, 0x60, 0x2c, 0x70, 0xd5, 0x8a, 0xc8,
  0x0b, 0x3b, 0x9a, 0x80, 0x10, 0x0f, 0x90, 0x60, 0x1a, 0x02, 0x20, 0x02,
  0xeb, 0x1a, 0xb0, 0x0a, 0x98, 0x59, 0x80, 0x13, 0xeb, 0xf4, 0x80, 0x57,
  0x68, 0x9e, 0x20, 0x64, 0x5d, 0x71, 0xe0, 0x28, 0x80, 0xd8, 0x18, 0xa3,
  0xb6, 0x60, 0x00, 0x4d, 0x61, 0xfc, 0x00, 0x22, 0x25, 0x46, 0x03, 0x0a,
  0x48, 0x39, 0x2c, 0x80, 0x1b, 0xb9, 0xf4, 0x00, 0x10, 0x00, 0x10, 0x58,
  0x07, 0xf1, 0xfe, 0x0f, 0xe8, 0x00, 0x49, 0x80, 0x9c, 0x00, 0x3d, 0x43,
  0x92, 0x43, 0x9a, 0x00, 0x5c, 0x90, 0x0f, 0xc2, 0x02, 0x01, 0xe4, 0x0e,
  0xb9, 0x00, 0xa9, 0x8d, 0x0c, 0x02, 0x19, 0xdf, 0xa0, 0x0f, 0xf0, 0x14,
  0x00, 0x14, 0x58, 0x07, 0xff, 0x07, 0xf0, 0xfe, 0xc0, 0x38, 0x94, 0x48,
  0xc0, 0x22, 0x26, 0xc9, 0x6c, 0x10, 0x8b, 0x70, 0x03, 0x26, 0xd0, 0x07,
  0xff, 0x00, 0x7f, 0xac, 0xc0, 0x3c, 0xaa, 0x4d, 0x10, 0x0c, 0x35, 0x66,
  0x24, 0x01, 0x86, 0x6c, 0xc0, 0x80, 0x39, 0x90, 0xf0, 0x40, 0x00, 0x12,
  0x0f, 0x94, 0x78, 0x07, 0xff, 0x03, 0x7c, 0x7b, 0xc0, 0x39, 0xc8, 0x14,
  0x80, 0x30, 0xd6, 0x8d, 0xe8, 0x08, 0x67, 0x48, 0x04, 0xdf, 0xc1, 0x42,
  0xc8, 0x03, 0x20, 0xe0, 0xd4, 0x1c, 0x0c, 0x11, 0x00, 0x02, 0x12, 0x8d,
  0x03, 0x00, 0x6b, 0x0a, 0x26, 0x10, 0x0c, 0xc2, 0x81, 0x60, 0x1e, 0x60,
  0x42, 0x00, 0xf7, 0x01, 0x00, 0x7f, 0xf3, 0xdb, 0xa0, 0x03, 0x00, 0x09,
  0xf0, 0x0c, 0x58, 0x07, 0xb7, 0xc7, 0xbc, 0x1c, 0x81, 0x48, 0x2b, 0x0a,
  0x74, 0x00, 0xf9, 0x00, 0x1f, 0xfc, 0xf3, 0x04, 0x50, 0x02, 0xa0, 0xf8,
  0x00, 0x10, 0x0f, 0x90, 0x60, 0x07, 0xf1, 0x7e, 0x8f, 0xe8, 0x00, 0xc9,
  0xc0, 0x9c, 0x00, 0x5d, 0x43, 0xb2, 0x43, 0x9a, 0x00, 0x3c, 0xe0, 0x0f,
  0xfe, 0x60, 0x80, 0x80, 0x18, 0x1c, 0x10, 0x32, 0x6c, 0x34, 0x29, 0x0d,
  0x85, 0xd8, 0x06, 0xff, 0xbe, 0x00, 0x10, 0x0f, 0x90, 0x68, 0x06, 0x21,
  0x00, 0xe4, 0xd6, 0x00, 0xb3, 0xc8, 0x0f, 0xe8, 0x18, 0x9b, 0xd8, 0x88,
  0x13, 0xc0, 0x02, 0xeb, 0x1c, 0xd0, 0x01, 0x66, 0x80, 0x7f, 0xf3, 0x04,
  0x04, 0x00, 0x20, 0x40, 0x81, 0xb3, 0xa0, 0x81, 0x48, 0x4c, 0x2d, 0x00,
  0x37, 0xfd, 0xf2, 0x00, 0x09, 0xe0, 0x0e, 0x60, 0x04, 0x42, 0x01, 0x87,
  0x64, 0x00, 0x7f, 0x68, 0x5b, 0xe2, 0x44, 0xba, 0x72, 0x26, 0xc1, 0x9a,
  0xb4, 0x00, 0x39, 0x80, 0x0f, 0xfe, 0xa0, 0x80, 0x18, 0x03, 0x40, 0xf8,
  0x00, 0x09, 0xf0, 0x0a, 0x68, 0x10, 0x00, 0x9f, 0x7a, 0xfc, 0xb3, 0x1b,
  0xf1, 0x87, 0x1a, 0xc2, 0x04, 0x37, 0xe5, 0xdc, 0x07, 0xc8, 0x00, 0xff,
  0xe5, 0x18, 0x22, 0x82, 0xa0, 0xf8, 0x10, 0x0f, 0x90, 0x68, 0x04, 0x42,
  0x01, 0xe9, 0xa0, 0x0d, 0xbf, 0xad, 0x5e, 0x40, 0xe6, 0xda, 0x44, 0x30,
  0x9f, 0x00, 0x57, 0x00, 0xe6, 0x80, 0x2f, 0x18, 0x03, 0xff, 0x98, 0x20,
  0x20, 0x03, 0x01, 0x04, 0x0c, 0xa5, 0x04, 0x0a, 0x43, 0x51, 0xa2, 0x01,
  0xbf, 0xee, 0x28, 0x00, 0x10, 0x0f, 0x90, 0x68, 0x06, 0x21, 0x00, 0xe4,
  0xd6, 0x00, 0xb3, 0xc8, 0x0f, 0xe8, 0x18, 0x9b, 0xd8, 0x88, 0x13, 0xc0,
  0x02, 0xeb, 0x1c, 0xd0, 0x01, 0x66, 0x80, 0x7f, 0xf3, 0x04, 0x04, 0x00,
  0x20, 0x40, 0x81, 0xb3, 0xa0, 0x81, 0x48, 0x4c, 0x2d, 0x00, 0x37, 0xfd,
  0xf2, 0x00, 0x10, 0x0f, 0x90, 0x70, 0x04, 0x40, 0x02, 0x00, 0xaf, 0x75,
  0x90, 0x01, 0x6f, 0x4d, 0x58, 0x00, 0x67, 0x16, 0x70, 0x02, 0x16, 0x01,
  0x60, 0x01, 0x6d, 0x8f, 0x41, 0x0e, 0x68, 0x00, 0xf3, 0x80, 0x3f, 0xf9,
  0x82, 0x02, 0x00, 0x60, 0x70, 0x40, 0xc9, 0xb0, 0xd0, 0xa4, 0x36, 0x17,
  0x60, 0x1b, 0xfe, 0xf8, 0x00, 0x06, 0x02, 0x86, 0x18, 0x11, 0x0f, 0x70,
  0x02, 0x06, 0x00, 0x06, 0x18, 0x08, 0x8f, 0xbc, 0x02, 0x06, 0x0e, 0x86,
  0x30, 0x08, 0x8f, 0xbc, 0x02, 0x3a, 0x33, 0x55, 0x9f, 0xb0, 0x06, 0x00,
  0x06, 0x40, 0x11, 0x0f, 0x70, 0x02, 0x3f, 0xe0, 0x0c, 0x22, 0x3e, 0xf0,
  0x08, 0x06, 0x0e, 0x86, 0x58, 0x11, 0x0f, 0x70, 0x02, 0x3f, 0xe0, 0x0c,
  0x22, 0x3e, 0xf0, 0x08, 0xe8, 0xcd, 0x56, 0x7e, 0xc0, 0x14, 0x00, 0x14,
  0x18, 0x08, 0x80, 0x44, 0x00, 0x10, 0x3e, 0xf0, 0xfe, 0x39, 0xe8, 0x00,
  0xff, 0x00, 0x06, 0x00, 0x06, 0x58, 0x19, 0x13, 0x34, 0x00, 0x26, 0x01,
  0x8c, 0x02, 0x10, 0x0c, 0x21, 0xda, 0x7d, 0xc0, 0x08, 0x10, 0x00, 0x10,
  0x58, 0x01, 0x1d, 0xc4, 0x01, 0x5d, 0xa2, 0x1a, 0xe0, 0xe8, 0x79, 0x41,
  0x03, 0xe7, 0xe6, 0xa6, 0x05, 0x18, 0x60, 0x86, 0x26, 0x01, 0x45, 0x8e,
  0x80, 0x44, 0xe5, 0xe6, 0x01, 0x09, 0x50, 0x80, 0x63, 0xc6, 0x00, 0xe7,
  0xea, 0x00, 0xff, 0x80, 0x06, 0x01, 0x86, 0x19, 0xff, 0x00, 0x47, 0xb8,
  0x06, 0x0e, 0x86, 0x58, 0x11, 0x0f, 0x70, 0x02, 0x3f, 0xe0, 0x0c, 0x22,
  0x3e, 0xf0, 0x08, 0x43, 0x89, 0x38, 0x2f, 0xc0, 0x0e, 0x00, 0x0e, 0x18,
  0x08, 0x80, 0x44, 0x07, 0xde, 0x1f, 0xc6, 0x01, 0xf0, 0x06, 0x00, 0x86,
  0x41, 0xf6, 0x80, 0x99, 0xb7, 0x00, 0x88, 0x01, 0x16, 0x58, 0x9a, 0x95,
  0xd0, 0x08, 0x00, 0x06, 0x18, 0x08, 0x8f, 0xb8, 0x01, 0x00, 0x08, 0x0e,
  0x86, 0x30, 0x08, 0x8f, 0xb8, 0x01, 0x1d, 0x89, 0x5c, 0x97, 0xb8, 0x08,
  0x00, 0x06, 0x40, 0x11, 0x0f, 0x74, 0x20, 0x25, 0xfc, 0x01, 0x84, 0x47,
  0xdc, 0x00, 0x80, 0x08, 0x0e, 0x86, 0x58, 0x11, 0x0f, 0x74, 0x20, 0x25,
  0xfc, 0x01, 0x84, 0x47, 0xdc, 0x00, 0x8e, 0xc4, 0xae, 0x4b, 0xdc, 0x08,
  0x00, 0x86, 0x41, 0x77, 0x04, 0x63, 0xdd, 0x01, 0x10, 0x02, 0x2c, 0xc0,
  0x99, 0xd7, 0x60, 0x06, 0x01, 0x06, 0x48, 0x11, 0x0f, 0x70, 0x02, 0x3f,
  0xe0, 0x0c, 0x20, 0x7d, 0xc0, 0x08, 0xff, 0x80, 0x14, 0x14, 0x10, 0x20,
  0x04, 0x24, 0x01, 0xeb, 0xd1, 0x00, 0x0f, 0xd8, 0xb5, 0x78, 0x81, 0x12,
  0xe4, 0x88, 0x00, 0x14, 0x14, 0x10, 0x20, 0x04, 0x42, 0x01, 0xc3, 0xb0,
  0x01, 0x0f, 0xd3, 0x15, 0xf8, 0x81, 0x12, 0x6c, 0x88, 0x00, 0x14, 0x14,
  0x10, 0x20, 0x04, 0x24, 0x01, 0xeb, 0xd1, 0x00, 0x0f, 0xd8, 0xb5, 0x78,
  0x81, 0x12, 0xe4, 0x88, 0x00, 0x0e, 0x04, 0x0c, 0x28, 0x00, 0x80, 0x04,
  0x17, 0xba, 0xc8, 0x0d, 0xee, 0x55, 0x8c, 0xe1, 0x4e, 0x80, 0xb0, 0x0b,
  0x80, 0x00, 0x14, 0x0c, 0x18, 0x07, 0x87, 0xf0, 0xbe, 0xc0, 0x98, 0x08,
  0x80, 0x00, 0x04, 0x06, 0x18, 0x04, 0x5f, 0xc6, 0x4a, 0x00, 0x04, 0x06,
  0x18, 0x04, 0x5f, 0xc6, 0x4a, 0x00, 0x04, 0x1c, 0x18, 0x11, 0x00, 0x88,
  0x00, 0x22, 0x00, 0x90, 0x1e, 0xe0, 0x66, 0x99, 0xb7, 0x03, 0x35, 0x40,
  0x3f, 0xe1, 0x00, 0x00, 0x00, 0x04, 0x14, 0x18, 0x11, 0x00, 0x88, 0x02,
  0x42, 0x7b, 0x81, 0x9a, 0x71, 0xb2, 0x01, 0xfe, 0x00, 0x0e, 0x14, 0x20,
  0x07, 0xf8, 0xff, 0x83, 0xbc, 0xe7, 0xe0, 0x03, 0xfc, 0x7f, 0xc1, 0xde,
  0x73, 0xf0, 0x10, 0x14, 0x0c, 0x18, 0x07, 0x87, 0xf0, 0xbe, 0xc0, 0x98,
  0x08, 0x80, 0x08, 0x04, 0x06, 0x18, 0x04, 0x5f, 0xc6, 0x4a, 0x16, 0x14,
  0x12, 0x18, 0x07, 0xf0, 0xfe, 0x27, 0xb5, 0xf9, 0x81, 0x33, 0x91, 0x98,
  0x84, 0x14, 0x14, 0x10, 0x20, 0x04, 0x24, 0x01, 0xeb, 0xd1, 0x00, 0x0f,
  0xd8, 0xb5, 0x78, 0x81, 0x12, 0xe4, 0x88, 0x00, 0x10, 0x1e, 0x8c, 0x10,
  0xed, 0x16, 0xd0, 0x13, 0x01, 0x08, 0x08, 0x04, 0x08, 0x2d, 0xe0, 0x82,
  0x99, 0x83, 0xb1, 0x88, 0x76, 0x81, 0x8b, 0x08, 0x0c, 0x03, 0x8c, 0x30,
  0x00, 0x44, 0x01, 0xb3, 0x80, 0x32, 0xa8, 0x00, 0x3a, 0x1f, 0xc6, 0x3c,
  0xf5, 0x66, 0x07, 0xfe, 0x50, 0x0c, 0x05, 0x0c, 0x30, 0x07, 0xed, 0xf0,
  0x0c, 0x8a, 0x00, 0x1c, 0xef, 0xd3, 0x1f, 0x8a, 0xb3, 0x03, 0xff, 0x30,
  0x00, 0x10, 0x14, 0x0c, 0x28, 0x04, 0x4e, 0x40, 0x17, 0x59, 0x00, 0x06,
  0xf4, 0x07, 0xf1, 0x7a, 0xc0, 0x58, 0xc4, 0x40, 0x10, 0x15, 0x8c, 0x28,
  0x04, 0x4c, 0x40, 0x17, 0x51, 0x00, 0x05, 0x34, 0x07, 0xf6, 0xba, 0xc0,
  0x40, 0x02, 0x20, 0x10, 0x14, 0x0c, 0x28, 0x29, 0x82, 0x98, 0x03, 0x2a,
  0x08, 0x16, 0x4f, 0xc4, 0x5f, 0x76, 0xdb, 0x01, 0x63, 0x11, 0x00, 0x10,
  0x15, 0x8c, 0x28, 0x21, 0x82, 0x90, 0x0e, 0x4d, 0x98, 0x2c, 0x86, 0x08,
  0xbe, 0xaf, 0x6c, 0x04, 0x00, 0x22, 0x10, 0x14, 0x0c, 0x28, 0x2b, 0x00,
  0x66, 0x96, 0x00, 0x8e, 0xc0, 0x21, 0xf9, 0x4f, 0xb0, 0x16, 0x31, 0x10,
  0x10, 0x15, 0x8c, 0x28, 0x2b, 0x00, 0x66, 0x96, 0x00, 0x8e, 0xc0, 0x21,
  0xf8, 0x4f, 0xb0, 0x10, 0x00, 0x88, 0x10, 0x14, 0x0c, 0x20, 0x57, 0xfc,
  0x81, 0x79, 0x92, 0x0f, 0x78, 0xe5, 0x80, 0xb8, 0x08, 0x80, 0x10, 0x15,
  0x8c, 0x20, 0x4f, 0xfc, 0x81, 0x79, 0x92, 0x8e, 0xf8, 0xe5, 0x00, 0xb8,
  0x08, 0x80, 0x0a, 0x05, 0x8a, 0x2a, 0xb8, 0x3b, 0x74, 0x0c, 0x5c, 0xd8,
  0xe7, 0x35, 0x76, 0xdb, 0x44, 0x58, 0x0a, 0x04, 0x0a, 0x2a, 0xc0, 0x3b,
  0x73, 0x8c, 0x5c, 0xe0, 0xe7, 0xb6, 0xf6, 0xda, 0xc4, 0x54, 0x0e, 0x04,
  0x0c, 0x28, 0x08, 0x80, 0x44, 0x1d, 0x83, 0xd6, 0x0f, 0x42, 0xfe, 0x1f,
  0x71, 0xfe, 0x0b, 0x91, 0xbe, 0x0e, 0x04, 0x0c, 0x28, 0x08, 0x80, 0x44,
  0x1d, 0x83, 0xd6, 0x0f, 0x42, 0xfe, 0x1f, 0x71, 0xfe, 0x0b, 0x91, 0xbe,
  0x0c, 0x0e, 0x8e, 0x70, 0x07, 0xfb, 0xfc, 0x20, 0x18, 0xc8, 0x03, 0xbf,
  0x84, 0x03, 0x6e, 0x08, 0x07, 0xff, 0x60, 0xef, 0x44, 0x33, 0x1c, 0x88,
  0x00, 0x25, 0x98, 0xf0, 0x14, 0xbd, 0x14, 0x9f, 0x00, 0x00, 0x08, 0x0f,
  0x8a, 0x78, 0x07, 0xab, 0xd8, 0x00, 0x44, 0x30, 0x04, 0x6a, 0x80, 0x1f,
  0xfc, 0xc1, 0x00, 0xca, 0x20, 0x32, 0x60, 0x1f, 0xfd, 0x71, 0xdc, 0x00,
  0x00, 0x08, 0x0e, 0x86, 0x10, 0xee, 0x19, 0x10, 0x06, 0x00, 0x06, 0x18,
  0x08, 0x8f, 0xbc, 0x02, 0x06, 0x00, 0x86, 0x40, 0x31, 0x34, 0xf2, 0x1d,
  0x96, 0x38, 0x04, 0x58, 0xe8, 0x76, 0xd3, 0xc0, 0x14, 0x0e, 0x94, 0x88,
  0x04, 0x9d, 0xc4, 0x00, 0xf7, 0xc4, 0x3c, 0x03, 0xdb, 0x10, 0xd0, 0x0f,
  0x3d, 0x51, 0xc0, 0x3d, 0x77, 0x80, 0x3c, 0xa0, 0x05, 0x00, 0xe5, 0x04,
  0x30, 0x50, 0x0d, 0xc1, 0xb6, 0x1e, 0x01, 0x0a, 0x03, 0xa8, 0x28, 0x04,
  0xe0, 0x62, 0x44, 0x05, 0x00, 0x50, 0x1f, 0xf8, 0x83, 0x80, 0x4c, 0x11,
  0x30, 0x20, 0xb0, 0x1d, 0xde, 0x20, 0x7b, 0x0b, 0x00, 0xc8, 0x1b, 0x9e,
  0xe0, 0x18, 0xc3, 0x40, 0x3e, 0x50, 0x30, 0x0f, 0x9c, 0x6c, 0x14, 0x0e,
  0x94, 0x70, 0x88, 0x03, 0x84, 0x41, 0x1d, 0x80, 0x11, 0x77, 0x12, 0x04,
  0xd4, 0x01, 0x00, 0xa8, 0x30, 0x16, 0x06, 0xa1, 0x60, 0x06, 0x31, 0x7f,
  0x07, 0x10, 0x0b, 0xc2, 0x0c, 0x60, 0x03, 0x1a, 0x80, 0x2c, 0x03, 0xd2,
  0x02, 0xa0, 0x1e, 0x10, 0x0f, 0xfe, 0x8d, 0x84, 0x80, 0x7c, 0xc0, 0x40,
  0x1f, 0x38, 0xc0, 0x06, 0x10, 0x0e, 0x8e, 0x78, 0x07, 0xf3, 0xfe, 0x88,
  0x05, 0x1c, 0xce, 0x01, 0x2e, 0x2a, 0x00, 0x51, 0x56, 0x60, 0x08, 0xd8,
  0xae, 0x42, 0x74, 0xd9, 0x08, 0x2e, 0x96, 0xe0, 0x22, 0x66, 0xda, 0x00,
  0x2c, 0xa3, 0xf4, 0x03, 0x6a, 0xd0, 0x02, 0xc9, 0x6b, 0x00, 0x05, 0xbd,
  0xfc, 0x16, 0x00, 0x10, 0x60, 0x0f, 0x38, 0xc0, 0x10, 0x0e, 0x90, 0x59,
  0x18, 0x80, 0x04, 0xca, 0xb2, 0x00, 0x13, 0x95, 0x40, 0x70, 0x02, 0x85,
  0x12, 0x0a, 0x19, 0x19, 0x07, 0x06, 0xd8, 0x50, 0x01, 0x45, 0xd4, 0x18,
  0x02, 0x71, 0x25, 0x00, 0xd6, 0x00, 0xe0, 0x0c, 0x20, 0x04, 0x00, 0xaf,
  0x40, 0x0e, 0x01, 0x31, 0xb2, 0x58, 0x00, 0x0a, 0x00, 0x0a, 0x50, 0x19,
  0x00, 0x07, 0x30, 0x01, 0xfc, 0x3e, 0xc0, 0x13, 0xa8, 0x00, 0x60, 0xc0,
  0x3f, 0xc2, 0x03, 0x26, 0x10, 0x2c, 0xa0, 0x00, 0x05, 0x0a, 0x20, 0x57,
  0xd0, 0x12, 0x7a, 0x11, 0x5a, 0x44, 0x0c, 0xc8, 0x00, 0x26, 0x0d, 0xa6,
  0xa0, 0x12, 0x2a, 0xff, 0xf0, 0x90, 0x0f, 0x6e, 0xab, 0xff, 0x85, 0x76,
  0x40, 0xee, 0xff, 0xe1, 0xc2, 0x00, 0x8f, 0xff, 0x14, 0x03, 0xff, 0xa8,
  0x40, 0x1f, 0xfc, 0x58, 0xd4, 0x00, 0xff, 0xe1, 0xb3, 0x92, 0x80, 0x7f,
  0xf0, 0x8e, 0x47, 0xc4, 0x03, 0xff, 0x82, 0x5a, 0x14, 0x40, 0x1f, 0xfc,
  0x2f, 0x19, 0x40, 0x0f, 0xfe, 0x15, 0x93, 0xb0, 0x07, 0xff, 0x0a, 0x51,
  0x10, 0x01, 0xff, 0xc4, 0x2b, 0x00, 0xff, 0xe2, 0x4e, 0x80, 0x7f, 0xf9,
  0x85, 0x13, 0xff, 0x87, 0xe0, 0xa1, 0x77, 0xff, 0xc3, 0x65, 0x2f, 0xdd,
  0xff, 0xe1, 0xf5, 0x00, 0x0e, 0x00, 0x0e, 0x58, 0x19, 0x01, 0x18, 0x16,
  0x60, 0x3b, 0x14, 0x03, 0xff, 0xe6, 0x12, 0x3f, 0x8c, 0x60, 0x07, 0xab,
  0xff, 0x88, 0x00, 0x66, 0x4c, 0x02, 0xcc, 0x58, 0x07, 0xff, 0x79, 0x37,
  0x00, 0x20, 0x08, 0x0f, 0x8a, 0x60, 0x07, 0x9f, 0xfc, 0xc1, 0x00, 0xca,
  0x20, 0x09, 0x30, 0x0b, 0xd8, 0x02, 0x75, 0x00, 0x0c, 0x18, 0x07, 0xff,
  0x20, 0x77, 0x00, 0x00, 0x0b, 0xff, 0x90, 0x60, 0x06, 0x10, 0x0e, 0x3e,
  0xe2, 0x80, 0x68, 0x14, 0x70, 0x0c, 0xe1, 0xe4, 0x00, 0x1f, 0x30, 0xbf,
  0xf1, 0x0b, 0x88, 0x2b, 0xb8, 0xc2, 0x08, 0x3a, 0x20, 0x20, 0x1f, 0xfd,
  0x6c, 0xf4, 0x00, 0x80, 0x08, 0x0f, 0x8e, 0x60, 0x04, 0x40, 0x1a, 0x3f,
  0x40, 0x33, 0x83, 0x80, 0x42, 0x03, 0x00, 0x1c, 0x3f, 0xf1, 0x00, 0x4e,
  0xf1, 0x80, 0x06, 0x22, 0x10, 0x0f, 0xfe, 0x80, 0xff, 0x00, 0x60, 0x08,
  0x0f, 0x8a, 0x78, 0x00, 0x80, 0x2a, 0xd6, 0x00, 0x69, 0x28, 0x01, 0xf4,
  0xc0, 0x0f, 0xfe, 0x60, 0x80, 0x65, 0x10, 0x04, 0x98, 0x05, 0xec, 0x01,
  0x3a, 0x80, 0x06, 0x0c, 0x03, 0xff, 0x90, 0x3b, 0x80, 0x00, 0x18, 0x0e,
  0x98, 0x70, 0x07, 0xff, 0x05, 0xff, 0xcc, 0x01, 0xfa, 0x01, 0x94, 0x03,
  0xe1, 0x00, 0x72, 0x39, 0x2c, 0x28, 0x07, 0x44, 0x5d, 0x4f, 0x52, 0x01,
  0x0e, 0xa0, 0x03, 0x20, 0x18, 0x03, 0x10, 0x85, 0x1b, 0x80, 0x04, 0x03,
  0xc6, 0x00, 0x10, 0x0f, 0xfe, 0x79, 0xa8, 0x11, 0x88, 0x07, 0x0e, 0x58,
  0x46, 0x20, 0x00, 0x40, 0x3f, 0x8f, 0x00, 0x02, 0x01, 0xf3, 0x99, 0x50,
  0x00, 0x0a, 0x0f, 0x8a, 0x60, 0x07, 0x93, 0xbe, 0x42, 0x45, 0x74, 0x0c,
  0x2d, 0x00, 0x2f, 0x11, 0x80, 0xc7, 0xc0, 0x18, 0x10, 0x01, 0x98, 0x40,
  0x3f, 0xf8, 0x59, 0xa2, 0x00, 0x0e, 0x00, 0x0e, 0x40, 0x19, 0x80, 0xcc,
  0x03, 0x9a, 0x1b, 0x84, 0x01, 0xff, 0xde, 0x10, 0x00, 0x10, 0x40, 0x19,
  0x80, 0x04, 0x64, 0x39, 0xa0, 0x7b, 0x82, 0x01, 0x16, 0x85, 0x98, 0x00,
  0x70, 0x69, 0x00, 0x30, 0x81, 0x80, 0x75, 0x04, 0x98, 0x04, 0x2b, 0x01,
  0xc0, 0x1c, 0xe8, 0x52, 0x0a, 0x0e, 0x8a, 0x68, 0x08, 0x80, 0x03, 0xde,
  0x01, 0xfc, 0x3e, 0xc0, 0x13, 0xa8, 0x00, 0x60, 0xc0, 0x3f, 0xc2, 0x03,
  0x06, 0x0e, 0x0e, 0xa1, 0x0e, 0x00, 0x1a, 0x60, 0x20, 0x50, 0x74, 0x0a,
  0x0e, 0x8a, 0x68, 0x19, 0x00, 0x07, 0x30, 0x01, 0xfc, 0x3e, 0xc0, 0x13,
  0xa8, 0x00, 0x60, 0xc0, 0x3f, 0xc2, 0x03, 0x26, 0x10, 0x0c, 0xa0, 0xe4,
  0xec, 0x00, 0xe5, 0x60, 0x3e, 0x64, 0x0c, 0x00, 0x0c, 0x58, 0x04, 0x54,
  0x60, 0x64, 0x2a, 0x03, 0x98, 0x00, 0x18, 0x04, 0x7e, 0x01, 0x0f, 0xb0,
  0x06, 0x75, 0x00, 0x86, 0x0c, 0x03, 0xff, 0x82, 0x20, 0x32, 0x60, 0x08,
  0x16, 0x50, 0x0a, 0x0e, 0x0a, 0x70, 0x19, 0x00, 0x07, 0x30, 0x01, 0xfc,
  0x3e, 0xc0, 0x13, 0xa8, 0x00, 0x60, 0xc0, 0x3f, 0xc2, 0x03, 0x06, 0x10,
  0x0e, 0xa0, 0xd9, 0xcc, 0x13, 0x84, 0x00, 0x43, 0x30, 0x02, 0x38, 0x00,
  0x0a, 0x00, 0x0a, 0x68, 0x10, 0x80, 0x0b, 0x7c, 0x00, 0x66, 0x40, 0x00,
  0xfc, 0x00, 0x07, 0x30, 0x01, 0xfc, 0x3e, 0xc0, 0x13, 0xa8, 0x00, 0x60,
  0xc0, 0x3f, 0xc2, 0x03, 0x26, 0x10, 0x2c, 0xa0, 0x0a, 0x0e, 0x0a, 0x70,
  0x19, 0x00, 0x07, 0x30, 0x01, 0xfc, 0x3e, 0xc0, 0x13, 0xa8, 0x00, 0x60,
  0xc0, 0x3f, 0xc2, 0x03, 0x26, 0x10, 0x2c, 0xa0, 0xfd, 0xec, 0x0b, 0xcc,
  0x00, 0x21, 0xf0, 0x03, 0xec, 0x80, 0x0a, 0x0e, 0x8a, 0x68, 0x98, 0x80,
  0x27, 0x24, 0x03, 0xf9, 0xfc, 0x02, 0x37, 0x00, 0x92, 0x00, 0x3f, 0xee,
  0x05, 0x90, 0x74, 0x26, 0x01, 0xbf, 0xf0, 0x67, 0xfc, 0x31, 0x55, 0x08,
  0x0a, 0x0e, 0x0c, 0x70, 0x19, 0x00, 0x43, 0x98, 0x00, 0xff, 0x87, 0xd8,
  0x03, 0x3a, 0x80, 0x43, 0x06, 0x01, 0xff, 0xc1, 0x10, 0x19, 0x30, 0x04,
  0x0b, 0x28, 0x01, 0xfb, 0xd8, 0x01, 0x5f, 0x60, 0x07, 0x5b, 0x58, 0x06,
  0xf4, 0xe9, 0x00, 0x0b, 0xf0, 0x0c, 0x68, 0x90, 0x00, 0x83, 0x74, 0x79,
  0xa6, 0x86, 0x48, 0x65, 0x18, 0x55, 0x82, 0x09, 0x92, 0x01, 0xff, 0x27,
  0x98, 0x04, 0x2e, 0x40, 0x12, 0xc0, 0x80, 0x7f, 0xf0, 0x5c, 0x12, 0x44,
  0x0d, 0x81, 0x88, 0x10, 0x0f, 0x90, 0x48, 0x19, 0x80, 0x23, 0x30, 0xe6,
  0x80, 0x0b, 0x34, 0x03, 0xff, 0x98, 0x20, 0x20, 0x01, 0x02, 0x04, 0x0d,
  0x9d, 0x04, 0x0a, 0x42, 0x61, 0x68, 0x01, 0xbf, 0xef, 0x90, 0x10, 0x0f,
  0x90, 0x60, 0x07, 0x19, 0x00, 0x74, 0xe3, 0x00, 0x62, 0x68, 0x40, 0x01,
  0x98, 0xbd, 0xcc, 0xc3, 0x9a, 0x00, 0x2c, 0xd0, 0x0f, 0xfe, 0x60, 0x80,
  0x80, 0x04, 0x08, 0x10, 0x36, 0x74, 0x10, 0x29, 0x09, 0x85, 0xa0, 0x06,
  0xff, 0xbe, 0x40, 0x12, 0x0f, 0x94, 0x48, 0x11, 0x80, 0x46, 0x60, 0x0b,
  0xb0, 0xc0, 0x19, 0x80, 0x0f, 0xfe, 0x06, 0x98, 0x67, 0x70, 0x01, 0xc3,
  0x24, 0x11, 0x56, 0x00, 0xa1, 0x46, 0x02, 0x47, 0x02, 0x40, 0x06, 0x85,
  0xcf, 0x82, 0x80, 0x4c, 0xe2, 0xc4, 0xd0, 0x01, 0xa3, 0xfb, 0xe4, 0x02,
  0x10, 0x0f, 0x90, 0x60, 0x00, 0xc0, 0x02, 0x40, 0x16, 0xc9, 0xed, 0x80,
  0x58, 0x5c, 0xb2, 0x00, 0x31, 0xbd, 0x93, 0x30, 0xe6, 0x80, 0x0f, 0x38,
  0x03, 0xff, 0x98, 0x20, 0x20, 0x06, 0x06, 0x04, 0x0c, 0x9b, 0x0d, 0x0a,
  0x43, 0x61, 0x76, 0x01, 0xbf, 0xef, 0x80, 0x10, 0x0f, 0x90, 0x60, 0x01,
  0x08, 0x0c, 0xc0, 0x16, 0xe3, 0x63, 0x00, 0x52, 0x95, 0x0a, 0x00, 0x33,
  0x56, 0x39, 0x98, 0x73, 0x40, 0x05, 0x9a, 0x01, 0xff, 0xcc, 0x10, 0x10,
  0x00, 0x81, 0x02, 0x06, 0xce, 0x82, 0x05, 0x21, 0x30, 0xb4, 0x00, 0xdf,
  0xf7, 0xc8, 0x00, 0x10, 0x0f, 0x90, 0x60, 0x04, 0x48, 0x20, 0x18, 0xb6,
  0xb0, 0x03, 0x43, 0x7b, 0x40, 0x00, 0xe6, 0x43, 0x76, 0x31, 0xcd, 0x00,
  0x16, 0x68, 0x07, 0xff, 0x30, 0x40, 0x40, 0x02, 0x04, 0x08, 0x1b, 0x3a,
  0x08, 0x14, 0x84, 0xc2, 0xd0, 0x03, 0x7f, 0xdf, 0x20, 0x10, 0x0e, 0x10,
  0x60, 0x19, 0x80, 0x23, 0x30, 0xe6, 0x80, 0x0b, 0x34, 0x03, 0xff, 0x98,
  0x20, 0x20, 0x01, 0x02, 0x04, 0x0d, 0x9d, 0x04, 0x0a, 0x42, 0x61, 0x68,
  0x01, 0xbf, 0xef, 0x90, 0x0d, 0xbd, 0x40, 0x1a, 0xc3, 0x16, 0x00, 0x2a,
  0xd3, 0xf8, 0x00, 0x10, 0x0f, 0x90, 0x60, 0x19, 0x01, 0x88, 0x05, 0x1a,
  0x7d, 0xe0, 0x15, 0x9c, 0x48, 0xa0, 0x00, 0xfe, 0xd3, 0xdc, 0xc7, 0x34,
  0x00, 0x59, 0xa0, 0x1f, 0xfc, 0xc1, 0x01, 0x00, 0x08, 0x10, 0x20, 0x6c,
  0xe8, 0x20, 0x52, 0x13, 0x0b, 0x40, 0x0d, 0xff, 0x7c, 0x80, 0x10, 0x0f,
  0x90, 0x60, 0x00, 0x84, 0x08, 0x40, 0x07, 0xba, 0x3d, 0xc0, 0x01, 0x1d,
  0x91, 0xa8, 0x00, 0xbd, 0xc7, 0x6c, 0x87, 0x34, 0x00, 0x99, 0x00, 0x1f,
  0xfc, 0xc1, 0x01, 0x00, 0x10, 0x18, 0x20, 0x64, 0xc0, 0x68, 0x52, 0x1b,
  0x0c, 0x20, 0x0d, 0xff, 0x71, 0xc0, 0x10, 0x0f, 0x90, 0x70, 0x06, 0x27,
  0x20, 0x0e, 0xfc, 0x20, 0x08, 0x4a, 0xa4, 0x02, 0x4e, 0xb4, 0xda, 0x00,
  0x38, 0x08, 0x80, 0xc0, 0x2c, 0x82, 0xea, 0x21, 0xcd, 0x00, 0x26, 0x40,
  0x07, 0xff, 0x30, 0x40, 0x40, 0x04, 0x06, 0x08, 0x19, 0x30, 0x1a, 0x14,
  0x86, 0xc3, 0x08, 0x03, 0x7f, 0xdc, 0x70, 0x10, 0x0e, 0x10, 0x60, 0x19,
  0x80, 0x02, 0x64, 0x39, 0xa0, 0x04, 0xc8, 0x00, 0xff, 0xe6, 0x08, 0x08,
  0x00, 0x80, 0xc1, 0x03, 0x26, 0x03, 0x42, 0x90, 0xd8, 0x61, 0x00, 0x6f,
  0xfb, 0x8e, 0x00, 0x1d, 0x80, 0xd9, 0x00, 0x11, 0x0c, 0xc4, 0xa0, 0x03,
  0xeb, 0x2e, 0xc0, 0x10, 0x0f, 0x90, 0x70, 0x01, 0x4c, 0x14, 0x80, 0x36,
  0x54, 0x10, 0x04, 0x92, 0x7c, 0x01, 0x27, 0x7d, 0x65, 0x00, 0x1c, 0x04,
  0x40, 0x60, 0x16, 0x41, 0x75, 0x10, 0xe6, 0x80, 0x13, 0x20, 0x03, 0xff,
  0x98, 0x20, 0x20, 0x02, 0x03, 0x04, 0x0c, 0x98, 0x0d, 0x0a, 0x43, 0x61,
  0x84, 0x01, 0xbf, 0xee, 0x38, 0x00, 0x10, 0x0f, 0x90, 0x70, 0x01, 0x98,
  0x01, 0xe2, 0x95, 0x00, 0xe5, 0xa3, 0x10, 0x09, 0x3b, 0x17, 0xa8, 0x00,
  0xe0, 0x20, 0x03, 0x00, 0xb2, 0x0f, 0xa8, 0x87, 0x34, 0x00, 0x99, 0x00,
  0x1f, 0xfc, 0xc1, 0x01, 0x00, 0x10, 0x18, 0x20, 0x64, 0xc0, 0x68, 0x52,
  0x1b, 0x0c, 0x20, 0x0d, 0xff, 0x71, 0xc0, 0x10, 0x0f, 0x90, 0x68, 0x02,
  0xbf, 0xe4, 0x00, 0xa7, 0x31, 0x68, 0x00, 0x4c, 0xa0, 0xba, 0x00, 0x38,
  0x08, 0x80, 0xc0, 0x2c, 0x82, 0xea, 0x21, 0xcd, 0x00, 0x26, 0x40, 0x07,
  0xff, 0x30, 0x40, 0x40, 0x04, 0x06, 0x08, 0x19, 0x30, 0x1a, 0x14, 0x86,
  0xc3, 0x08, 0x03, 0x7f, 0xdc, 0x70, 0x10, 0x0e, 0x10, 0x60, 0x19, 0x80,
  0x23, 0x30, 0xe6, 0x80, 0x0b, 0x34, 0x03, 0xff, 0x98, 0x20, 0x20, 0x01,
  0x02, 0x04, 0x0c, 0x9d, 0x04, 0x0a, 0x43, 0x61, 0x68, 0x01, 0xbf, 0xef,
  0x90, 0x0d, 0x1e, 0xa0, 0x1c, 0x62, 0x40, 0x1d, 0x7a, 0xe0, 0x00, 0x10,
  0x0f, 0x90, 0x60, 0x00, 0x88, 0x01, 0xe5, 0xd6, 0x00, 0xe7, 0x5b, 0x00,
  0xc6, 0x6a, 0xd0, 0x33, 0x0e, 0x68, 0x00, 0xb3, 0x40, 0x3f, 0xf9, 0x82,
  0x02, 0x00, 0x10, 0x20, 0x40, 0xd9, 0xd0, 0x40, 0xa4, 0x26, 0x16, 0x80,
  0x1b, 0xfe, 0xf9, 0x00, 0x10, 0x0f, 0x90, 0x60, 0x04, 0x42, 0x01, 0xed,
  0xe8, 0x00, 0xee, 0x0e, 0x00, 0x8c, 0xc3, 0xec, 0x66, 0x1c, 0xd0, 0x01,
  0x66, 0x80, 0x7f, 0xf3, 0x04, 0x04, 0x00, 0x20, 0x40, 0x81, 0xb3, 0xa0,
  0x81, 0x48, 0x4c, 0x2d, 0x00, 0x37, 0xfd, 0xf2, 0x00, 0x12, 0x0f, 0x94,
  0x50, 0x07, 0xcd, 0xc4, 0x06, 0x60, 0x08, 0xfc, 0x40, 0x73, 0x40, 0x05,
  0x8c, 0x64, 0x01, 0xf0, 0xe0, 0x07, 0xff, 0x24, 0x40, 0x40, 0x02, 0x04,
  0x01, 0x20, 0x6c, 0xe8, 0x20, 0x05, 0x48, 0x4c, 0x2d, 0x00, 0x10, 0xdf,
  0xf7, 0xc8, 0x04, 0x12, 0x0f, 0x94, 0x60, 0x07, 0x19, 0x00, 0x7d, 0x38,
  0xc0, 0x1e, 0x26, 0x84, 0x5c, 0x10, 0x33, 0x17, 0xb9, 0xe1, 0x98, 0x73,
  0x40, 0x05, 0x8c, 0x84, 0x01, 0xf0, 0xd8, 0x07, 0xff, 0x24, 0x40, 0x40,
  0x02, 0x04, 0x01, 0x20, 0x6c, 0xe8, 0x20, 0x05, 0x48, 0x4c, 0x2d, 0x00,
  0x10, 0xdf, 0xf7, 0xc8, 0x04, 0x12, 0x0e, 0x14, 0x68, 0x07, 0xcd, 0xa4,
  0x06, 0x60, 0x08, 0xfc, 0x80, 0x73, 0x40, 0x05, 0x8c, 0x64, 0x01, 0xf0,
  0xe0, 0x07, 0xff, 0x24, 0x40, 0x40, 0x02, 0x04, 0x01, 0x20, 0x64, 0xe8,
  0x20, 0x05, 0x48, 0x6c, 0x2d, 0x00, 0x10, 0xdf, 0xf7, 0xc8, 0x07, 0xa3,
  0xd4, 0x03, 0xe3, 0x12, 0x00, 0xfa, 0xf5, 0xc0, 0x30, 0x12, 0x0f, 0x94,
  0x60, 0x00, 0x88, 0x01, 0xf9, 0x75, 0x80, 0x3e, 0x75, 0xb0, 0x02, 0xe0,
  0x81, 0x9a, 0xb4, 0x0f, 0x0c, 0xc3, 0x9a, 0x00, 0x2c, 0x64, 0x20, 0x0f,
  0x86, 0xc0, 0x3f, 0xf9, 0x22, 0x02, 0x00, 0x10, 0x20, 0x09, 0x03, 0x67,
  0x41, 0x00, 0x2a, 0x42, 0x61, 0x68, 0x00, 0x86, 0xff, 0xbe, 0x40, 0x20,
  0x12, 0x0f, 0x94, 0x60, 0x04, 0x42, 0x01, 0xfb, 0x7a, 0x00, 0x3e, 0xe0,
  0xe0, 0x5c, 0x10, 0x33, 0x0f, 0xb1, 0xe1, 0x98, 0x73, 0x40, 0x05, 0x8c,
  0x84, 0x01, 0xf0, 0xd8, 0x07, 0xff, 0x24, 0x40, 0x40, 0x02, 0x04, 0x01,
  0x20, 0x6c, 0xe8, 0x20, 0x05, 0x48, 0x4c, 0x2d, 0x00, 0x10, 0xdf, 0xf7,
  0xc8, 0x04, 0x12, 0x0f, 0x94, 0x58, 0x02, 0x3a, 0x62, 0xc0, 0x39, 0x2c,
  0x13, 0xd2, 0x84, 0x0f, 0xd6, 0x71, 0xf5, 0x4c, 0x73, 0x40, 0x05, 0x8c,
  0x84, 0x01, 0xf0, 0xd8, 0x07, 0xff, 0x24, 0x40, 0x40, 0x02, 0x04, 0x01,
  0x20, 0x6c, 0xe8, 0x20, 0x05, 0x48, 0x4c, 0x2d, 0x00, 0x10, 0xdf, 0xf7,
  0xc8, 0x04, 0x10, 0x0f, 0x90, 0x60, 0x04, 0x64, 0x06, 0x40, 0x06, 0xc4,
  0x9c, 0x10, 0x05, 0x21, 0x35, 0x18, 0x1f, 0xda, 0x7b, 0x18, 0xe6, 0x80,
  0x0b, 0x34, 0x03, 0xff, 0x98, 0x20, 0x20, 0x01, 0x02, 0x04, 0x0d, 0x9d,
  0x04, 0x0a, 0x42, 0x61, 0x68, 0x01, 0xbf, 0xef, 0x90, 0x10, 0x0f, 0x90,
  0x60, 0x04, 0x26, 0x01, 0xcd, 0xdb, 0xc6, 0x01, 0x55, 0xf3, 0x50, 0x00,
  0xfd, 0x02, 0x28, 0xc7, 0x34, 0x00, 0x79, 0xc0, 0x1f, 0xfc, 0xc1, 0x01,
  0x00, 0x30, 0x30, 0x20, 0x64, 0xd8, 0x68, 0x52, 0x1b, 0x0b, 0xb0, 0x0d,
  0xff, 0x7c, 0x00, 0x10, 0x0f, 0x90, 0x58, 0x02, 0xbf, 0xe7, 0x00, 0xa6,
  0xaa, 0x50, 0x01, 0x82, 0xac, 0x26, 0x39, 0xa0, 0x02, 0xcd, 0x00, 0xff,
  0xe6, 0x08, 0x08, 0x00, 0x40, 0x81, 0x03, 0x67, 0x41, 0x02, 0x90, 0x98,
  0x5a, 0x00, 0x6f, 0xfb, 0xe4, 0x00, 0x10, 0x0f, 0x90, 0x70, 0x01, 0xd0,
  0x1c, 0xc0, 0x07, 0x10, 0x38, 0x80, 0x00, 0xeb, 0x8e, 0xa4, 0x02, 0xcc,
  0x75, 0xb8, 0x05, 0xb1, 0x13, 0x80, 0x0d, 0xd9, 0xa1, 0x21, 0xcd, 0x00,
  0x26, 0x70, 0x07, 0xff, 0x30, 0x40, 0x40, 0x02, 0x0c, 0x08, 0x19, 0x36,
  0x18, 0x14, 0x86, 0xc3, 0x0c, 0x03, 0x7f, 0xde, 0xe0, 0x10, 0x0e, 0x90,
  0x58, 0x19, 0x80, 0x02, 0x64, 0x39, 0xa0, 0x04, 0xc8, 0x00, 0xff, 0xe6,
  0x08, 0x08, 0x00, 0x81, 0x41, 0x03, 0x26, 0x01, 0x82, 0x90, 0xd8, 0x06,
  0x40, 0x6c, 0xc3, 0x78, 0x02, 0x33, 0x80, 0x38, 0xd8, 0x5c, 0x00, 0x10,
  0x0f, 0x90, 0x68, 0x07, 0xf8, 0x77, 0xe0, 0x03, 0x3b, 0x6b, 0x80, 0x64,
  0x5c, 0x60, 0x08, 0xc7, 0xbe, 0x0c, 0x87, 0x34, 0x05, 0x32, 0x00, 0x3f,
  0xf9, 0x82, 0x02, 0x00, 0x20, 0x30, 0x40, 0xc9, 0x80, 0xd0, 0xa4, 0x36,
  0x18, 0x40, 0x1b, 0xfe, 0xe3, 0x80, 0x10, 0x0f, 0x90, 0x58, 0x02, 0x3a,
  0x62, 0xc0, 0x24, 0xb0, 0x4f, 0x00, 0x1f, 0xac, 0xe3, 0x98, 0xe6, 0x80,
  0x0b, 0x34, 0x03, 0xff, 0x98, 0x20, 0x20, 0x01, 0x02, 0x04, 0x0d, 0x9d,
  0x04, 0x0a, 0x42, 0x61, 0x68, 0x01, 0xbf, 0xef, 0x90, 0x10, 0x0f, 0x90,
  0x70, 0x06, 0x13, 0x20, 0x0e, 0xad, 0x00, 0xe2, 0x0d, 0x20, 0x09, 0xf8,
  0x92, 0x80, 0x2b, 0x90, 0xbe, 0x00, 0x1f, 0xac, 0xe3, 0x98, 0xe6, 0x80,
  0x0b, 0x34, 0x03, 0xff, 0x98, 0x20, 0x20, 0x01, 0x02, 0x04, 0x0d, 0x9d,
  0x04, 0x0a, 0x42, 0x61, 0x68, 0x01, 0xbf, 0xef, 0x90, 0x10, 0x0e, 0x90,
  0x58, 0x19, 0x80, 0x23, 0x30, 0xe6, 0x80, 0x0b, 0x34, 0x03, 0xff, 0x98,
  0x20, 0x20, 0x01, 0x02, 0x04, 0x0d, 0x9d, 0x04, 0x0a, 0x42, 0x61, 0x68,
  0x01, 0xbf, 0xef, 0x90, 0x09, 0xf6, 0x5e, 0x80, 0x29, 0xb2, 0x9f, 0x00,
  0x08, 0x00, 0x88, 0x40, 0x29, 0x81, 0xd6, 0x01, 0xa3, 0x00, 0x2e, 0x40,
  0x3d, 0x72, 0x06, 0x8c, 0x07, 0x58, 0x00, 0x0a, 0x1e, 0x88, 0x70, 0x1d,
  0xb8, 0x42, 0x10, 0xa0, 0x2a, 0x81, 0x03, 0x00, 0xc0, 0x83, 0x80, 0x40,
  0xc0, 0x38, 0x40, 0xc3, 0x43, 0xc1, 0x01, 0x00, 0xc8, 0x86, 0x16, 0x14,
  0x0d, 0xf2, 0x0a, 0x0e, 0x88, 0x72, 0x5b, 0x02, 0xa4, 0x80, 0xa0, 0x20,
  0x60, 0x60, 0x18, 0x20, 0x30, 0x10, 0x18, 0x08, 0x07, 0x18, 0x08, 0x38,
  0x28, 0x60, 0x60, 0x38, 0x2a, 0x85, 0x49, 0x7e, 0x80, 0x0a, 0x0e, 0x8c,
  0x70, 0x00, 0x5e, 0x40, 0x2a, 0x86, 0x00, 0x90, 0xbc, 0x00, 0x20, 0xc0,
  0x1f, 0x85, 0x80, 0x80, 0x13, 0x07, 0x00, 0x0d, 0x13, 0x40, 0x02, 0xe8,
  0x70, 0x04, 0x40, 0x1c, 0x20, 0xe0, 0x18, 0x4e, 0x80, 0x2a, 0x35, 0x10,
  0x02, 0x67, 0x88, 0x0a, 0x0e, 0x8c, 0x72, 0x4a, 0x80, 0x42, 0xd4, 0xc0,
  0x05, 0xc0, 0xc0, 0x08, 0x80, 0x40, 0x39, 0xc0, 0x21, 0x03, 0x40, 0x0a,
  0xc2, 0xc8, 0x01, 0xe0, 0x46, 0x00, 0x42, 0xd1, 0x01, 0x06, 0x00, 0x8c,
  0x03, 0x1f, 0x01, 0x80, 0x14, 0x92, 0x40, 0x0d, 0xd6, 0x20, 0x00, 0x0a,
  0x1f, 0x0a, 0x68, 0x55, 0x42, 0x25, 0x58, 0xc0, 0x03, 0xe4, 0x01, 0xff,
  0xde, 0x19, 0x10, 0x09, 0x88, 0x0a, 0x0f, 0x08, 0x69, 0xd5, 0x25, 0x95,
  0x4e, 0xbc, 0x01, 0xff, 0xd6, 0x38, 0x00, 0x33, 0x00, 0x00, 0x0a, 0x1f,
  0x08, 0x70, 0x1d, 0x38, 0x42, 0x90, 0xa0, 0x2a, 0x81, 0x03, 0x00, 0xc0,
  0x83, 0x80, 0x40, 0xc0, 0x38, 0x40, 0xc3, 0x43, 0xc1, 0x01, 0x00, 0xc4,
  0x88, 0x10, 0x16, 0x0d, 0xf2, 0x0a, 0x0f, 0x08, 0x72, 0x53, 0x02, 0xaa,
  0x00, 0x50, 0x50, 0x0c, 0x30, 0x30, 0x10, 0x18, 0x04, 0x0c, 0x08, 0x03,
  0x8c, 0x04, 0x1c, 0x14, 0x30, 0x30, 0x1c, 0x15, 0x42, 0xa4, 0xbf, 0x40,
  0x0a, 0x0f, 0x0c, 0x70, 0x04, 0x6c, 0x01, 0x4e, 0x48, 0x80, 0x18, 0x70,
  0x40, 0x41, 0x4c, 0x03, 0xf3, 0x80, 0x80, 0x22, 0x4a, 0x00, 0x1e, 0x04,
  0xc0, 0x07, 0xb0, 0xf0, 0x09, 0x40, 0x38, 0x41, 0xc0, 0x30, 0x9c, 0x00,
  0x56, 0x2e, 0x20, 0x05, 0xee, 0x08, 0x0a, 0x0f, 0x0c, 0x71, 0x29, 0x00,
  0x49, 0x5a, 0x80, 0x06, 0x90, 0xe0, 0x09, 0xc0, 0x40, 0x3f, 0x84, 0x14,
  0x80, 0x29, 0x1d, 0x20, 0x07, 0x00, 0x80, 0x4e, 0x3c, 0x40, 0x20, 0xa0,
  0x1f, 0x8a, 0xc0, 0x80, 0x08, 0xa5, 0x60, 0x06, 0xfd, 0x20, 0x00, 0x0a,
  0x1f, 0x0a, 0x70, 0x44, 0x42, 0x27, 0x78, 0x80, 0x03, 0xe6, 0x01, 0xff,
  0xde, 0x18, 0x10, 0x09, 0xc8, 0x7f, 0xe3, 0x0a, 0x0f, 0x08, 0x71, 0xc4,
  0x1d, 0x9d, 0xd2, 0xba, 0x01, 0x18, 0x07, 0xff, 0x48, 0xe0, 0x00, 0xcc,
  0x00, 0x2f, 0xfb, 0x80, 0x12, 0x21, 0x8a, 0x15, 0x7f, 0xdd, 0xaa, 0xb3,
  0x80, 0x12, 0x22, 0x0a, 0x15, 0x7f, 0xdd, 0xaa, 0xb3, 0x80, 0x12, 0x10,
  0x0e, 0x40, 0x07, 0x2e, 0x00, 0x4d, 0xb4, 0x63, 0x1f, 0x26, 0xdb, 0xce,
  0x73, 0xd2, 0x42, 0x05, 0xc2, 0x00, 0xe9, 0x37, 0xea, 0x40, 0x6d, 0xb3,
  0x5b, 0x00, 0x93, 0x30, 0xa0, 0x12, 0x10, 0x0e, 0x45, 0xa8, 0x07, 0x25,
  0x73, 0x80, 0x5a, 0xe1, 0x1f, 0x02, 0x51, 0xd4, 0x6f, 0xc0, 0x01, 0x22,
  0x00, 0xa5, 0x74, 0x1c, 0xf5, 0xa9, 0xd6, 0xb0, 0x36, 0x61, 0x40, 0x20,
  0x12, 0x10, 0x0e, 0x48, 0x07, 0xf8, 0x56, 0xb8, 0xe3, 0x3a, 0x91, 0x18,
  0xe5, 0x3b, 0xd4, 0xc2, 0x29, 0xe8, 0x49, 0xec, 0x80, 0x7b, 0x00, 0x1b,
  0xe7, 0x57, 0xff, 0x75, 0x33, 0x7c, 0x12, 0x10, 0x0e, 0x48, 0x07, 0xdd,
  0x4c, 0x20, 0x13, 0xa4, 0xf6, 0xc2, 0x4f, 0x6c, 0x83, 0xd9, 0xbc, 0xc8,
  0x85, 0x72, 0x1e, 0x33, 0xaa, 0x9d, 0x8e, 0x60, 0x0a, 0xef, 0xfe, 0x66,
  0xf8, 0x12, 0x10, 0x8e, 0x34, 0xd5, 0x74, 0xba, 0xaf, 0x3f, 0x7f, 0xf7,
  0x00, 0x8f, 0x07, 0x77, 0xcc, 0xab, 0xce, 0x12, 0x1f, 0x8e, 0x50, 0x06,
  0x11, 0x00, 0x77, 0xd8, 0x4d, 0x52, 0xc5, 0xa5, 0xd5, 0x48, 0x06, 0xfd,
  0xfa, 0x0f, 0xfc, 0x02, 0xa1, 0x62, 0x1d, 0xc8, 0x0c, 0xee, 0x31, 0x82,
  0x2a, 0x9e, 0x14, 0x2e, 0xa9, 0x21, 0x1e, 0x01, 0x80, 0x12, 0x10, 0x0e,
  0x40, 0x00, 0x4c, 0x40, 0x32, 0x62, 0x00, 0x7f, 0x44, 0x38, 0x3a, 0x20,
  0xee, 0x40, 0x47, 0x77, 0x72, 0x42, 0x7b, 0x82, 0x23, 0x03, 0x11, 0x00,
  0x04, 0xc4, 0x00, 0x12, 0x11, 0x8e, 0x17, 0x7f, 0xf7, 0x29, 0x9f, 0x28,
  0x12, 0x00, 0x12, 0x40, 0x0a, 0x00, 0x48, 0x20, 0x0d, 0xb5, 0x05, 0xbc,
  0x00, 0x78, 0x54, 0x50, 0x48, 0x00, 0xf0, 0x1c, 0x2d, 0x00, 0x26, 0x00,
  0x84, 0x02, 0x5a, 0x08, 0x0a, 0x50, 0x04, 0x85, 0xbe, 0x04, 0x80, 0x33,
  0x08, 0x07, 0x9a, 0x00, 0x12, 0x10, 0x0e, 0x40, 0x01, 0x79, 0x40, 0x36,
  0x8e, 0x80, 0x68, 0xb8, 0x00, 0x6f, 0x72, 0xbb, 0x9a, 0xc4, 0x5c, 0xd7,
  0x9b, 0x5b, 0x96, 0x00, 0x89, 0x80, 0x0d, 0xa7, 0xa0, 0x00, 0x12, 0x10,
  0x0e, 0x40, 0x01, 0x35, 0x40, 0x02, 0x22, 0x21, 0x88, 0xbb, 0x92, 0x13,
  0xdc, 0x88, 0x28, 0x2c, 0x41, 0xdd, 0xe1, 0x8e, 0xe0, 0x02, 0x5b, 0x80,
  0x3f, 0xdd, 0x7d, 0xfe, 0x66, 0xf8, 0x12, 0x00, 0x92, 0x38, 0x00, 0x40,
  0x3e, 0x7e, 0xf8, 0x08, 0xf1, 0x08, 0x26, 0x7e, 0x72, 0x11, 0x37, 0x4e,
  0xa2, 0xf8, 0x0e, 0xf6, 0x35, 0x7c, 0x88, 0x51, 0x0d, 0xdc, 0x82, 0x22,
  0xad, 0x95, 0x0a, 0x00, 0x12, 0x01, 0x12, 0x20, 0x01, 0xd8, 0x00, 0x28,
  0x00, 0xc8, 0x9d, 0x4b, 0xb0, 0x88, 0xd6, 0xc2, 0xd4, 0xc4, 0x59, 0x69,
  0x93, 0x18, 0x00, 0x12, 0x12, 0x0e, 0x38, 0x07, 0xf0, 0xf8, 0x80, 0x07,
  0x98, 0x1b, 0x84, 0x57, 0x21, 0x30, 0x22, 0xe1, 0x01, 0xd1, 0x11, 0x68,
  0x61, 0x08, 0x49, 0xa1, 0x48, 0x00, 0x12, 0x10, 0x8e, 0x48, 0x07, 0xff,
  0x01, 0x70, 0x00, 0x2f, 0xd4, 0x65, 0x3d, 0x00, 0xfb, 0xa6, 0x3a, 0xe8,
  0x22, 0x01, 0x68, 0x80, 0x36, 0x4d, 0xfa, 0xd0, 0x1b, 0x6d, 0x11, 0x60,
  0x12, 0x5e, 0xb0, 0x12, 0x10, 0x8e, 0x48, 0x07, 0xd8, 0xc0, 0x1c, 0x73,
  0xce, 0x20, 0x0e, 0x70, 0x8e, 0x92, 0x18, 0xea, 0x36, 0xd0, 0x00, 0xe9,
  0x00, 0xa5, 0x73, 0x9c, 0xf5, 0xaa, 0x5e, 0xb0, 0x36, 0x5a, 0x00, 0x40,
  0x12, 0x10, 0x8e, 0x40, 0x06, 0x49, 0xd2, 0x7b, 0xfb, 0x66, 0x6c, 0x2c,
  0x67, 0xda, 0x00, 0xcc, 0x98, 0xaf, 0xed, 0x9e, 0x74, 0x00, 0x91, 0xbd,
  0x5d, 0xff, 0xba, 0x91, 0x57, 0xc0, 0x12, 0x10, 0x8e, 0x46, 0xca, 0x80,
  0x67, 0x6a, 0xfc, 0x73, 0xaf, 0xc8, 0x18, 0xc2, 0x69, 0x91, 0x02, 0x6c,
  0xbb, 0x5f, 0xdd, 0x76, 0xc2, 0x00, 0x2f, 0xbf, 0xf9, 0x15, 0x7c, 0x12,
  0x11, 0x0e, 0x34, 0xd5, 0x74, 0xba, 0xaf, 0x3f, 0x7f, 0xf7, 0x08, 0xfd,
  0xfd, 0xdd, 0xec, 0xdf, 0x00, 0x12, 0x10, 0x0e, 0x50, 0x06, 0x11, 0x00,
  0x77, 0xd8, 0x4d, 0x52, 0xc5, 0xa5, 0xd5, 0x48, 0x06, 0xfd, 0xfa, 0x0f,
  0xfc, 0x22, 0x50, 0xc1, 0x17, 0xf4, 0x05, 0xf7, 0xb2, 0x02, 0x33, 0x50,
  0x41, 0x73, 0x28, 0x09, 0xf0, 0x0c, 0x12, 0x10, 0x8e, 0x40, 0x00, 0x50,
  0x40, 0x32, 0x5a, 0x00, 0x7f, 0x44, 0xf0, 0x74, 0xc9, 0xd9, 0x01, 0x19,
  0x9f, 0xd2, 0x13, 0xdc, 0x01, 0x30, 0x31, 0x10, 0x00, 0x4c, 0x40, 0x00,
  0x12, 0x12, 0x0e, 0x17, 0x7f, 0xf7, 0x29, 0x9f, 0x28, 0x12, 0x00, 0x92,
  0x40, 0x0a, 0x80, 0x4a, 0x40, 0x0d, 0xa5, 0x05, 0xaf, 0x00, 0x78, 0x54,
  0xd0, 0x70, 0x00, 0xf0, 0x18, 0x30, 0xc0, 0x26, 0x00, 0x98, 0x02, 0x5a,
  0x09, 0x0a, 0x50, 0x07, 0x06, 0x36, 0x04, 0x80, 0x2f, 0x0c, 0x0f, 0x70,
  0x00, 0x12, 0x10, 0x8e, 0x48, 0x07, 0xf3, 0x7b, 0x00, 0x6e, 0x0e, 0x00,
  0xd1, 0x70, 0x00, 0xde, 0xe5, 0x77, 0x35, 0x88, 0xb9, 0xaf, 0x36, 0xb7,
  0x2c, 0x01, 0x13, 0x00, 0x1b, 0x4f, 0x40, 0x00, 0x12, 0x10, 0x8e, 0x40,
  0x01, 0x35, 0x00, 0x21, 0x22, 0x84, 0x3f, 0xa4, 0x27, 0xbe, 0x1d, 0x41,
  0x1d, 0xe8, 0xf0, 0xd8, 0x80, 0x01, 0x2d, 0xc0, 0x1f, 0xee, 0xbe, 0xff,
  0x32, 0xaf, 0x80, 0x12, 0x01, 0x12, 0x38, 0x00, 0x40, 0x3e, 0x7e, 0xf8,
  0x08, 0xf1, 0x08, 0x26, 0x7f, 0x72, 0x11, 0x3f, 0x4e, 0xaa, 0xbc, 0x07,
  0x3b, 0x5e, 0xb3, 0x84, 0x28, 0x86, 0xae, 0x08, 0x44, 0x55, 0x92, 0xc7,
  0x60, 0x12, 0x01, 0x92, 0x20, 0x01, 0x98, 0x00, 0x14, 0x00, 0x64, 0xcb,
  0x52, 0xec, 0x22, 0x35, 0xb0, 0xb5, 0x31, 0x16, 0x5a, 0x6c, 0x43, 0x40,
  0x12, 0x10, 0x90, 0x40, 0x00, 0x71, 0x40, 0x22, 0x70, 0x32, 0x36, 0x0a,
  0x8d, 0x0a, 0xcb, 0x08, 0xa3, 0x02, 0x6d, 0x05, 0xb0, 0x09, 0xa4, 0x00,
  0x58, 0x10, 0xe4, 0x0b, 0x84, 0x00, 0x8b, 0x00, 0x87, 0x58, 0x02, 0x16,
  0x14, 0x12, 0x18, 0x18, 0x00, 0xc0, 0x06, 0x0b, 0x94, 0xb9, 0x2d, 0x92,
  0xe7, 0x8e, 0x78, 0xa7, 0x80, 0x26, 0x0d, 0xa8, 0xa0, 0x07, 0x89, 0xa6,
  0xea, 0x10, 0x03, 0xfe, 0x2b, 0xd9, 0x64, 0x57, 0xbd, 0x50, 0x0f, 0xcb,
  0xa8, 0x4f, 0x7b, 0x92, 0x85, 0x54, 0x00, 0xf2, 0xd0, 0x46, 0xc2, 0x11,
  0xb5, 0xe1, 0x2d, 0x80, 0x62, 0xa0, 0xb7, 0x00, 0x8c, 0x40, 0x07, 0x86,
  0x90, 0x01, 0x48, 0x42, 0x00, 0x43, 0x92, 0x01, 0x0e, 0x83, 0x90, 0x12,
  0x13, 0x80, 0x7f, 0xc3, 0x01, 0x60, 0xa1, 0x40, 0x03, 0x60, 0x0e, 0x17,
  0x00, 0x30, 0x38, 0x60, 0x28, 0x02, 0x25, 0x80, 0x21, 0xc8, 0x20, 0x13,
  0x11, 0x38, 0x18, 0x02, 0xce, 0x58, 0x07, 0x0a, 0xc8, 0x00, 0xe0, 0x40,
  0x1e, 0xc3, 0x80, 0x62, 0xb4, 0x00, 0xf3, 0x81, 0x00, 0x6c, 0x30, 0x05,
  0xa0, 0x06, 0x70, 0x2c, 0x04, 0x00, 0xec, 0x4b, 0x40, 0x0c, 0x26, 0x22,
  0x50, 0xa0, 0x04, 0xd5, 0x43, 0xd5, 0x51, 0x84, 0x83, 0x01, 0x21, 0x38,
  0x3a, 0xaf, 0xe6, 0x27, 0x0a, 0x00, 0x48, 0x42, 0x77, 0xff, 0xe4, 0xf0,
  0x72, 0x00, 0x15, 0x05, 0xb8, 0x07, 0xc7, 0x84, 0x90, 0x01, 0x96, 0x82,
  0x3a, 0x10, 0xd1, 0xaf, 0x09, 0x6c, 0x03, 0xcb, 0xaa, 0x2f, 0x79, 0x72,
  0x85, 0x54, 0x00, 0xfc, 0x55, 0xd2, 0xca, 0xd1, 0x9a, 0xa0, 0x1c, 0x26,
  0x0d, 0xa6, 0xa0, 0x12, 0x2a, 0xff, 0xf0, 0x90, 0x0f, 0x6e, 0xab, 0xff,
  0x85, 0x76, 0x40, 0xee, 0xff, 0xe1, 0xc2, 0x00, 0x8f, 0xff, 0x14, 0x03,
  0xfc, 0x20, 0x1f, 0xfc, 0x31, 0x9f, 0xef, 0xc4, 0x00, 0xff, 0xe0, 0x63,
  0x01, 0x91, 0xda, 0x00, 0x7f, 0xa0, 0x89, 0xd9, 0xae, 0x12, 0x01, 0xfe,
  0x60, 0x81, 0x00, 0x46, 0x70, 0x07, 0xf8, 0x41, 0x00, 0x66, 0x55, 0x41,
  0x00, 0xff, 0xe0, 0x9b, 0x36, 0x30, 0x0f, 0xe2, 0x04, 0x02, 0xfe, 0x00,
  0xff, 0xe0, 0x28, 0x40, 0x80, 0x24, 0x03, 0xff, 0x81, 0x04, 0x4e, 0xcd,
  0x71, 0x00, 0xff, 0xe0, 0x62, 0x81, 0x93, 0x51, 0x18, 0x07, 0xf8, 0x6b,
  0xfb, 0xe5, 0x34, 0x40, 0x3f, 0xf8, 0x22, 0x01, 0xfe, 0x14, 0x4f, 0xfe,
  0x1f, 0x82, 0x85, 0xdf, 0xff, 0x0d, 0x94, 0xbf, 0x77, 0xff, 0x87, 0xd4,
  0x26, 0x0d, 0xa6, 0xa0, 0x12, 0x2a, 0xff, 0xf0, 0x90, 0x0f, 0x6e, 0xab,
  0xff, 0x85, 0x76, 0x40, 0xee, 0xff, 0xe1, 0xc2, 0x00, 0x8f, 0xff, 0x14,
  0x03, 0xfc, 0x62, 0x01, 0xff, 0xc4, 0x1c, 0x90, 0x0f, 0xfe, 0xa1, 0xb0,
  0x07, 0x0b, 0x80, 0x7f, 0xa2, 0x58, 0x02, 0x1c, 0x82, 0x00, 0xfe, 0xb3,
  0x96, 0x01, 0xc2, 0xb2, 0x00, 0xff, 0x61, 0xc0, 0x31, 0x5a, 0x00, 0x7f,
  0xf0, 0x30, 0xc0, 0x16, 0x80, 0x1f, 0xfc, 0x2c, 0x4b, 0x40, 0x0f, 0xfe,
  0x04, 0xd5, 0x43, 0xd5, 0x51, 0x80, 0x7f, 0x3a, 0xaf, 0xe6, 0x00, 0xfe,
  0xef, 0xff, 0xca, 0x01, 0xff, 0xcc, 0x14, 0x4f, 0xfe, 0x1f, 0x82, 0x85,
  0xdf, 0xff, 0x0d, 0x94, 0xbf, 0x77, 0xff, 0x87, 0xd4, 0x14, 0x0d, 0x94,
  0x80, 0x07, 0x08, 0x07, 0x9b, 0x7f, 0xbe, 0x44, 0x01, 0x12, 0x44, 0x30,
  0x6c, 0x13, 0x70, 0xad, 0xce, 0x22, 0x4d, 0x02, 0xa8, 0x00, 0x39, 0x8a,
  0x20, 0xc0, 0x02, 0x4c, 0x52, 0x80, 0x71, 0xb3, 0x56, 0x41, 0x80, 0x07,
  0xf9, 0x07, 0xa0, 0x55, 0x00, 0x06, 0xc3, 0x0d, 0x82, 0xbb, 0x38, 0x88,
  0xe1, 0x30, 0x22, 0x30, 0x5c, 0x00, 0x9f, 0xb7, 0x3e, 0x84, 0x03, 0xbf,
  0xc0, 0x1f, 0xad, 0xc0, 0x3f, 0x0e, 0x80, 0x7e, 0x66, 0x00, 0x60, 0x14,
  0x0d, 0x94, 0x80, 0x10, 0x80, 0x62, 0x20, 0x16, 0xf8, 0x05, 0x3b, 0xe2,
  0x01, 0xce, 0xc3, 0xe2, 0x01, 0x92, 0x03, 0x48, 0x03, 0x15, 0x85, 0x18,
  0x06, 0x1c, 0x02, 0x50, 0x0f, 0x08, 0x89, 0xc0, 0x3c, 0xda, 0x10, 0x40,
  0x1d, 0x26, 0xe1, 0xe0, 0x18, 0x40, 0x10, 0x44, 0x80, 0x0f, 0xb8, 0x1c,
  0xcb, 0xb8, 0x01, 0x1f, 0xf1, 0x80, 0x80, 0x3e, 0x80, 0x02, 0x01, 0xd0,
  0x20, 0x1f, 0xbb, 0x80, 0x1f, 0xa1, 0x40, 0x30, 0x10, 0x0d, 0x90, 0x80,
  0x19, 0x00, 0x71, 0x66, 0x00, 0x3f, 0xfe, 0x63, 0x99, 0x98, 0x02, 0x33,
  0xde, 0x5d, 0xde, 0x90, 0x11, 0x6f, 0x88, 0x80, 0x34, 0x98, 0x07, 0x8d,
  0x40, 0x3c, 0xf0, 0x01, 0x00, 0x14, 0x0d, 0x94, 0x80, 0x11, 0x00, 0x30,
  0x90, 0x16, 0xe9, 0x80, 0x2c, 0xd4, 0x00, 0xa4, 0x40, 0x3f, 0xac, 0x03,
  0xe1, 0x25, 0x30, 0x0f, 0xa4, 0x38, 0x03, 0xe4, 0x52, 0x60, 0x0e, 0x10,
  0xb0, 0x80, 0x0f, 0x86, 0x04, 0x80, 0x3e, 0x72, 0x00, 0xfe, 0x90, 0x08,
  0xbb, 0xc0, 0x24, 0xfe, 0x40, 0x10, 0x05, 0x70, 0x00, 0x40, 0x3b, 0x8c,
  0x40, 0x3e, 0x14, 0x10, 0x0f, 0x92, 0x40, 0x30, 0x12, 0x0d, 0x92, 0x80,
  0x07, 0xf1, 0x7f, 0xf5, 0x90, 0x06, 0x44, 0x0a, 0x60, 0x80, 0x06, 0xed,
  0xc6, 0x2e, 0x01, 0xe5, 0x01, 0x00, 0xe3, 0x70, 0x30, 0x00, 0xff, 0xb0,
  0x55, 0x00, 0x25, 0x40, 0x1a, 0x00, 0x86, 0xac, 0x85, 0x40, 0x3d, 0x01,
  0x00, 0x1e, 0x52, 0x23, 0x16, 0xe0, 0x08, 0x66, 0xb8, 0x11, 0x0f, 0x98,
  0x48, 0x40, 0x23, 0x51, 0x00, 0xf0, 0x89, 0x80, 0x3c, 0x34, 0x20, 0x10,
  0x12, 0x0d, 0x92, 0x80, 0x06, 0x10, 0x0e, 0x3c, 0xfe, 0xfb, 0x20, 0x2c,
  0x34, 0x61, 0x4c, 0x05, 0x05, 0xb9, 0xf0, 0x15, 0x10, 0x72, 0x01, 0xee,
  0x2b, 0x11, 0x37, 0xa9, 0x04, 0x01, 0xb2, 0x82, 0xb5, 0x40, 0x23, 0x7b,
  0xfb, 0x05, 0x38, 0xc9, 0x00, 0x21, 0x03, 0xf0, 0x3d, 0x3d, 0x90, 0xa2,
  0x24, 0x56, 0x10, 0xf4, 0x00, 0xdd, 0xb7, 0xd8, 0x60, 0x1a, 0xec, 0x01,
  0xf5, 0x11, 0x80, 0x79, 0xdc, 0x40, 0x1e, 0x5a, 0x00, 0xc0, 0x14, 0x0d,
  0x94, 0x80, 0x06, 0x11, 0x00, 0x79, 0xb7, 0xb9, 0xf2, 0x20, 0x08, 0x92,
  0x21, 0x83, 0x60, 0x9b, 0x85, 0xee, 0x71, 0x12, 0x68, 0x19, 0x00, 0x03,
  0x98, 0xa2, 0x0f, 0x00, 0x24, 0xc5, 0x28, 0x07, 0x1b, 0x35, 0x46, 0x18,
  0x00, 0x7f, 0x90, 0x05, 0x02, 0xb0, 0x00, 0xac, 0x00, 0x50, 0x13, 0xfb,
  0xa2, 0x10, 0x03, 0xd1, 0x81, 0x1d, 0xb3, 0x00, 0x0b, 0x9f, 0xec, 0x48,
  0xb0, 0x0d, 0xb8, 0x01, 0xfa, 0x1c, 0x03, 0xf1, 0x68, 0x07, 0xe6, 0x60,
  0x06, 0x10, 0x0d, 0x90, 0x80, 0x10, 0x80, 0x70, 0xef, 0x80, 0x7f, 0xf1,
  0x84, 0x84, 0x03, 0x1f, 0x6a, 0x80, 0x45, 0xa1, 0x48, 0x00, 0x1f, 0x18,
  0x50, 0x0c, 0x40, 0x20, 0x1d, 0x01, 0x24, 0x01, 0x0b, 0xb8, 0x3c, 0x03,
  0xa0, 0xca, 0x47, 0xb8, 0x00, 0xce, 0x90, 0x10, 0xae, 0x01, 0x00, 0xdc,
  0x62, 0x01, 0xc2, 0x82, 0x01, 0xc9, 0x20, 0x10, 0x06, 0x0d, 0x86, 0x80,
  0x10, 0xa6, 0xe8, 0x03, 0xff, 0x9e, 0x9d, 0x83, 0xd0, 0x2e, 0x40, 0x52,
  0x16, 0x60, 0x10, 0x0d, 0x90, 0x68, 0x3b, 0x0c, 0x38, 0x80, 0xc4, 0x3d,
  0xe3, 0x00, 0x21, 0x9c, 0x12, 0x40, 0x09, 0xcd, 0x00, 0x80, 0x02, 0x01,
  0xff, 0xd1, 0x1f, 0xe0, 0x05, 0x7b, 0x00, 0x53, 0xa0, 0x1e, 0xa0, 0x0f,
  0x9d, 0x40, 0x3c, 0xb0, 0x01, 0x00, 0x0a, 0x0d, 0x8c, 0x68, 0x08, 0x80,
  0x40, 0x7b, 0x31, 0xc6, 0x00, 0x21, 0x61, 0x00, 0xb2, 0x48, 0x00, 0x22,
  0x00, 0xff, 0xe4, 0x0f, 0x78, 0x06, 0xfa, 0x00, 0xd0, 0xe0, 0x1b, 0xa4,
  0x03, 0x4a, 0x80, 0x40, 0x0e, 0x0d, 0x90, 0x68, 0x00, 0x95, 0x00, 0x34,
  0xed, 0x5f, 0x20, 0x13, 0x0e, 0xd8, 0xc8, 0x04, 0x34, 0x1d, 0x80, 0x52,
  0x2f, 0x7c, 0xc0, 0x2b, 0x9b, 0x21, 0x02, 0x59, 0x86, 0x00, 0x84, 0xe0,
  0x6e, 0x46, 0x80, 0x0f, 0xf9, 0x8e, 0x50, 0x0d, 0x92, 0x01, 0xe8, 0x60,
  0x0f, 0x74, 0x80, 0x7a, 0x14, 0x02, 0x0a, 0x0d, 0x8a, 0x78, 0x11, 0x88,
  0x02, 0x31, 0x00, 0x3d, 0xca, 0x15, 0xb2, 0x40, 0x96, 0xee, 0x0e, 0x60,
  0x0f, 0xf8, 0xc3, 0x98, 0x28, 0x52, 0xc0, 0xfb, 0x98, 0x00, 0xdd, 0x08,
  0x02, 0xc4, 0x02, 0x1b, 0x00, 0x99, 0x80, 0x08, 0x0d, 0x88, 0x80, 0x19,
  0x00, 0xe6, 0x00, 0x3f, 0xfa, 0x22, 0x02, 0xe0, 0xe1, 0x41, 0x1d, 0xa1,
  0x1c, 0x41, 0x66, 0x20, 0x06, 0x30, 0x2a, 0x00, 0x0a, 0x0d, 0x8a, 0x78,
  0x19, 0x00, 0x07, 0x30, 0x01, 0xfc, 0x3e, 0xc0, 0x13, 0xa8, 0x00, 0x60,
  0xc0, 0x3f, 0xc2, 0x03, 0x06, 0x0e, 0x0e, 0xa1, 0x1d, 0xc6, 0x04, 0xe4,
  0x00, 0x2a, 0x88, 0x02, 0x16, 0x00, 0x0d, 0x88, 0x00, 0x14, 0x00, 0x14,
  0x58, 0x19, 0x00, 0x62, 0x30, 0x2c, 0xc0, 0x06, 0xcc, 0x18, 0x07, 0xff,
  0xf0, 0x77, 0x70, 0x80, 0x71, 0x16, 0x00, 0x80, 0x06, 0x0e, 0x86, 0x30,
  0x08, 0x2f, 0x60, 0x81, 0xa6, 0x19, 0x77, 0x0b, 0x48, 0x06, 0x0e, 0x86,
  0x51, 0x74, 0xb8, 0xaa, 0xaf, 0x41, 0x04, 0x04, 0x17, 0xb0, 0x40, 0xd3,
  0x0c, 0xbb, 0x85, 0xa4, 0x06, 0x0e, 0x86, 0x51, 0xf4, 0x28, 0x9b, 0x5d,
  0x02, 0x08, 0x08, 0x2f, 0x5e, 0x80, 0x35, 0xad, 0x4e, 0x02, 0xa0, 0x0e,
  0x02, 0x8e, 0x30, 0x00, 0x80, 0x04, 0x00, 0xab, 0x08, 0x90, 0x41, 0x81,
  0x5a, 0x02, 0x4f, 0x52, 0xe1, 0x41, 0x25, 0x22, 0x09, 0x76, 0x0e, 0xe8,
  0x00, 0x0e, 0x02, 0x8e, 0x30, 0x18, 0x81, 0x10, 0x17, 0x30, 0x5b, 0xa1,
  0x62, 0x21, 0x90, 0x19, 0xa4, 0xc7, 0x08, 0xa8, 0xe0, 0xce, 0x02, 0xc2,
  0x0d, 0x30, 0x08, 0x02, 0x88, 0x30, 0x00, 0x80, 0x15, 0x60, 0x83, 0x00,
  0x49, 0xe0, 0x82, 0x40, 0x5d, 0x80, 0x08, 0x02, 0x88, 0x30, 0x18, 0x82,
  0xe6, 0x01, 0x88, 0x80, 0x72, 0x60, 0x51, 0xc0, 0x58, 0x40, 0x08, 0x02,
  0x88, 0x30, 0x18, 0x82, 0x67, 0x81, 0x0a, 0x82, 0x95, 0x81, 0xd5, 0x00,
  0x0d, 0x40, 0x00, 0x04, 0x0c, 0x28, 0x00, 0x80, 0x30, 0xe7, 0x80, 0x43,
  0x4c, 0x00, 0x3f, 0x0d, 0xf4, 0x39, 0xaa, 0x42, 0x00, 0x10, 0x14, 0x0c,
  0x28, 0x01, 0x54, 0x01, 0xa3, 0x00, 0x32, 0xd0, 0x02, 0x7e, 0xbb, 0x81,
  0xe6, 0x64, 0x40, 0x00, 0x06, 0x04, 0x06, 0x18, 0x11, 0x9b, 0x50, 0x90,
  0x80, 0x0a, 0x04, 0x0a, 0x18, 0xa0, 0xa9, 0x1c, 0x5d, 0x94, 0xdf, 0xdf,
  0xc0, 0x0a, 0x04, 0x0a, 0x18, 0x11, 0xa9, 0x9b, 0x53, 0xa0, 0x90, 0xb8,
  0x00, 0x0a, 0x04, 0x0c, 0x18, 0xa0, 0x12, 0x81, 0xc5, 0x5c, 0x81, 0xbf,
  0x9d, 0x80, 0x0a, 0x04, 0x0c, 0x18, 0x11, 0x92, 0x81, 0xea, 0x55, 0x81,
  0x21, 0x03, 0x00, 0x08, 0x04, 0x0a, 0x29, 0xc1, 0x29, 0xe9, 0x65, 0x0f,
  0xf6, 0x79, 0x0e, 0x69, 0x00, 0x39, 0x08, 0x00, 0x08, 0x04, 0x0a, 0x29,
  0xb8, 0xb9, 0x6e, 0xba, 0x4f, 0xea, 0x98, 0x22, 0xa9, 0x00, 0xb1, 0xc8,
  0x00, 0x06, 0x04, 0x06, 0x18, 0x98, 0x3e, 0x13, 0x8b, 0x00, 0x08, 0x14,
  0x06, 0x18, 0x98, 0x4e, 0x08, 0x94, 0x40, 0x00, 0x04, 0x0a, 0x28, 0xd3,
  0x00, 0x07, 0x24, 0x80, 0x0d, 0x60, 0x01, 0xea, 0xcc, 0x0c, 0x45, 0x20,
  0x00, 0x0d, 0x86, 0x28, 0x04, 0x3f, 0x02, 0xe4, 0x05, 0x21, 0x66, 0x08,
  0x04, 0x08, 0x18, 0x08, 0x00, 0x7f, 0x00, 0x74, 0x94, 0x08, 0x04, 0x08,
  0x18, 0x00, 0x44, 0x15, 0xc6, 0x65, 0xb2, 0x08, 0x0e, 0x88, 0x20, 0x06,
  0x5f, 0xa0, 0xe0, 0x31, 0xe2, 0x62, 0x0d, 0xfe, 0x8e, 0x40, 0x07, 0xa4,
  0x03, 0xc6, 0x01, 0xca, 0x40, 0x19, 0x66, 0x00, 0x09, 0x9d, 0xa0, 0x0a,
  0xb9, 0xb1, 0x02, 0x51, 0x10, 0x04, 0x4a, 0x1e, 0x01, 0x00, 0x0c, 0x0e,
  0x8c, 0x38, 0x07, 0x20, 0x07, 0x68, 0x06, 0xaa, 0x00, 0x1b, 0x7c, 0xcd,
  0xdb, 0x8a, 0x10, 0x24, 0x01, 0x79, 0x31, 0x80, 0x00, 0x08, 0x0e, 0x88,
  0x20, 0x06, 0x4f, 0xa0, 0xe0, 0x31, 0xe2, 0x63, 0x08, 0x0e, 0x8a, 0x30,
  0x07, 0xe8, 0x00, 0x0e, 0x78, 0x03, 0x09, 0xc0, 0x88, 0x68, 0x04, 0xa7,
  0xc0, 0x0c, 0x0e, 0x8a, 0x38, 0x06, 0x50, 0x0d, 0xe0, 0x14, 0xe8, 0x2e,
  0x83, 0xcd, 0x44, 0x83, 0x01, 0x80, 0x24, 0xf4, 0x00, 0x06, 0x0e, 0x86,
  0x18, 0x30, 0x24, 0x3a, 0x2d, 0x80, 0x0c, 0x0e, 0x8a, 0x30, 0x06, 0x80,
  0x09, 0x08, 0x0a, 0xa2, 0xdb, 0x4b, 0x06, 0x80, 0x40, 0x10, 0x68, 0x00,
  0x0e, 0x04, 0x0e, 0x18, 0x09, 0x81, 0x10, 0x01, 0x9c, 0x9b, 0x40, 0x85,
  0xd0, 0xb0, 0x00, 0x08, 0x04, 0x08, 0x18, 0x09, 0x88, 0x5e, 0x19, 0x96,
  0xc8, 0x01, 0x9e, 0x88, 0x18, 0x00, 0xc4, 0x2b, 0x08, 0x8b, 0x46, 0x01,
  0x8e, 0x8e, 0x18, 0x28, 0x30, 0x19, 0x04, 0xe5, 0xee, 0x80, 0x19, 0xfb,
  0xfe, 0x20, 0x0c, 0x04, 0x0c, 0x18, 0x00, 0xc8, 0x02, 0xcd, 0xd4, 0x82,
  0x07, 0x71, 0x08, 0x0c, 0x0e, 0x8c, 0x18, 0x00, 0x84, 0x02, 0xbd, 0xe8,
  0x05, 0x7f, 0xd6, 0x20, 0x01, 0x9e, 0x0c, 0x1a, 0xf0, 0x9f, 0x92, 0xa7,
  0x64, 0x10, 0x57, 0x7b, 0x80, 0x01, 0x9e, 0x0c, 0x22, 0x90, 0x0a, 0x85,
  0xa0, 0x2d, 0x00, 0x27, 0xec, 0x01, 0xb9, 0x98, 0x00, 0x01, 0x9e, 0x0c,
  0x21, 0x19, 0xe0, 0xdc, 0xcc, 0x00, 0x9f, 0xb0, 0x05, 0x20, 0x2c, 0x80,
  0x01, 0x94, 0x0a, 0x20, 0x3f, 0x20, 0x1f, 0x81, 0x97, 0x25, 0xcd, 0xfb,
  0x4b, 0xc0, 0x01, 0x9e, 0x0c, 0x18, 0x37, 0xf0, 0x81, 0xcd, 0x2e, 0x81,
  0xf2, 0xde, 0x80, 0x01, 0xa3, 0x06, 0x2c, 0x68, 0x79, 0x11, 0x01, 0x8c,
  0x70, 0x3a, 0x00, 0x01, 0xa3, 0x06, 0x28, 0x42, 0x9b, 0x85, 0x83, 0x88,
  0x02, 0x34, 0x80, 0x12, 0x14, 0x0e, 0x20, 0x04, 0x42, 0x01, 0x08, 0x6d,
  0x88, 0x4f, 0x28, 0x67, 0x57, 0xa2, 0x3d, 0xd3, 0x00, 0x10, 0x1e, 0x0c,
  0x19, 0xf3, 0x96, 0xbb, 0x0e, 0xb1, 0x6a, 0xed, 0x27, 0x50, 0x08, 0x04,
  0x08, 0x18, 0x98, 0x80, 0x37, 0x40, 0x3a, 0x4a, 0x01, 0x9e, 0x88, 0x18,
  0x19, 0x00, 0x27, 0x48, 0x28, 0xe0, 0x08, 0x04, 0x08, 0x18, 0x90, 0x01,
  0xf7, 0x81, 0xa1, 0x40, 0x01, 0xbe, 0x88, 0x28, 0x01, 0x60, 0x01, 0x8c,
  0x01, 0x8a, 0x99, 0x45, 0xd2, 0x40, 0x01, 0xde, 0x88, 0x2a, 0x48, 0x00,
  0xd8, 0x40, 0x40, 0x25, 0x0d, 0x63, 0x81, 0xf0, 0x01, 0xae, 0x06, 0x20,
  0x30, 0x14, 0x88, 0x00, 0x88, 0xf6, 0x01, 0xb3, 0x84, 0x26, 0xa9, 0x80,
  0x5c, 0xa0, 0x01, 0xa3, 0x88, 0x27, 0x26, 0x30, 0x8e, 0x00, 0xde, 0xba,
  0xe0, 0x01, 0xbe, 0x04, 0x25, 0x22, 0x08, 0x01, 0xae, 0x0a, 0x0e, 0x8a,
  0x10, 0xff, 0xda, 0x35, 0x54, 0x80, 0x01, 0x85, 0x0e, 0x1a, 0xc4, 0x7b,
  0xdd, 0xfd, 0x5f, 0xfe, 0x01, 0x85, 0x0e, 0x20, 0x8f, 0x83, 0xfb, 0xb9,
  0xff, 0xbb, 0x9f, 0xfb, 0xb9, 0xc0, 0x01, 0xae, 0x06, 0x20, 0x30, 0x95,
  0x09, 0x01, 0x06, 0x10, 0x04, 0x0e, 0x06, 0x23, 0x20, 0x2d, 0x80, 0x80,
  0x16, 0x80, 0x01, 0xae, 0x08, 0x21, 0x5d, 0x0f, 0x61, 0xd8, 0x00, 0x43,
  0xb0, 0xac, 0x01, 0x8e, 0x8e, 0x18, 0x07, 0xea, 0xeb, 0xde, 0x41, 0x2e,
  0x3e, 0xc3, 0x01, 0x91, 0x0c, 0x18, 0x33, 0x01, 0x88, 0xe7, 0x7e, 0x40,
  0xb6, 0xf7, 0x44, 0x01, 0x9e, 0x8c, 0x10, 0x5e, 0x2e, 0x22, 0x1a, 0xa0,
  0x10, 0x01, 0x8e, 0x8e, 0x15, 0x7f, 0xfb, 0x19, 0xb9, 0xc0, 0x01, 0x8e,
  0x0e, 0x21, 0x9f, 0x87, 0x73, 0x39, 0xae, 0x67, 0x92, 0x23, 0xca, 0x01,
  0x94, 0x0a, 0x20, 0x41, 0xc8, 0x03, 0xb0, 0x80, 0x1a, 0x6a, 0x21, 0x39,
  0x81, 0x08, 0x04, 0x08, 0x2b, 0x58, 0x87, 0xa1, 0x84, 0xeb, 0x18, 0x75,
  0x82, 0x8d, 0x98, 0x0c, 0x04, 0x0c, 0x28, 0x04, 0x20, 0x1b, 0x78, 0x40,
  0x24, 0x40, 0x80, 0xe8, 0xef, 0x18, 0xf3, 0xcd, 0x98, 0x0c, 0x05, 0x0c,
  0x30, 0x04, 0x20, 0x1b, 0x78, 0x40, 0x24, 0x40, 0x80, 0xe8, 0xf7, 0x0c,
  0x79, 0xea, 0xcc, 0x0f, 0xfc, 0xa0, 0x0a, 0x03, 0x8a, 0x30, 0x01, 0xb4,
  0x80, 0x03, 0xc4, 0x17, 0x10, 0x02, 0x5f, 0x52, 0x2b, 0x48, 0x81, 0x99,
  0x00, 0x0a, 0x05, 0x0a, 0x30, 0x00, 0xe4, 0x80, 0x11, 0xc4, 0x0c, 0x02,
  0x05, 0x1f, 0x04, 0x01, 0xc5, 0x7f, 0x64, 0x0e, 0x04, 0x0c, 0x28, 0x08,
  0x00, 0x40, 0x7a, 0xcf, 0xa4, 0x57, 0x49, 0x70, 0x36, 0x98, 0x88, 0x17,
  0x3a, 0x88, 0x0e, 0x04, 0x0c, 0x28, 0x08, 0x00, 0x40, 0x7a, 0xcf, 0xa4,
  0x57, 0x49, 0x70, 0x36, 0x98, 0x88, 0x17, 0x3a, 0x88, 0x0e, 0x14, 0x0a,
  0x24, 0x7f, 0xcb, 0x39, 0x92, 0x36, 0xd5, 0x2f, 0x2c, 0x16, 0x40, 0x10,
  0x00, 0x10, 0x40, 0x19, 0x80, 0x23, 0x30, 0xe6, 0x80, 0x07, 0x34, 0x03,
  0xff, 0xac, 0x37, 0x6a, 0x00, 0xe4, 0x48, 0x00, 0x01, 0x94, 0x0c, 0x20,
  0x99, 0xe1, 0x7c, 0xcc, 0xed, 0xff, 0x08, 0x07, 0x5a, 0x00, 0x01, 0x61,
  0x94, 0x10, 0x22, 0x7e, 0x31, 0xbb, 0xfd, 0xc0, 0x0c, 0x02, 0x0c, 0x11,
  0xff, 0xed, 0x2a, 0xad, 0x20, 0x01, 0x9e, 0x08, 0x20, 0x19, 0xc3, 0x9f,
  0x80, 0x08, 0x01, 0x38, 0x30, 0x01, 0x9e, 0x0a, 0x20, 0x22, 0x42, 0x17,
  0x72, 0x87, 0x05, 0xa0, 0x0b, 0x30, 0x00, 0x01, 0x9e, 0x0a, 0x20, 0x00,
  0xb0, 0x53, 0xb0, 0xcc, 0xb7, 0x20, 0x01, 0x57, 0xb2, 0x01, 0xae, 0x08,
  0x26, 0x18, 0x00, 0xf7, 0x98, 0x1a, 0xd2, 0xe5, 0x48, 0x01, 0xae, 0x08,
  0x20, 0x41, 0x80, 0x19, 0x43, 0x86, 0x5b, 0x6e, 0xce, 0x01, 0xa3, 0x86,
  0x28, 0xd2, 0x2a, 0xc8, 0x24, 0xa2, 0x0b, 0xe6, 0x0e, 0x02, 0x0e, 0x16,
  0xff, 0xf1, 0x5c, 0x47, 0x18, 0x0e, 0x02, 0x8e, 0x30, 0x18, 0x81, 0x10,
  0x13, 0x3c, 0xb7, 0x42, 0x42, 0xa2, 0x04, 0x2a, 0x56, 0x63, 0x80, 0x75,
  0x40, 0xad, 0x00, 0x35, 0x02, 0x60, 0x00, 0x08, 0x01, 0x8a, 0x28, 0x04,
  0x20, 0x13, 0x78, 0x1e, 0x4b, 0x86, 0x3e, 0xc8, 0x5d, 0x88, 0x00, 0x0c,
  0x01, 0x0c, 0x30, 0x06, 0x27, 0x00, 0x0c, 0xed, 0x83, 0x7b, 0x2e, 0xea,
  0x4b, 0x28, 0x4e, 0xb0, 0xc0, 0x1c, 0xa0, 0x18, 0x00, 0x0e, 0x06, 0x20,
  0x18, 0xae, 0x3e, 0x0b, 0x56, 0x80, 0x00, 0x00
};
const uint32_t interdisplay_bold_14_bin_len = 41336;
